[0.658s] DEBUG:colcon:Command line arguments: ['/usr/bin/colcon', 'build', '--packages-select', 'vio_perception_pipeline']
[0.659s] DEBUG:colcon:Parsed command line arguments: Namespace(log_base=None, log_level=None, verb_name='build', build_base='build', install_base='install', merge_install=False, symlink_install=False, test_result_base=None, continue_on_error=False, executor='parallel', parallel_workers=6, event_handlers=None, ignore_user_meta=False, metas=['./colcon.meta'], base_paths=['.'], packages_ignore=None, packages_ignore_regex=None, paths=None, packages_up_to=None, packages_up_to_regex=None, packages_above=None, packages_above_and_dependencies=None, packages_above_depth=None, packages_select_by_dep=None, packages_skip_by_dep=None, packages_skip_up_to=None, packages_select_build_failed=False, packages_skip_build_finished=False, packages_select_test_failures=False, packages_skip_test_passed=False, packages_select=['vio_perception_pipeline'], packages_skip=None, packages_select_regex=None, packages_skip_regex=None, packages_start=None, packages_end=None, allow_overriding=[], cmake_args=None, cmake_target=None, cmake_target_skip_unavailable=False, cmake_clean_cache=False, cmake_clean_first=False, cmake_force_configure=False, ament_cmake_args=None, catkin_cmake_args=None, catkin_skip_building_tests=False, mixin_files=None, mixin=None, verb_parser=<colcon_mixin.mixin.mixin_argument.MixinArgumentDecorator object at 0xffff9021a560>, verb_extension=<colcon_core.verb.build.BuildVerb object at 0xffff904a8910>, main=<bound method BuildVerb.main of <colcon_core.verb.build.BuildVerb object at 0xffff904a8910>>, mixin_verb=('build',))
[1.297s] Level 1:colcon.colcon_core.package_discovery:discover_packages(colcon_meta) check parameters
[1.298s] Level 1:colcon.colcon_core.package_discovery:discover_packages(recursive) check parameters
[1.298s] Level 1:colcon.colcon_core.package_discovery:discover_packages(ignore) check parameters
[1.298s] Level 1:colcon.colcon_core.package_discovery:discover_packages(path) check parameters
[1.298s] Level 1:colcon.colcon_core.package_discovery:discover_packages(colcon_meta) discover
[1.298s] Level 1:colcon.colcon_core.package_discovery:discover_packages(recursive) discover
[1.298s] INFO:colcon.colcon_core.package_discovery:Crawling recursively for packages in '/home/group7/Desktop/VIO_autonomous_drone'
[1.298s] Level 1:colcon.colcon_core.package_identification:_identify(.) by extensions ['ignore', 'ignore_ament_install']
[1.332s] Level 1:colcon.colcon_core.package_identification:_identify(.) by extension 'ignore'
[1.332s] Level 1:colcon.colcon_core.package_identification:_identify(.) by extension 'ignore_ament_install'
[1.333s] Level 1:colcon.colcon_core.package_identification:_identify(.) by extensions ['colcon_pkg']
[1.333s] Level 1:colcon.colcon_core.package_identification:_identify(.) by extension 'colcon_pkg'
[1.333s] Level 1:colcon.colcon_core.package_identification:_identify(.) by extensions ['colcon_meta']
[1.333s] Level 1:colcon.colcon_core.package_identification:_identify(.) by extension 'colcon_meta'
[1.333s] Level 1:colcon.colcon_core.package_identification:_identify(.) by extensions ['ros']
[1.333s] Level 1:colcon.colcon_core.package_identification:_identify(.) by extension 'ros'
[1.358s] Level 1:colcon.colcon_core.package_identification:_identify(.) by extensions ['cmake', 'python']
[1.358s] Level 1:colcon.colcon_core.package_identification:_identify(.) by extension 'cmake'
[1.358s] Level 1:colcon.colcon_core.package_identification:_identify(.) by extension 'python'
[1.359s] Level 1:colcon.colcon_core.package_identification:_identify(.) by extensions ['python_setup_py']
[1.359s] Level 1:colcon.colcon_core.package_identification:_identify(.) by extension 'python_setup_py'
[1.359s] Level 1:colcon.colcon_core.package_identification:_identify(build) by extensions ['ignore', 'ignore_ament_install']
[1.359s] Level 1:colcon.colcon_core.package_identification:_identify(build) by extension 'ignore'
[1.359s] Level 1:colcon.colcon_core.package_identification:_identify(build) ignored
[1.360s] Level 1:colcon.colcon_core.package_identification:_identify(install) by extensions ['ignore', 'ignore_ament_install']
[1.360s] Level 1:colcon.colcon_core.package_identification:_identify(install) by extension 'ignore'
[1.360s] Level 1:colcon.colcon_core.package_identification:_identify(install) ignored
[1.360s] Level 1:colcon.colcon_core.package_identification:_identify(log) by extensions ['ignore', 'ignore_ament_install']
[1.360s] Level 1:colcon.colcon_core.package_identification:_identify(log) by extension 'ignore'
[1.360s] Level 1:colcon.colcon_core.package_identification:_identify(log) ignored
[1.361s] Level 1:colcon.colcon_core.package_identification:_identify(ros2_ws) by extensions ['ignore', 'ignore_ament_install']
[1.361s] Level 1:colcon.colcon_core.package_identification:_identify(ros2_ws) by extension 'ignore'
[1.361s] Level 1:colcon.colcon_core.package_identification:_identify(ros2_ws) by extension 'ignore_ament_install'
[1.361s] Level 1:colcon.colcon_core.package_identification:_identify(ros2_ws) by extensions ['colcon_pkg']
[1.361s] Level 1:colcon.colcon_core.package_identification:_identify(ros2_ws) by extension 'colcon_pkg'
[1.361s] Level 1:colcon.colcon_core.package_identification:_identify(ros2_ws) by extensions ['colcon_meta']
[1.361s] Level 1:colcon.colcon_core.package_identification:_identify(ros2_ws) by extension 'colcon_meta'
[1.361s] Level 1:colcon.colcon_core.package_identification:_identify(ros2_ws) by extensions ['ros']
[1.361s] Level 1:colcon.colcon_core.package_identification:_identify(ros2_ws) by extension 'ros'
[1.362s] Level 1:colcon.colcon_core.package_identification:_identify(ros2_ws) by extensions ['cmake', 'python']
[1.362s] Level 1:colcon.colcon_core.package_identification:_identify(ros2_ws) by extension 'cmake'
[1.362s] Level 1:colcon.colcon_core.package_identification:_identify(ros2_ws) by extension 'python'
[1.362s] Level 1:colcon.colcon_core.package_identification:_identify(ros2_ws) by extensions ['python_setup_py']
[1.362s] Level 1:colcon.colcon_core.package_identification:_identify(ros2_ws) by extension 'python_setup_py'
[1.362s] Level 1:colcon.colcon_core.package_identification:_identify(ros2_ws/build) by extensions ['ignore', 'ignore_ament_install']
[1.362s] Level 1:colcon.colcon_core.package_identification:_identify(ros2_ws/build) by extension 'ignore'
[1.363s] Level 1:colcon.colcon_core.package_identification:_identify(ros2_ws/build) ignored
[1.363s] Level 1:colcon.colcon_core.package_identification:_identify(ros2_ws/install) by extensions ['ignore', 'ignore_ament_install']
[1.363s] Level 1:colcon.colcon_core.package_identification:_identify(ros2_ws/install) by extension 'ignore'
[1.363s] Level 1:colcon.colcon_core.package_identification:_identify(ros2_ws/install) ignored
[1.363s] Level 1:colcon.colcon_core.package_identification:_identify(ros2_ws/log) by extensions ['ignore', 'ignore_ament_install']
[1.363s] Level 1:colcon.colcon_core.package_identification:_identify(ros2_ws/log) by extension 'ignore'
[1.364s] Level 1:colcon.colcon_core.package_identification:_identify(ros2_ws/log) ignored
[1.364s] Level 1:colcon.colcon_core.package_identification:_identify(ros2_ws/rtabmap_odom_cuda) by extensions ['ignore', 'ignore_ament_install']
[1.364s] Level 1:colcon.colcon_core.package_identification:_identify(ros2_ws/rtabmap_odom_cuda) by extension 'ignore'
[1.364s] Level 1:colcon.colcon_core.package_identification:_identify(ros2_ws/rtabmap_odom_cuda) by extension 'ignore_ament_install'
[1.364s] Level 1:colcon.colcon_core.package_identification:_identify(ros2_ws/rtabmap_odom_cuda) by extensions ['colcon_pkg']
[1.364s] Level 1:colcon.colcon_core.package_identification:_identify(ros2_ws/rtabmap_odom_cuda) by extension 'colcon_pkg'
[1.364s] Level 1:colcon.colcon_core.package_identification:_identify(ros2_ws/rtabmap_odom_cuda) by extensions ['colcon_meta']
[1.364s] Level 1:colcon.colcon_core.package_identification:_identify(ros2_ws/rtabmap_odom_cuda) by extension 'colcon_meta'
[1.365s] Level 1:colcon.colcon_core.package_identification:_identify(ros2_ws/rtabmap_odom_cuda) by extensions ['ros']
[1.365s] Level 1:colcon.colcon_core.package_identification:_identify(ros2_ws/rtabmap_odom_cuda) by extension 'ros'
[1.375s] DEBUG:colcon.colcon_core.package_identification:Package 'ros2_ws/rtabmap_odom_cuda' with type 'ros.ament_cmake' and name 'rtabmap_odom_cuda'
[1.375s] Level 1:colcon.colcon_core.package_identification:_identify(ros2_ws/src) by extensions ['ignore', 'ignore_ament_install']
[1.376s] Level 1:colcon.colcon_core.package_identification:_identify(ros2_ws/src) by extension 'ignore'
[1.376s] Level 1:colcon.colcon_core.package_identification:_identify(ros2_ws/src) by extension 'ignore_ament_install'
[1.376s] Level 1:colcon.colcon_core.package_identification:_identify(ros2_ws/src) by extensions ['colcon_pkg']
[1.376s] Level 1:colcon.colcon_core.package_identification:_identify(ros2_ws/src) by extension 'colcon_pkg'
[1.376s] Level 1:colcon.colcon_core.package_identification:_identify(ros2_ws/src) by extensions ['colcon_meta']
[1.376s] Level 1:colcon.colcon_core.package_identification:_identify(ros2_ws/src) by extension 'colcon_meta'
[1.376s] Level 1:colcon.colcon_core.package_identification:_identify(ros2_ws/src) by extensions ['ros']
[1.376s] Level 1:colcon.colcon_core.package_identification:_identify(ros2_ws/src) by extension 'ros'
[1.377s] Level 1:colcon.colcon_core.package_identification:_identify(ros2_ws/src) by extensions ['cmake', 'python']
[1.377s] Level 1:colcon.colcon_core.package_identification:_identify(ros2_ws/src) by extension 'cmake'
[1.377s] Level 1:colcon.colcon_core.package_identification:_identify(ros2_ws/src) by extension 'python'
[1.377s] Level 1:colcon.colcon_core.package_identification:_identify(ros2_ws/src) by extensions ['python_setup_py']
[1.377s] Level 1:colcon.colcon_core.package_identification:_identify(ros2_ws/src) by extension 'python_setup_py'
[1.377s] Level 1:colcon.colcon_core.package_identification:_identify(ros2_ws/src/VINS-Fusion-ROS2-humble) by extensions ['ignore', 'ignore_ament_install']
[1.377s] Level 1:colcon.colcon_core.package_identification:_identify(ros2_ws/src/VINS-Fusion-ROS2-humble) by extension 'ignore'
[1.377s] Level 1:colcon.colcon_core.package_identification:_identify(ros2_ws/src/VINS-Fusion-ROS2-humble) by extension 'ignore_ament_install'
[1.378s] Level 1:colcon.colcon_core.package_identification:_identify(ros2_ws/src/VINS-Fusion-ROS2-humble) by extensions ['colcon_pkg']
[1.378s] Level 1:colcon.colcon_core.package_identification:_identify(ros2_ws/src/VINS-Fusion-ROS2-humble) by extension 'colcon_pkg'
[1.378s] Level 1:colcon.colcon_core.package_identification:_identify(ros2_ws/src/VINS-Fusion-ROS2-humble) by extensions ['colcon_meta']
[1.378s] Level 1:colcon.colcon_core.package_identification:_identify(ros2_ws/src/VINS-Fusion-ROS2-humble) by extension 'colcon_meta'
[1.378s] Level 1:colcon.colcon_core.package_identification:_identify(ros2_ws/src/VINS-Fusion-ROS2-humble) by extensions ['ros']
[1.378s] Level 1:colcon.colcon_core.package_identification:_identify(ros2_ws/src/VINS-Fusion-ROS2-humble) by extension 'ros'
[1.378s] Level 1:colcon.colcon_core.package_identification:_identify(ros2_ws/src/VINS-Fusion-ROS2-humble) by extensions ['cmake', 'python']
[1.378s] Level 1:colcon.colcon_core.package_identification:_identify(ros2_ws/src/VINS-Fusion-ROS2-humble) by extension 'cmake'
[1.378s] Level 1:colcon.colcon_core.package_identification:_identify(ros2_ws/src/VINS-Fusion-ROS2-humble) by extension 'python'
[1.378s] Level 1:colcon.colcon_core.package_identification:_identify(ros2_ws/src/VINS-Fusion-ROS2-humble) by extensions ['python_setup_py']
[1.378s] Level 1:colcon.colcon_core.package_identification:_identify(ros2_ws/src/VINS-Fusion-ROS2-humble) by extension 'python_setup_py'
[1.379s] Level 1:colcon.colcon_core.package_identification:_identify(ros2_ws/src/VINS-Fusion-ROS2-humble/camera_models) by extensions ['ignore', 'ignore_ament_install']
[1.379s] Level 1:colcon.colcon_core.package_identification:_identify(ros2_ws/src/VINS-Fusion-ROS2-humble/camera_models) by extension 'ignore'
[1.379s] Level 1:colcon.colcon_core.package_identification:_identify(ros2_ws/src/VINS-Fusion-ROS2-humble/camera_models) by extension 'ignore_ament_install'
[1.379s] Level 1:colcon.colcon_core.package_identification:_identify(ros2_ws/src/VINS-Fusion-ROS2-humble/camera_models) by extensions ['colcon_pkg']
[1.379s] Level 1:colcon.colcon_core.package_identification:_identify(ros2_ws/src/VINS-Fusion-ROS2-humble/camera_models) by extension 'colcon_pkg'
[1.379s] Level 1:colcon.colcon_core.package_identification:_identify(ros2_ws/src/VINS-Fusion-ROS2-humble/camera_models) by extensions ['colcon_meta']
[1.379s] Level 1:colcon.colcon_core.package_identification:_identify(ros2_ws/src/VINS-Fusion-ROS2-humble/camera_models) by extension 'colcon_meta'
[1.380s] Level 1:colcon.colcon_core.package_identification:_identify(ros2_ws/src/VINS-Fusion-ROS2-humble/camera_models) by extensions ['ros']
[1.380s] Level 1:colcon.colcon_core.package_identification:_identify(ros2_ws/src/VINS-Fusion-ROS2-humble/camera_models) by extension 'ros'
[1.381s] DEBUG:colcon.colcon_core.package_identification:Package 'ros2_ws/src/VINS-Fusion-ROS2-humble/camera_models' with type 'ros.ament_cmake' and name 'camera_models'
[1.381s] Level 1:colcon.colcon_core.package_identification:_identify(ros2_ws/src/VINS-Fusion-ROS2-humble/config) by extensions ['ignore', 'ignore_ament_install']
[1.382s] Level 1:colcon.colcon_core.package_identification:_identify(ros2_ws/src/VINS-Fusion-ROS2-humble/config) by extension 'ignore'
[1.382s] Level 1:colcon.colcon_core.package_identification:_identify(ros2_ws/src/VINS-Fusion-ROS2-humble/config) by extension 'ignore_ament_install'
[1.382s] Level 1:colcon.colcon_core.package_identification:_identify(ros2_ws/src/VINS-Fusion-ROS2-humble/config) by extensions ['colcon_pkg']
[1.382s] Level 1:colcon.colcon_core.package_identification:_identify(ros2_ws/src/VINS-Fusion-ROS2-humble/config) by extension 'colcon_pkg'
[1.382s] Level 1:colcon.colcon_core.package_identification:_identify(ros2_ws/src/VINS-Fusion-ROS2-humble/config) by extensions ['colcon_meta']
[1.382s] Level 1:colcon.colcon_core.package_identification:_identify(ros2_ws/src/VINS-Fusion-ROS2-humble/config) by extension 'colcon_meta'
[1.382s] Level 1:colcon.colcon_core.package_identification:_identify(ros2_ws/src/VINS-Fusion-ROS2-humble/config) by extensions ['ros']
[1.382s] Level 1:colcon.colcon_core.package_identification:_identify(ros2_ws/src/VINS-Fusion-ROS2-humble/config) by extension 'ros'
[1.382s] Level 1:colcon.colcon_core.package_identification:_identify(ros2_ws/src/VINS-Fusion-ROS2-humble/config) by extensions ['cmake', 'python']
[1.383s] Level 1:colcon.colcon_core.package_identification:_identify(ros2_ws/src/VINS-Fusion-ROS2-humble/config) by extension 'cmake'
[1.383s] Level 1:colcon.colcon_core.package_identification:_identify(ros2_ws/src/VINS-Fusion-ROS2-humble/config) by extension 'python'
[1.383s] Level 1:colcon.colcon_core.package_identification:_identify(ros2_ws/src/VINS-Fusion-ROS2-humble/config) by extensions ['python_setup_py']
[1.383s] Level 1:colcon.colcon_core.package_identification:_identify(ros2_ws/src/VINS-Fusion-ROS2-humble/config) by extension 'python_setup_py'
[1.383s] Level 1:colcon.colcon_core.package_identification:_identify(ros2_ws/src/VINS-Fusion-ROS2-humble/config/A3_ptgrey) by extensions ['ignore', 'ignore_ament_install']
[1.383s] Level 1:colcon.colcon_core.package_identification:_identify(ros2_ws/src/VINS-Fusion-ROS2-humble/config/A3_ptgrey) by extension 'ignore'
[1.383s] Level 1:colcon.colcon_core.package_identification:_identify(ros2_ws/src/VINS-Fusion-ROS2-humble/config/A3_ptgrey) by extension 'ignore_ament_install'
[1.383s] Level 1:colcon.colcon_core.package_identification:_identify(ros2_ws/src/VINS-Fusion-ROS2-humble/config/A3_ptgrey) by extensions ['colcon_pkg']
[1.384s] Level 1:colcon.colcon_core.package_identification:_identify(ros2_ws/src/VINS-Fusion-ROS2-humble/config/A3_ptgrey) by extension 'colcon_pkg'
[1.384s] Level 1:colcon.colcon_core.package_identification:_identify(ros2_ws/src/VINS-Fusion-ROS2-humble/config/A3_ptgrey) by extensions ['colcon_meta']
[1.384s] Level 1:colcon.colcon_core.package_identification:_identify(ros2_ws/src/VINS-Fusion-ROS2-humble/config/A3_ptgrey) by extension 'colcon_meta'
[1.384s] Level 1:colcon.colcon_core.package_identification:_identify(ros2_ws/src/VINS-Fusion-ROS2-humble/config/A3_ptgrey) by extensions ['ros']
[1.384s] Level 1:colcon.colcon_core.package_identification:_identify(ros2_ws/src/VINS-Fusion-ROS2-humble/config/A3_ptgrey) by extension 'ros'
[1.384s] Level 1:colcon.colcon_core.package_identification:_identify(ros2_ws/src/VINS-Fusion-ROS2-humble/config/A3_ptgrey) by extensions ['cmake', 'python']
[1.384s] Level 1:colcon.colcon_core.package_identification:_identify(ros2_ws/src/VINS-Fusion-ROS2-humble/config/A3_ptgrey) by extension 'cmake'
[1.384s] Level 1:colcon.colcon_core.package_identification:_identify(ros2_ws/src/VINS-Fusion-ROS2-humble/config/A3_ptgrey) by extension 'python'
[1.384s] Level 1:colcon.colcon_core.package_identification:_identify(ros2_ws/src/VINS-Fusion-ROS2-humble/config/A3_ptgrey) by extensions ['python_setup_py']
[1.384s] Level 1:colcon.colcon_core.package_identification:_identify(ros2_ws/src/VINS-Fusion-ROS2-humble/config/A3_ptgrey) by extension 'python_setup_py'
[1.385s] Level 1:colcon.colcon_core.package_identification:_identify(ros2_ws/src/VINS-Fusion-ROS2-humble/config/euroc) by extensions ['ignore', 'ignore_ament_install']
[1.385s] Level 1:colcon.colcon_core.package_identification:_identify(ros2_ws/src/VINS-Fusion-ROS2-humble/config/euroc) by extension 'ignore'
[1.385s] Level 1:colcon.colcon_core.package_identification:_identify(ros2_ws/src/VINS-Fusion-ROS2-humble/config/euroc) by extension 'ignore_ament_install'
[1.385s] Level 1:colcon.colcon_core.package_identification:_identify(ros2_ws/src/VINS-Fusion-ROS2-humble/config/euroc) by extensions ['colcon_pkg']
[1.385s] Level 1:colcon.colcon_core.package_identification:_identify(ros2_ws/src/VINS-Fusion-ROS2-humble/config/euroc) by extension 'colcon_pkg'
[1.385s] Level 1:colcon.colcon_core.package_identification:_identify(ros2_ws/src/VINS-Fusion-ROS2-humble/config/euroc) by extensions ['colcon_meta']
[1.385s] Level 1:colcon.colcon_core.package_identification:_identify(ros2_ws/src/VINS-Fusion-ROS2-humble/config/euroc) by extension 'colcon_meta'
[1.385s] Level 1:colcon.colcon_core.package_identification:_identify(ros2_ws/src/VINS-Fusion-ROS2-humble/config/euroc) by extensions ['ros']
[1.385s] Level 1:colcon.colcon_core.package_identification:_identify(ros2_ws/src/VINS-Fusion-ROS2-humble/config/euroc) by extension 'ros'
[1.386s] Level 1:colcon.colcon_core.package_identification:_identify(ros2_ws/src/VINS-Fusion-ROS2-humble/config/euroc) by extensions ['cmake', 'python']
[1.386s] Level 1:colcon.colcon_core.package_identification:_identify(ros2_ws/src/VINS-Fusion-ROS2-humble/config/euroc) by extension 'cmake'
[1.386s] Level 1:colcon.colcon_core.package_identification:_identify(ros2_ws/src/VINS-Fusion-ROS2-humble/config/euroc) by extension 'python'
[1.386s] Level 1:colcon.colcon_core.package_identification:_identify(ros2_ws/src/VINS-Fusion-ROS2-humble/config/euroc) by extensions ['python_setup_py']
[1.386s] Level 1:colcon.colcon_core.package_identification:_identify(ros2_ws/src/VINS-Fusion-ROS2-humble/config/euroc) by extension 'python_setup_py'
[1.386s] Level 1:colcon.colcon_core.package_identification:_identify(ros2_ws/src/VINS-Fusion-ROS2-humble/config/kitti_odom) by extensions ['ignore', 'ignore_ament_install']
[1.386s] Level 1:colcon.colcon_core.package_identification:_identify(ros2_ws/src/VINS-Fusion-ROS2-humble/config/kitti_odom) by extension 'ignore'
[1.386s] Level 1:colcon.colcon_core.package_identification:_identify(ros2_ws/src/VINS-Fusion-ROS2-humble/config/kitti_odom) by extension 'ignore_ament_install'
[1.387s] Level 1:colcon.colcon_core.package_identification:_identify(ros2_ws/src/VINS-Fusion-ROS2-humble/config/kitti_odom) by extensions ['colcon_pkg']
[1.387s] Level 1:colcon.colcon_core.package_identification:_identify(ros2_ws/src/VINS-Fusion-ROS2-humble/config/kitti_odom) by extension 'colcon_pkg'
[1.387s] Level 1:colcon.colcon_core.package_identification:_identify(ros2_ws/src/VINS-Fusion-ROS2-humble/config/kitti_odom) by extensions ['colcon_meta']
[1.387s] Level 1:colcon.colcon_core.package_identification:_identify(ros2_ws/src/VINS-Fusion-ROS2-humble/config/kitti_odom) by extension 'colcon_meta'
[1.387s] Level 1:colcon.colcon_core.package_identification:_identify(ros2_ws/src/VINS-Fusion-ROS2-humble/config/kitti_odom) by extensions ['ros']
[1.387s] Level 1:colcon.colcon_core.package_identification:_identify(ros2_ws/src/VINS-Fusion-ROS2-humble/config/kitti_odom) by extension 'ros'
[1.387s] Level 1:colcon.colcon_core.package_identification:_identify(ros2_ws/src/VINS-Fusion-ROS2-humble/config/kitti_odom) by extensions ['cmake', 'python']
[1.387s] Level 1:colcon.colcon_core.package_identification:_identify(ros2_ws/src/VINS-Fusion-ROS2-humble/config/kitti_odom) by extension 'cmake'
[1.387s] Level 1:colcon.colcon_core.package_identification:_identify(ros2_ws/src/VINS-Fusion-ROS2-humble/config/kitti_odom) by extension 'python'
[1.388s] Level 1:colcon.colcon_core.package_identification:_identify(ros2_ws/src/VINS-Fusion-ROS2-humble/config/kitti_odom) by extensions ['python_setup_py']
[1.388s] Level 1:colcon.colcon_core.package_identification:_identify(ros2_ws/src/VINS-Fusion-ROS2-humble/config/kitti_odom) by extension 'python_setup_py'
[1.388s] Level 1:colcon.colcon_core.package_identification:_identify(ros2_ws/src/VINS-Fusion-ROS2-humble/config/kitti_raw) by extensions ['ignore', 'ignore_ament_install']
[1.388s] Level 1:colcon.colcon_core.package_identification:_identify(ros2_ws/src/VINS-Fusion-ROS2-humble/config/kitti_raw) by extension 'ignore'
[1.388s] Level 1:colcon.colcon_core.package_identification:_identify(ros2_ws/src/VINS-Fusion-ROS2-humble/config/kitti_raw) by extension 'ignore_ament_install'
[1.388s] Level 1:colcon.colcon_core.package_identification:_identify(ros2_ws/src/VINS-Fusion-ROS2-humble/config/kitti_raw) by extensions ['colcon_pkg']
[1.388s] Level 1:colcon.colcon_core.package_identification:_identify(ros2_ws/src/VINS-Fusion-ROS2-humble/config/kitti_raw) by extension 'colcon_pkg'
[1.388s] Level 1:colcon.colcon_core.package_identification:_identify(ros2_ws/src/VINS-Fusion-ROS2-humble/config/kitti_raw) by extensions ['colcon_meta']
[1.388s] Level 1:colcon.colcon_core.package_identification:_identify(ros2_ws/src/VINS-Fusion-ROS2-humble/config/kitti_raw) by extension 'colcon_meta'
[1.389s] Level 1:colcon.colcon_core.package_identification:_identify(ros2_ws/src/VINS-Fusion-ROS2-humble/config/kitti_raw) by extensions ['ros']
[1.389s] Level 1:colcon.colcon_core.package_identification:_identify(ros2_ws/src/VINS-Fusion-ROS2-humble/config/kitti_raw) by extension 'ros'
[1.389s] Level 1:colcon.colcon_core.package_identification:_identify(ros2_ws/src/VINS-Fusion-ROS2-humble/config/kitti_raw) by extensions ['cmake', 'python']
[1.389s] Level 1:colcon.colcon_core.package_identification:_identify(ros2_ws/src/VINS-Fusion-ROS2-humble/config/kitti_raw) by extension 'cmake'
[1.389s] Level 1:colcon.colcon_core.package_identification:_identify(ros2_ws/src/VINS-Fusion-ROS2-humble/config/kitti_raw) by extension 'python'
[1.389s] Level 1:colcon.colcon_core.package_identification:_identify(ros2_ws/src/VINS-Fusion-ROS2-humble/config/kitti_raw) by extensions ['python_setup_py']
[1.389s] Level 1:colcon.colcon_core.package_identification:_identify(ros2_ws/src/VINS-Fusion-ROS2-humble/config/kitti_raw) by extension 'python_setup_py'
[1.389s] Level 1:colcon.colcon_core.package_identification:_identify(ros2_ws/src/VINS-Fusion-ROS2-humble/config/mynteye) by extensions ['ignore', 'ignore_ament_install']
[1.390s] Level 1:colcon.colcon_core.package_identification:_identify(ros2_ws/src/VINS-Fusion-ROS2-humble/config/mynteye) by extension 'ignore'
[1.390s] Level 1:colcon.colcon_core.package_identification:_identify(ros2_ws/src/VINS-Fusion-ROS2-humble/config/mynteye) by extension 'ignore_ament_install'
[1.390s] Level 1:colcon.colcon_core.package_identification:_identify(ros2_ws/src/VINS-Fusion-ROS2-humble/config/mynteye) by extensions ['colcon_pkg']
[1.390s] Level 1:colcon.colcon_core.package_identification:_identify(ros2_ws/src/VINS-Fusion-ROS2-humble/config/mynteye) by extension 'colcon_pkg'
[1.390s] Level 1:colcon.colcon_core.package_identification:_identify(ros2_ws/src/VINS-Fusion-ROS2-humble/config/mynteye) by extensions ['colcon_meta']
[1.390s] Level 1:colcon.colcon_core.package_identification:_identify(ros2_ws/src/VINS-Fusion-ROS2-humble/config/mynteye) by extension 'colcon_meta'
[1.390s] Level 1:colcon.colcon_core.package_identification:_identify(ros2_ws/src/VINS-Fusion-ROS2-humble/config/mynteye) by extensions ['ros']
[1.390s] Level 1:colcon.colcon_core.package_identification:_identify(ros2_ws/src/VINS-Fusion-ROS2-humble/config/mynteye) by extension 'ros'
[1.390s] Level 1:colcon.colcon_core.package_identification:_identify(ros2_ws/src/VINS-Fusion-ROS2-humble/config/mynteye) by extensions ['cmake', 'python']
[1.390s] Level 1:colcon.colcon_core.package_identification:_identify(ros2_ws/src/VINS-Fusion-ROS2-humble/config/mynteye) by extension 'cmake'
[1.391s] Level 1:colcon.colcon_core.package_identification:_identify(ros2_ws/src/VINS-Fusion-ROS2-humble/config/mynteye) by extension 'python'
[1.391s] Level 1:colcon.colcon_core.package_identification:_identify(ros2_ws/src/VINS-Fusion-ROS2-humble/config/mynteye) by extensions ['python_setup_py']
[1.391s] Level 1:colcon.colcon_core.package_identification:_identify(ros2_ws/src/VINS-Fusion-ROS2-humble/config/mynteye) by extension 'python_setup_py'
[1.391s] Level 1:colcon.colcon_core.package_identification:_identify(ros2_ws/src/VINS-Fusion-ROS2-humble/config/realsense_d435i) by extensions ['ignore', 'ignore_ament_install']
[1.391s] Level 1:colcon.colcon_core.package_identification:_identify(ros2_ws/src/VINS-Fusion-ROS2-humble/config/realsense_d435i) by extension 'ignore'
[1.391s] Level 1:colcon.colcon_core.package_identification:_identify(ros2_ws/src/VINS-Fusion-ROS2-humble/config/realsense_d435i) by extension 'ignore_ament_install'
[1.391s] Level 1:colcon.colcon_core.package_identification:_identify(ros2_ws/src/VINS-Fusion-ROS2-humble/config/realsense_d435i) by extensions ['colcon_pkg']
[1.391s] Level 1:colcon.colcon_core.package_identification:_identify(ros2_ws/src/VINS-Fusion-ROS2-humble/config/realsense_d435i) by extension 'colcon_pkg'
[1.392s] Level 1:colcon.colcon_core.package_identification:_identify(ros2_ws/src/VINS-Fusion-ROS2-humble/config/realsense_d435i) by extensions ['colcon_meta']
[1.392s] Level 1:colcon.colcon_core.package_identification:_identify(ros2_ws/src/VINS-Fusion-ROS2-humble/config/realsense_d435i) by extension 'colcon_meta'
[1.392s] Level 1:colcon.colcon_core.package_identification:_identify(ros2_ws/src/VINS-Fusion-ROS2-humble/config/realsense_d435i) by extensions ['ros']
[1.392s] Level 1:colcon.colcon_core.package_identification:_identify(ros2_ws/src/VINS-Fusion-ROS2-humble/config/realsense_d435i) by extension 'ros'
[1.392s] Level 1:colcon.colcon_core.package_identification:_identify(ros2_ws/src/VINS-Fusion-ROS2-humble/config/realsense_d435i) by extensions ['cmake', 'python']
[1.392s] Level 1:colcon.colcon_core.package_identification:_identify(ros2_ws/src/VINS-Fusion-ROS2-humble/config/realsense_d435i) by extension 'cmake'
[1.392s] Level 1:colcon.colcon_core.package_identification:_identify(ros2_ws/src/VINS-Fusion-ROS2-humble/config/realsense_d435i) by extension 'python'
[1.392s] Level 1:colcon.colcon_core.package_identification:_identify(ros2_ws/src/VINS-Fusion-ROS2-humble/config/realsense_d435i) by extensions ['python_setup_py']
[1.392s] Level 1:colcon.colcon_core.package_identification:_identify(ros2_ws/src/VINS-Fusion-ROS2-humble/config/realsense_d435i) by extension 'python_setup_py'
[1.392s] Level 1:colcon.colcon_core.package_identification:_identify(ros2_ws/src/VINS-Fusion-ROS2-humble/config/simulation) by extensions ['ignore', 'ignore_ament_install']
[1.393s] Level 1:colcon.colcon_core.package_identification:_identify(ros2_ws/src/VINS-Fusion-ROS2-humble/config/simulation) by extension 'ignore'
[1.393s] Level 1:colcon.colcon_core.package_identification:_identify(ros2_ws/src/VINS-Fusion-ROS2-humble/config/simulation) by extension 'ignore_ament_install'
[1.393s] Level 1:colcon.colcon_core.package_identification:_identify(ros2_ws/src/VINS-Fusion-ROS2-humble/config/simulation) by extensions ['colcon_pkg']
[1.393s] Level 1:colcon.colcon_core.package_identification:_identify(ros2_ws/src/VINS-Fusion-ROS2-humble/config/simulation) by extension 'colcon_pkg'
[1.393s] Level 1:colcon.colcon_core.package_identification:_identify(ros2_ws/src/VINS-Fusion-ROS2-humble/config/simulation) by extensions ['colcon_meta']
[1.393s] Level 1:colcon.colcon_core.package_identification:_identify(ros2_ws/src/VINS-Fusion-ROS2-humble/config/simulation) by extension 'colcon_meta'
[1.393s] Level 1:colcon.colcon_core.package_identification:_identify(ros2_ws/src/VINS-Fusion-ROS2-humble/config/simulation) by extensions ['ros']
[1.393s] Level 1:colcon.colcon_core.package_identification:_identify(ros2_ws/src/VINS-Fusion-ROS2-humble/config/simulation) by extension 'ros'
[1.393s] Level 1:colcon.colcon_core.package_identification:_identify(ros2_ws/src/VINS-Fusion-ROS2-humble/config/simulation) by extensions ['cmake', 'python']
[1.394s] Level 1:colcon.colcon_core.package_identification:_identify(ros2_ws/src/VINS-Fusion-ROS2-humble/config/simulation) by extension 'cmake'
[1.394s] Level 1:colcon.colcon_core.package_identification:_identify(ros2_ws/src/VINS-Fusion-ROS2-humble/config/simulation) by extension 'python'
[1.394s] Level 1:colcon.colcon_core.package_identification:_identify(ros2_ws/src/VINS-Fusion-ROS2-humble/config/simulation) by extensions ['python_setup_py']
[1.394s] Level 1:colcon.colcon_core.package_identification:_identify(ros2_ws/src/VINS-Fusion-ROS2-humble/config/simulation) by extension 'python_setup_py'
[1.394s] Level 1:colcon.colcon_core.package_identification:_identify(ros2_ws/src/VINS-Fusion-ROS2-humble/config/vi_car) by extensions ['ignore', 'ignore_ament_install']
[1.394s] Level 1:colcon.colcon_core.package_identification:_identify(ros2_ws/src/VINS-Fusion-ROS2-humble/config/vi_car) by extension 'ignore'
[1.394s] Level 1:colcon.colcon_core.package_identification:_identify(ros2_ws/src/VINS-Fusion-ROS2-humble/config/vi_car) by extension 'ignore_ament_install'
[1.394s] Level 1:colcon.colcon_core.package_identification:_identify(ros2_ws/src/VINS-Fusion-ROS2-humble/config/vi_car) by extensions ['colcon_pkg']
[1.394s] Level 1:colcon.colcon_core.package_identification:_identify(ros2_ws/src/VINS-Fusion-ROS2-humble/config/vi_car) by extension 'colcon_pkg'
[1.395s] Level 1:colcon.colcon_core.package_identification:_identify(ros2_ws/src/VINS-Fusion-ROS2-humble/config/vi_car) by extensions ['colcon_meta']
[1.395s] Level 1:colcon.colcon_core.package_identification:_identify(ros2_ws/src/VINS-Fusion-ROS2-humble/config/vi_car) by extension 'colcon_meta'
[1.395s] Level 1:colcon.colcon_core.package_identification:_identify(ros2_ws/src/VINS-Fusion-ROS2-humble/config/vi_car) by extensions ['ros']
[1.395s] Level 1:colcon.colcon_core.package_identification:_identify(ros2_ws/src/VINS-Fusion-ROS2-humble/config/vi_car) by extension 'ros'
[1.395s] Level 1:colcon.colcon_core.package_identification:_identify(ros2_ws/src/VINS-Fusion-ROS2-humble/config/vi_car) by extensions ['cmake', 'python']
[1.395s] Level 1:colcon.colcon_core.package_identification:_identify(ros2_ws/src/VINS-Fusion-ROS2-humble/config/vi_car) by extension 'cmake'
[1.395s] Level 1:colcon.colcon_core.package_identification:_identify(ros2_ws/src/VINS-Fusion-ROS2-humble/config/vi_car) by extension 'python'
[1.395s] Level 1:colcon.colcon_core.package_identification:_identify(ros2_ws/src/VINS-Fusion-ROS2-humble/config/vi_car) by extensions ['python_setup_py']
[1.395s] Level 1:colcon.colcon_core.package_identification:_identify(ros2_ws/src/VINS-Fusion-ROS2-humble/config/vi_car) by extension 'python_setup_py'
[1.396s] Level 1:colcon.colcon_core.package_identification:_identify(ros2_ws/src/VINS-Fusion-ROS2-humble/docker) by extensions ['ignore', 'ignore_ament_install']
[1.396s] Level 1:colcon.colcon_core.package_identification:_identify(ros2_ws/src/VINS-Fusion-ROS2-humble/docker) by extension 'ignore'
[1.396s] Level 1:colcon.colcon_core.package_identification:_identify(ros2_ws/src/VINS-Fusion-ROS2-humble/docker) by extension 'ignore_ament_install'
[1.396s] Level 1:colcon.colcon_core.package_identification:_identify(ros2_ws/src/VINS-Fusion-ROS2-humble/docker) by extensions ['colcon_pkg']
[1.396s] Level 1:colcon.colcon_core.package_identification:_identify(ros2_ws/src/VINS-Fusion-ROS2-humble/docker) by extension 'colcon_pkg'
[1.396s] Level 1:colcon.colcon_core.package_identification:_identify(ros2_ws/src/VINS-Fusion-ROS2-humble/docker) by extensions ['colcon_meta']
[1.396s] Level 1:colcon.colcon_core.package_identification:_identify(ros2_ws/src/VINS-Fusion-ROS2-humble/docker) by extension 'colcon_meta'
[1.396s] Level 1:colcon.colcon_core.package_identification:_identify(ros2_ws/src/VINS-Fusion-ROS2-humble/docker) by extensions ['ros']
[1.396s] Level 1:colcon.colcon_core.package_identification:_identify(ros2_ws/src/VINS-Fusion-ROS2-humble/docker) by extension 'ros'
[1.397s] Level 1:colcon.colcon_core.package_identification:_identify(ros2_ws/src/VINS-Fusion-ROS2-humble/docker) by extensions ['cmake', 'python']
[1.397s] Level 1:colcon.colcon_core.package_identification:_identify(ros2_ws/src/VINS-Fusion-ROS2-humble/docker) by extension 'cmake'
[1.397s] Level 1:colcon.colcon_core.package_identification:_identify(ros2_ws/src/VINS-Fusion-ROS2-humble/docker) by extension 'python'
[1.397s] Level 1:colcon.colcon_core.package_identification:_identify(ros2_ws/src/VINS-Fusion-ROS2-humble/docker) by extensions ['python_setup_py']
[1.397s] Level 1:colcon.colcon_core.package_identification:_identify(ros2_ws/src/VINS-Fusion-ROS2-humble/docker) by extension 'python_setup_py'
[1.397s] Level 1:colcon.colcon_core.package_identification:_identify(ros2_ws/src/VINS-Fusion-ROS2-humble/global_fusion) by extensions ['ignore', 'ignore_ament_install']
[1.397s] Level 1:colcon.colcon_core.package_identification:_identify(ros2_ws/src/VINS-Fusion-ROS2-humble/global_fusion) by extension 'ignore'
[1.397s] Level 1:colcon.colcon_core.package_identification:_identify(ros2_ws/src/VINS-Fusion-ROS2-humble/global_fusion) by extension 'ignore_ament_install'
[1.397s] Level 1:colcon.colcon_core.package_identification:_identify(ros2_ws/src/VINS-Fusion-ROS2-humble/global_fusion) by extensions ['colcon_pkg']
[1.397s] Level 1:colcon.colcon_core.package_identification:_identify(ros2_ws/src/VINS-Fusion-ROS2-humble/global_fusion) by extension 'colcon_pkg'
[1.398s] Level 1:colcon.colcon_core.package_identification:_identify(ros2_ws/src/VINS-Fusion-ROS2-humble/global_fusion) by extensions ['colcon_meta']
[1.398s] Level 1:colcon.colcon_core.package_identification:_identify(ros2_ws/src/VINS-Fusion-ROS2-humble/global_fusion) by extension 'colcon_meta'
[1.398s] Level 1:colcon.colcon_core.package_identification:_identify(ros2_ws/src/VINS-Fusion-ROS2-humble/global_fusion) by extensions ['ros']
[1.398s] Level 1:colcon.colcon_core.package_identification:_identify(ros2_ws/src/VINS-Fusion-ROS2-humble/global_fusion) by extension 'ros'
[1.400s] DEBUG:colcon.colcon_core.package_identification:Package 'ros2_ws/src/VINS-Fusion-ROS2-humble/global_fusion' with type 'ros.ament_cmake' and name 'global_fusion'
[1.400s] Level 1:colcon.colcon_core.package_identification:_identify(ros2_ws/src/VINS-Fusion-ROS2-humble/loop_fusion) by extensions ['ignore', 'ignore_ament_install']
[1.400s] Level 1:colcon.colcon_core.package_identification:_identify(ros2_ws/src/VINS-Fusion-ROS2-humble/loop_fusion) by extension 'ignore'
[1.400s] Level 1:colcon.colcon_core.package_identification:_identify(ros2_ws/src/VINS-Fusion-ROS2-humble/loop_fusion) by extension 'ignore_ament_install'
[1.400s] Level 1:colcon.colcon_core.package_identification:_identify(ros2_ws/src/VINS-Fusion-ROS2-humble/loop_fusion) by extensions ['colcon_pkg']
[1.400s] Level 1:colcon.colcon_core.package_identification:_identify(ros2_ws/src/VINS-Fusion-ROS2-humble/loop_fusion) by extension 'colcon_pkg'
[1.401s] Level 1:colcon.colcon_core.package_identification:_identify(ros2_ws/src/VINS-Fusion-ROS2-humble/loop_fusion) by extensions ['colcon_meta']
[1.401s] Level 1:colcon.colcon_core.package_identification:_identify(ros2_ws/src/VINS-Fusion-ROS2-humble/loop_fusion) by extension 'colcon_meta'
[1.401s] Level 1:colcon.colcon_core.package_identification:_identify(ros2_ws/src/VINS-Fusion-ROS2-humble/loop_fusion) by extensions ['ros']
[1.401s] Level 1:colcon.colcon_core.package_identification:_identify(ros2_ws/src/VINS-Fusion-ROS2-humble/loop_fusion) by extension 'ros'
[1.403s] DEBUG:colcon.colcon_core.package_identification:Package 'ros2_ws/src/VINS-Fusion-ROS2-humble/loop_fusion' with type 'ros.ament_cmake' and name 'loop_fusion'
[1.403s] Level 1:colcon.colcon_core.package_identification:_identify(ros2_ws/src/VINS-Fusion-ROS2-humble/rcpputils) by extensions ['ignore', 'ignore_ament_install']
[1.403s] Level 1:colcon.colcon_core.package_identification:_identify(ros2_ws/src/VINS-Fusion-ROS2-humble/rcpputils) by extension 'ignore'
[1.403s] Level 1:colcon.colcon_core.package_identification:_identify(ros2_ws/src/VINS-Fusion-ROS2-humble/rcpputils) by extension 'ignore_ament_install'
[1.404s] Level 1:colcon.colcon_core.package_identification:_identify(ros2_ws/src/VINS-Fusion-ROS2-humble/rcpputils) by extensions ['colcon_pkg']
[1.404s] Level 1:colcon.colcon_core.package_identification:_identify(ros2_ws/src/VINS-Fusion-ROS2-humble/rcpputils) by extension 'colcon_pkg'
[1.404s] Level 1:colcon.colcon_core.package_identification:_identify(ros2_ws/src/VINS-Fusion-ROS2-humble/rcpputils) by extensions ['colcon_meta']
[1.404s] Level 1:colcon.colcon_core.package_identification:_identify(ros2_ws/src/VINS-Fusion-ROS2-humble/rcpputils) by extension 'colcon_meta'
[1.404s] Level 1:colcon.colcon_core.package_identification:_identify(ros2_ws/src/VINS-Fusion-ROS2-humble/rcpputils) by extensions ['ros']
[1.404s] Level 1:colcon.colcon_core.package_identification:_identify(ros2_ws/src/VINS-Fusion-ROS2-humble/rcpputils) by extension 'ros'
[1.404s] Level 1:colcon.colcon_core.package_identification:_identify(ros2_ws/src/VINS-Fusion-ROS2-humble/rcpputils) by extensions ['cmake', 'python']
[1.404s] Level 1:colcon.colcon_core.package_identification:_identify(ros2_ws/src/VINS-Fusion-ROS2-humble/rcpputils) by extension 'cmake'
[1.404s] Level 1:colcon.colcon_core.package_identification:_identify(ros2_ws/src/VINS-Fusion-ROS2-humble/rcpputils) by extension 'python'
[1.405s] Level 1:colcon.colcon_core.package_identification:_identify(ros2_ws/src/VINS-Fusion-ROS2-humble/rcpputils) by extensions ['python_setup_py']
[1.405s] Level 1:colcon.colcon_core.package_identification:_identify(ros2_ws/src/VINS-Fusion-ROS2-humble/rcpputils) by extension 'python_setup_py'
[1.405s] Level 1:colcon.colcon_core.package_identification:_identify(ros2_ws/src/VINS-Fusion-ROS2-humble/support_files) by extensions ['ignore', 'ignore_ament_install']
[1.405s] Level 1:colcon.colcon_core.package_identification:_identify(ros2_ws/src/VINS-Fusion-ROS2-humble/support_files) by extension 'ignore'
[1.405s] Level 1:colcon.colcon_core.package_identification:_identify(ros2_ws/src/VINS-Fusion-ROS2-humble/support_files) by extension 'ignore_ament_install'
[1.405s] Level 1:colcon.colcon_core.package_identification:_identify(ros2_ws/src/VINS-Fusion-ROS2-humble/support_files) by extensions ['colcon_pkg']
[1.405s] Level 1:colcon.colcon_core.package_identification:_identify(ros2_ws/src/VINS-Fusion-ROS2-humble/support_files) by extension 'colcon_pkg'
[1.405s] Level 1:colcon.colcon_core.package_identification:_identify(ros2_ws/src/VINS-Fusion-ROS2-humble/support_files) by extensions ['colcon_meta']
[1.405s] Level 1:colcon.colcon_core.package_identification:_identify(ros2_ws/src/VINS-Fusion-ROS2-humble/support_files) by extension 'colcon_meta'
[1.406s] Level 1:colcon.colcon_core.package_identification:_identify(ros2_ws/src/VINS-Fusion-ROS2-humble/support_files) by extensions ['ros']
[1.406s] Level 1:colcon.colcon_core.package_identification:_identify(ros2_ws/src/VINS-Fusion-ROS2-humble/support_files) by extension 'ros'
[1.406s] Level 1:colcon.colcon_core.package_identification:_identify(ros2_ws/src/VINS-Fusion-ROS2-humble/support_files) by extensions ['cmake', 'python']
[1.406s] Level 1:colcon.colcon_core.package_identification:_identify(ros2_ws/src/VINS-Fusion-ROS2-humble/support_files) by extension 'cmake'
[1.406s] Level 1:colcon.colcon_core.package_identification:_identify(ros2_ws/src/VINS-Fusion-ROS2-humble/support_files) by extension 'python'
[1.406s] Level 1:colcon.colcon_core.package_identification:_identify(ros2_ws/src/VINS-Fusion-ROS2-humble/support_files) by extensions ['python_setup_py']
[1.406s] Level 1:colcon.colcon_core.package_identification:_identify(ros2_ws/src/VINS-Fusion-ROS2-humble/support_files) by extension 'python_setup_py'
[1.406s] Level 1:colcon.colcon_core.package_identification:_identify(ros2_ws/src/VINS-Fusion-ROS2-humble/support_files/image) by extensions ['ignore', 'ignore_ament_install']
[1.406s] Level 1:colcon.colcon_core.package_identification:_identify(ros2_ws/src/VINS-Fusion-ROS2-humble/support_files/image) by extension 'ignore'
[1.407s] Level 1:colcon.colcon_core.package_identification:_identify(ros2_ws/src/VINS-Fusion-ROS2-humble/support_files/image) by extension 'ignore_ament_install'
[1.407s] Level 1:colcon.colcon_core.package_identification:_identify(ros2_ws/src/VINS-Fusion-ROS2-humble/support_files/image) by extensions ['colcon_pkg']
[1.407s] Level 1:colcon.colcon_core.package_identification:_identify(ros2_ws/src/VINS-Fusion-ROS2-humble/support_files/image) by extension 'colcon_pkg'
[1.407s] Level 1:colcon.colcon_core.package_identification:_identify(ros2_ws/src/VINS-Fusion-ROS2-humble/support_files/image) by extensions ['colcon_meta']
[1.407s] Level 1:colcon.colcon_core.package_identification:_identify(ros2_ws/src/VINS-Fusion-ROS2-humble/support_files/image) by extension 'colcon_meta'
[1.407s] Level 1:colcon.colcon_core.package_identification:_identify(ros2_ws/src/VINS-Fusion-ROS2-humble/support_files/image) by extensions ['ros']
[1.407s] Level 1:colcon.colcon_core.package_identification:_identify(ros2_ws/src/VINS-Fusion-ROS2-humble/support_files/image) by extension 'ros'
[1.407s] Level 1:colcon.colcon_core.package_identification:_identify(ros2_ws/src/VINS-Fusion-ROS2-humble/support_files/image) by extensions ['cmake', 'python']
[1.407s] Level 1:colcon.colcon_core.package_identification:_identify(ros2_ws/src/VINS-Fusion-ROS2-humble/support_files/image) by extension 'cmake'
[1.408s] Level 1:colcon.colcon_core.package_identification:_identify(ros2_ws/src/VINS-Fusion-ROS2-humble/support_files/image) by extension 'python'
[1.408s] Level 1:colcon.colcon_core.package_identification:_identify(ros2_ws/src/VINS-Fusion-ROS2-humble/support_files/image) by extensions ['python_setup_py']
[1.408s] Level 1:colcon.colcon_core.package_identification:_identify(ros2_ws/src/VINS-Fusion-ROS2-humble/support_files/image) by extension 'python_setup_py'
[1.408s] Level 1:colcon.colcon_core.package_identification:_identify(ros2_ws/src/VINS-Fusion-ROS2-humble/vins) by extensions ['ignore', 'ignore_ament_install']
[1.408s] Level 1:colcon.colcon_core.package_identification:_identify(ros2_ws/src/VINS-Fusion-ROS2-humble/vins) by extension 'ignore'
[1.408s] Level 1:colcon.colcon_core.package_identification:_identify(ros2_ws/src/VINS-Fusion-ROS2-humble/vins) by extension 'ignore_ament_install'
[1.408s] Level 1:colcon.colcon_core.package_identification:_identify(ros2_ws/src/VINS-Fusion-ROS2-humble/vins) by extensions ['colcon_pkg']
[1.408s] Level 1:colcon.colcon_core.package_identification:_identify(ros2_ws/src/VINS-Fusion-ROS2-humble/vins) by extension 'colcon_pkg'
[1.408s] Level 1:colcon.colcon_core.package_identification:_identify(ros2_ws/src/VINS-Fusion-ROS2-humble/vins) by extensions ['colcon_meta']
[1.408s] Level 1:colcon.colcon_core.package_identification:_identify(ros2_ws/src/VINS-Fusion-ROS2-humble/vins) by extension 'colcon_meta'
[1.409s] Level 1:colcon.colcon_core.package_identification:_identify(ros2_ws/src/VINS-Fusion-ROS2-humble/vins) by extensions ['ros']
[1.409s] Level 1:colcon.colcon_core.package_identification:_identify(ros2_ws/src/VINS-Fusion-ROS2-humble/vins) by extension 'ros'
[1.411s] DEBUG:colcon.colcon_core.package_identification:Package 'ros2_ws/src/VINS-Fusion-ROS2-humble/vins' with type 'ros.ament_cmake' and name 'vins'
[1.411s] Level 1:colcon.colcon_core.package_identification:_identify(ros2_ws/src/depthai-ros) by extensions ['ignore', 'ignore_ament_install']
[1.411s] Level 1:colcon.colcon_core.package_identification:_identify(ros2_ws/src/depthai-ros) by extension 'ignore'
[1.412s] Level 1:colcon.colcon_core.package_identification:_identify(ros2_ws/src/depthai-ros) by extension 'ignore_ament_install'
[1.412s] Level 1:colcon.colcon_core.package_identification:_identify(ros2_ws/src/depthai-ros) by extensions ['colcon_pkg']
[1.412s] Level 1:colcon.colcon_core.package_identification:_identify(ros2_ws/src/depthai-ros) by extension 'colcon_pkg'
[1.412s] Level 1:colcon.colcon_core.package_identification:_identify(ros2_ws/src/depthai-ros) by extensions ['colcon_meta']
[1.412s] Level 1:colcon.colcon_core.package_identification:_identify(ros2_ws/src/depthai-ros) by extension 'colcon_meta'
[1.412s] Level 1:colcon.colcon_core.package_identification:_identify(ros2_ws/src/depthai-ros) by extensions ['ros']
[1.412s] Level 1:colcon.colcon_core.package_identification:_identify(ros2_ws/src/depthai-ros) by extension 'ros'
[1.412s] Level 1:colcon.colcon_core.package_identification:_identify(ros2_ws/src/depthai-ros) by extensions ['cmake', 'python']
[1.412s] Level 1:colcon.colcon_core.package_identification:_identify(ros2_ws/src/depthai-ros) by extension 'cmake'
[1.412s] Level 1:colcon.colcon_core.package_identification:_identify(ros2_ws/src/depthai-ros) by extension 'python'
[1.413s] Level 1:colcon.colcon_core.package_identification:_identify(ros2_ws/src/depthai-ros) by extensions ['python_setup_py']
[1.413s] Level 1:colcon.colcon_core.package_identification:_identify(ros2_ws/src/depthai-ros) by extension 'python_setup_py'
[1.413s] Level 1:colcon.colcon_core.package_identification:_identify(ros2_ws/src/depthai-ros/depthai-ros) by extensions ['ignore', 'ignore_ament_install']
[1.413s] Level 1:colcon.colcon_core.package_identification:_identify(ros2_ws/src/depthai-ros/depthai-ros) by extension 'ignore'
[1.413s] Level 1:colcon.colcon_core.package_identification:_identify(ros2_ws/src/depthai-ros/depthai-ros) by extension 'ignore_ament_install'
[1.413s] Level 1:colcon.colcon_core.package_identification:_identify(ros2_ws/src/depthai-ros/depthai-ros) by extensions ['colcon_pkg']
[1.413s] Level 1:colcon.colcon_core.package_identification:_identify(ros2_ws/src/depthai-ros/depthai-ros) by extension 'colcon_pkg'
[1.413s] Level 1:colcon.colcon_core.package_identification:_identify(ros2_ws/src/depthai-ros/depthai-ros) by extensions ['colcon_meta']
[1.414s] Level 1:colcon.colcon_core.package_identification:_identify(ros2_ws/src/depthai-ros/depthai-ros) by extension 'colcon_meta'
[1.414s] Level 1:colcon.colcon_core.package_identification:_identify(ros2_ws/src/depthai-ros/depthai-ros) by extensions ['ros']
[1.414s] Level 1:colcon.colcon_core.package_identification:_identify(ros2_ws/src/depthai-ros/depthai-ros) by extension 'ros'
[1.415s] DEBUG:colcon.colcon_core.package_identification:Package 'ros2_ws/src/depthai-ros/depthai-ros' with type 'ros.ament_cmake' and name 'depthai-ros'
[1.415s] Level 1:colcon.colcon_core.package_identification:_identify(ros2_ws/src/depthai-ros/depthai_bridge) by extensions ['ignore', 'ignore_ament_install']
[1.415s] Level 1:colcon.colcon_core.package_identification:_identify(ros2_ws/src/depthai-ros/depthai_bridge) by extension 'ignore'
[1.415s] Level 1:colcon.colcon_core.package_identification:_identify(ros2_ws/src/depthai-ros/depthai_bridge) by extension 'ignore_ament_install'
[1.415s] Level 1:colcon.colcon_core.package_identification:_identify(ros2_ws/src/depthai-ros/depthai_bridge) by extensions ['colcon_pkg']
[1.416s] Level 1:colcon.colcon_core.package_identification:_identify(ros2_ws/src/depthai-ros/depthai_bridge) by extension 'colcon_pkg'
[1.416s] Level 1:colcon.colcon_core.package_identification:_identify(ros2_ws/src/depthai-ros/depthai_bridge) by extensions ['colcon_meta']
[1.416s] Level 1:colcon.colcon_core.package_identification:_identify(ros2_ws/src/depthai-ros/depthai_bridge) by extension 'colcon_meta'
[1.416s] Level 1:colcon.colcon_core.package_identification:_identify(ros2_ws/src/depthai-ros/depthai_bridge) by extensions ['ros']
[1.416s] Level 1:colcon.colcon_core.package_identification:_identify(ros2_ws/src/depthai-ros/depthai_bridge) by extension 'ros'
[1.419s] DEBUG:colcon.colcon_core.package_identification:Package 'ros2_ws/src/depthai-ros/depthai_bridge' with type 'ros.ament_cmake' and name 'depthai_bridge'
[1.419s] Level 1:colcon.colcon_core.package_identification:_identify(ros2_ws/src/depthai-ros/depthai_descriptions) by extensions ['ignore', 'ignore_ament_install']
[1.420s] Level 1:colcon.colcon_core.package_identification:_identify(ros2_ws/src/depthai-ros/depthai_descriptions) by extension 'ignore'
[1.420s] Level 1:colcon.colcon_core.package_identification:_identify(ros2_ws/src/depthai-ros/depthai_descriptions) by extension 'ignore_ament_install'
[1.420s] Level 1:colcon.colcon_core.package_identification:_identify(ros2_ws/src/depthai-ros/depthai_descriptions) by extensions ['colcon_pkg']
[1.420s] Level 1:colcon.colcon_core.package_identification:_identify(ros2_ws/src/depthai-ros/depthai_descriptions) by extension 'colcon_pkg'
[1.420s] Level 1:colcon.colcon_core.package_identification:_identify(ros2_ws/src/depthai-ros/depthai_descriptions) by extensions ['colcon_meta']
[1.420s] Level 1:colcon.colcon_core.package_identification:_identify(ros2_ws/src/depthai-ros/depthai_descriptions) by extension 'colcon_meta'
[1.420s] Level 1:colcon.colcon_core.package_identification:_identify(ros2_ws/src/depthai-ros/depthai_descriptions) by extensions ['ros']
[1.420s] Level 1:colcon.colcon_core.package_identification:_identify(ros2_ws/src/depthai-ros/depthai_descriptions) by extension 'ros'
[1.421s] DEBUG:colcon.colcon_core.package_identification:Package 'ros2_ws/src/depthai-ros/depthai_descriptions' with type 'ros.ament_cmake' and name 'depthai_descriptions'
[1.422s] Level 1:colcon.colcon_core.package_identification:_identify(ros2_ws/src/depthai-ros/depthai_examples) by extensions ['ignore', 'ignore_ament_install']
[1.422s] Level 1:colcon.colcon_core.package_identification:_identify(ros2_ws/src/depthai-ros/depthai_examples) by extension 'ignore'
[1.422s] Level 1:colcon.colcon_core.package_identification:_identify(ros2_ws/src/depthai-ros/depthai_examples) by extension 'ignore_ament_install'
[1.422s] Level 1:colcon.colcon_core.package_identification:_identify(ros2_ws/src/depthai-ros/depthai_examples) by extensions ['colcon_pkg']
[1.422s] Level 1:colcon.colcon_core.package_identification:_identify(ros2_ws/src/depthai-ros/depthai_examples) by extension 'colcon_pkg'
[1.422s] Level 1:colcon.colcon_core.package_identification:_identify(ros2_ws/src/depthai-ros/depthai_examples) by extensions ['colcon_meta']
[1.422s] Level 1:colcon.colcon_core.package_identification:_identify(ros2_ws/src/depthai-ros/depthai_examples) by extension 'colcon_meta'
[1.422s] Level 1:colcon.colcon_core.package_identification:_identify(ros2_ws/src/depthai-ros/depthai_examples) by extensions ['ros']
[1.422s] Level 1:colcon.colcon_core.package_identification:_identify(ros2_ws/src/depthai-ros/depthai_examples) by extension 'ros'
[1.425s] DEBUG:colcon.colcon_core.package_identification:Package 'ros2_ws/src/depthai-ros/depthai_examples' with type 'ros.ament_cmake' and name 'depthai_examples'
[1.426s] Level 1:colcon.colcon_core.package_identification:_identify(ros2_ws/src/depthai-ros/depthai_filters) by extensions ['ignore', 'ignore_ament_install']
[1.426s] Level 1:colcon.colcon_core.package_identification:_identify(ros2_ws/src/depthai-ros/depthai_filters) by extension 'ignore'
[1.426s] Level 1:colcon.colcon_core.package_identification:_identify(ros2_ws/src/depthai-ros/depthai_filters) by extension 'ignore_ament_install'
[1.426s] Level 1:colcon.colcon_core.package_identification:_identify(ros2_ws/src/depthai-ros/depthai_filters) by extensions ['colcon_pkg']
[1.426s] Level 1:colcon.colcon_core.package_identification:_identify(ros2_ws/src/depthai-ros/depthai_filters) by extension 'colcon_pkg'
[1.426s] Level 1:colcon.colcon_core.package_identification:_identify(ros2_ws/src/depthai-ros/depthai_filters) by extensions ['colcon_meta']
[1.426s] Level 1:colcon.colcon_core.package_identification:_identify(ros2_ws/src/depthai-ros/depthai_filters) by extension 'colcon_meta'
[1.426s] Level 1:colcon.colcon_core.package_identification:_identify(ros2_ws/src/depthai-ros/depthai_filters) by extensions ['ros']
[1.427s] Level 1:colcon.colcon_core.package_identification:_identify(ros2_ws/src/depthai-ros/depthai_filters) by extension 'ros'
[1.429s] DEBUG:colcon.colcon_core.package_identification:Package 'ros2_ws/src/depthai-ros/depthai_filters' with type 'ros.ament_cmake' and name 'depthai_filters'
[1.429s] Level 1:colcon.colcon_core.package_identification:_identify(ros2_ws/src/depthai-ros/depthai_ros_driver) by extensions ['ignore', 'ignore_ament_install']
[1.429s] Level 1:colcon.colcon_core.package_identification:_identify(ros2_ws/src/depthai-ros/depthai_ros_driver) by extension 'ignore'
[1.429s] Level 1:colcon.colcon_core.package_identification:_identify(ros2_ws/src/depthai-ros/depthai_ros_driver) by extension 'ignore_ament_install'
[1.429s] Level 1:colcon.colcon_core.package_identification:_identify(ros2_ws/src/depthai-ros/depthai_ros_driver) by extensions ['colcon_pkg']
[1.430s] Level 1:colcon.colcon_core.package_identification:_identify(ros2_ws/src/depthai-ros/depthai_ros_driver) by extension 'colcon_pkg'
[1.430s] Level 1:colcon.colcon_core.package_identification:_identify(ros2_ws/src/depthai-ros/depthai_ros_driver) by extensions ['colcon_meta']
[1.430s] Level 1:colcon.colcon_core.package_identification:_identify(ros2_ws/src/depthai-ros/depthai_ros_driver) by extension 'colcon_meta'
[1.430s] Level 1:colcon.colcon_core.package_identification:_identify(ros2_ws/src/depthai-ros/depthai_ros_driver) by extensions ['ros']
[1.430s] Level 1:colcon.colcon_core.package_identification:_identify(ros2_ws/src/depthai-ros/depthai_ros_driver) by extension 'ros'
[1.436s] DEBUG:colcon.colcon_core.package_identification:Package 'ros2_ws/src/depthai-ros/depthai_ros_driver' with type 'ros.ament_cmake' and name 'depthai_ros_driver'
[1.436s] Level 1:colcon.colcon_core.package_identification:_identify(ros2_ws/src/depthai-ros/depthai_ros_msgs) by extensions ['ignore', 'ignore_ament_install']
[1.436s] Level 1:colcon.colcon_core.package_identification:_identify(ros2_ws/src/depthai-ros/depthai_ros_msgs) by extension 'ignore'
[1.436s] Level 1:colcon.colcon_core.package_identification:_identify(ros2_ws/src/depthai-ros/depthai_ros_msgs) by extension 'ignore_ament_install'
[1.437s] Level 1:colcon.colcon_core.package_identification:_identify(ros2_ws/src/depthai-ros/depthai_ros_msgs) by extensions ['colcon_pkg']
[1.437s] Level 1:colcon.colcon_core.package_identification:_identify(ros2_ws/src/depthai-ros/depthai_ros_msgs) by extension 'colcon_pkg'
[1.437s] Level 1:colcon.colcon_core.package_identification:_identify(ros2_ws/src/depthai-ros/depthai_ros_msgs) by extensions ['colcon_meta']
[1.437s] Level 1:colcon.colcon_core.package_identification:_identify(ros2_ws/src/depthai-ros/depthai_ros_msgs) by extension 'colcon_meta'
[1.437s] Level 1:colcon.colcon_core.package_identification:_identify(ros2_ws/src/depthai-ros/depthai_ros_msgs) by extensions ['ros']
[1.437s] Level 1:colcon.colcon_core.package_identification:_identify(ros2_ws/src/depthai-ros/depthai_ros_msgs) by extension 'ros'
[1.439s] DEBUG:colcon.colcon_core.package_identification:Package 'ros2_ws/src/depthai-ros/depthai_ros_msgs' with type 'ros.ament_cmake' and name 'depthai_ros_msgs'
[1.439s] Level 1:colcon.colcon_core.package_identification:_identify(ros2_ws/src/depthai_cam) by extensions ['ignore', 'ignore_ament_install']
[1.439s] Level 1:colcon.colcon_core.package_identification:_identify(ros2_ws/src/depthai_cam) by extension 'ignore'
[1.440s] Level 1:colcon.colcon_core.package_identification:_identify(ros2_ws/src/depthai_cam) by extension 'ignore_ament_install'
[1.440s] Level 1:colcon.colcon_core.package_identification:_identify(ros2_ws/src/depthai_cam) by extensions ['colcon_pkg']
[1.440s] Level 1:colcon.colcon_core.package_identification:_identify(ros2_ws/src/depthai_cam) by extension 'colcon_pkg'
[1.440s] Level 1:colcon.colcon_core.package_identification:_identify(ros2_ws/src/depthai_cam) by extensions ['colcon_meta']
[1.440s] Level 1:colcon.colcon_core.package_identification:_identify(ros2_ws/src/depthai_cam) by extension 'colcon_meta'
[1.440s] Level 1:colcon.colcon_core.package_identification:_identify(ros2_ws/src/depthai_cam) by extensions ['ros']
[1.440s] Level 1:colcon.colcon_core.package_identification:_identify(ros2_ws/src/depthai_cam) by extension 'ros'
[1.442s] DEBUG:colcon.colcon_core.package_identification:Package 'ros2_ws/src/depthai_cam' with type 'ros.ament_python' and name 'depthai_cam'
[1.442s] Level 1:colcon.colcon_core.package_identification:_identify(ros2_ws/src/install) by extensions ['ignore', 'ignore_ament_install']
[1.442s] Level 1:colcon.colcon_core.package_identification:_identify(ros2_ws/src/install) by extension 'ignore'
[1.443s] Level 1:colcon.colcon_core.package_identification:_identify(ros2_ws/src/install) ignored
[1.443s] Level 1:colcon.colcon_core.package_identification:_identify(ros2_ws/src/log) by extensions ['ignore', 'ignore_ament_install']
[1.443s] Level 1:colcon.colcon_core.package_identification:_identify(ros2_ws/src/log) by extension 'ignore'
[1.443s] Level 1:colcon.colcon_core.package_identification:_identify(ros2_ws/src/log) ignored
[1.443s] Level 1:colcon.colcon_core.package_identification:_identify(ros2_ws/src/path_executor) by extensions ['ignore', 'ignore_ament_install']
[1.444s] Level 1:colcon.colcon_core.package_identification:_identify(ros2_ws/src/path_executor) by extension 'ignore'
[1.444s] Level 1:colcon.colcon_core.package_identification:_identify(ros2_ws/src/path_executor) by extension 'ignore_ament_install'
[1.444s] Level 1:colcon.colcon_core.package_identification:_identify(ros2_ws/src/path_executor) by extensions ['colcon_pkg']
[1.444s] Level 1:colcon.colcon_core.package_identification:_identify(ros2_ws/src/path_executor) by extension 'colcon_pkg'
[1.444s] Level 1:colcon.colcon_core.package_identification:_identify(ros2_ws/src/path_executor) by extensions ['colcon_meta']
[1.444s] Level 1:colcon.colcon_core.package_identification:_identify(ros2_ws/src/path_executor) by extension 'colcon_meta'
[1.444s] Level 1:colcon.colcon_core.package_identification:_identify(ros2_ws/src/path_executor) by extensions ['ros']
[1.444s] Level 1:colcon.colcon_core.package_identification:_identify(ros2_ws/src/path_executor) by extension 'ros'
[1.446s] DEBUG:colcon.colcon_core.package_identification:Package 'ros2_ws/src/path_executor' with type 'ros.ament_python' and name 'path_executor'
[1.446s] Level 1:colcon.colcon_core.package_identification:_identify(ros2_ws/src/rrt_star_planner) by extensions ['ignore', 'ignore_ament_install']
[1.446s] Level 1:colcon.colcon_core.package_identification:_identify(ros2_ws/src/rrt_star_planner) by extension 'ignore'
[1.446s] Level 1:colcon.colcon_core.package_identification:_identify(ros2_ws/src/rrt_star_planner) by extension 'ignore_ament_install'
[1.447s] Level 1:colcon.colcon_core.package_identification:_identify(ros2_ws/src/rrt_star_planner) by extensions ['colcon_pkg']
[1.447s] Level 1:colcon.colcon_core.package_identification:_identify(ros2_ws/src/rrt_star_planner) by extension 'colcon_pkg'
[1.447s] Level 1:colcon.colcon_core.package_identification:_identify(ros2_ws/src/rrt_star_planner) by extensions ['colcon_meta']
[1.447s] Level 1:colcon.colcon_core.package_identification:_identify(ros2_ws/src/rrt_star_planner) by extension 'colcon_meta'
[1.447s] Level 1:colcon.colcon_core.package_identification:_identify(ros2_ws/src/rrt_star_planner) by extensions ['ros']
[1.447s] Level 1:colcon.colcon_core.package_identification:_identify(ros2_ws/src/rrt_star_planner) by extension 'ros'
[1.449s] DEBUG:colcon.colcon_core.package_identification:Package 'ros2_ws/src/rrt_star_planner' with type 'ros.ament_cmake' and name 'rrt_star_planner'
[1.449s] Level 1:colcon.colcon_core.package_identification:_identify(ros2_ws/src/rtabmap) by extensions ['ignore', 'ignore_ament_install']
[1.449s] Level 1:colcon.colcon_core.package_identification:_identify(ros2_ws/src/rtabmap) by extension 'ignore'
[1.450s] Level 1:colcon.colcon_core.package_identification:_identify(ros2_ws/src/rtabmap) by extension 'ignore_ament_install'
[1.450s] Level 1:colcon.colcon_core.package_identification:_identify(ros2_ws/src/rtabmap) by extensions ['colcon_pkg']
[1.450s] Level 1:colcon.colcon_core.package_identification:_identify(ros2_ws/src/rtabmap) by extension 'colcon_pkg'
[1.450s] Level 1:colcon.colcon_core.package_identification:_identify(ros2_ws/src/rtabmap) by extensions ['colcon_meta']
[1.450s] Level 1:colcon.colcon_core.package_identification:_identify(ros2_ws/src/rtabmap) by extension 'colcon_meta'
[1.450s] Level 1:colcon.colcon_core.package_identification:_identify(ros2_ws/src/rtabmap) by extensions ['ros']
[1.450s] Level 1:colcon.colcon_core.package_identification:_identify(ros2_ws/src/rtabmap) by extension 'ros'
[1.452s] DEBUG:colcon.colcon_core.package_identification:Package 'ros2_ws/src/rtabmap' with type 'ros.cmake' and name 'rtabmap'
[1.453s] Level 1:colcon.colcon_core.package_identification:_identify(ros2_ws/src/rtabmap_ros) by extensions ['ignore', 'ignore_ament_install']
[1.453s] Level 1:colcon.colcon_core.package_identification:_identify(ros2_ws/src/rtabmap_ros) by extension 'ignore'
[1.453s] Level 1:colcon.colcon_core.package_identification:_identify(ros2_ws/src/rtabmap_ros) by extension 'ignore_ament_install'
[1.453s] Level 1:colcon.colcon_core.package_identification:_identify(ros2_ws/src/rtabmap_ros) by extensions ['colcon_pkg']
[1.453s] Level 1:colcon.colcon_core.package_identification:_identify(ros2_ws/src/rtabmap_ros) by extension 'colcon_pkg'
[1.453s] Level 1:colcon.colcon_core.package_identification:_identify(ros2_ws/src/rtabmap_ros) by extensions ['colcon_meta']
[1.453s] Level 1:colcon.colcon_core.package_identification:_identify(ros2_ws/src/rtabmap_ros) by extension 'colcon_meta'
[1.454s] Level 1:colcon.colcon_core.package_identification:_identify(ros2_ws/src/rtabmap_ros) by extensions ['ros']
[1.454s] Level 1:colcon.colcon_core.package_identification:_identify(ros2_ws/src/rtabmap_ros) by extension 'ros'
[1.454s] Level 1:colcon.colcon_core.package_identification:_identify(ros2_ws/src/rtabmap_ros) by extensions ['cmake', 'python']
[1.454s] Level 1:colcon.colcon_core.package_identification:_identify(ros2_ws/src/rtabmap_ros) by extension 'cmake'
[1.454s] Level 1:colcon.colcon_core.package_identification:_identify(ros2_ws/src/rtabmap_ros) by extension 'python'
[1.454s] Level 1:colcon.colcon_core.package_identification:_identify(ros2_ws/src/rtabmap_ros) by extensions ['python_setup_py']
[1.454s] Level 1:colcon.colcon_core.package_identification:_identify(ros2_ws/src/rtabmap_ros) by extension 'python_setup_py'
[1.454s] Level 1:colcon.colcon_core.package_identification:_identify(ros2_ws/src/rtabmap_ros/docker) by extensions ['ignore', 'ignore_ament_install']
[1.455s] Level 1:colcon.colcon_core.package_identification:_identify(ros2_ws/src/rtabmap_ros/docker) by extension 'ignore'
[1.455s] Level 1:colcon.colcon_core.package_identification:_identify(ros2_ws/src/rtabmap_ros/docker) by extension 'ignore_ament_install'
[1.455s] Level 1:colcon.colcon_core.package_identification:_identify(ros2_ws/src/rtabmap_ros/docker) by extensions ['colcon_pkg']
[1.455s] Level 1:colcon.colcon_core.package_identification:_identify(ros2_ws/src/rtabmap_ros/docker) by extension 'colcon_pkg'
[1.455s] Level 1:colcon.colcon_core.package_identification:_identify(ros2_ws/src/rtabmap_ros/docker) by extensions ['colcon_meta']
[1.455s] Level 1:colcon.colcon_core.package_identification:_identify(ros2_ws/src/rtabmap_ros/docker) by extension 'colcon_meta'
[1.455s] Level 1:colcon.colcon_core.package_identification:_identify(ros2_ws/src/rtabmap_ros/docker) by extensions ['ros']
[1.455s] Level 1:colcon.colcon_core.package_identification:_identify(ros2_ws/src/rtabmap_ros/docker) by extension 'ros'
[1.456s] Level 1:colcon.colcon_core.package_identification:_identify(ros2_ws/src/rtabmap_ros/docker) by extensions ['cmake', 'python']
[1.456s] Level 1:colcon.colcon_core.package_identification:_identify(ros2_ws/src/rtabmap_ros/docker) by extension 'cmake'
[1.456s] Level 1:colcon.colcon_core.package_identification:_identify(ros2_ws/src/rtabmap_ros/docker) by extension 'python'
[1.456s] Level 1:colcon.colcon_core.package_identification:_identify(ros2_ws/src/rtabmap_ros/docker) by extensions ['python_setup_py']
[1.456s] Level 1:colcon.colcon_core.package_identification:_identify(ros2_ws/src/rtabmap_ros/docker) by extension 'python_setup_py'
[1.456s] Level 1:colcon.colcon_core.package_identification:_identify(ros2_ws/src/rtabmap_ros/docker/foxy) by extensions ['ignore', 'ignore_ament_install']
[1.456s] Level 1:colcon.colcon_core.package_identification:_identify(ros2_ws/src/rtabmap_ros/docker/foxy) by extension 'ignore'
[1.457s] Level 1:colcon.colcon_core.package_identification:_identify(ros2_ws/src/rtabmap_ros/docker/foxy) by extension 'ignore_ament_install'
[1.457s] Level 1:colcon.colcon_core.package_identification:_identify(ros2_ws/src/rtabmap_ros/docker/foxy) by extensions ['colcon_pkg']
[1.457s] Level 1:colcon.colcon_core.package_identification:_identify(ros2_ws/src/rtabmap_ros/docker/foxy) by extension 'colcon_pkg'
[1.457s] Level 1:colcon.colcon_core.package_identification:_identify(ros2_ws/src/rtabmap_ros/docker/foxy) by extensions ['colcon_meta']
[1.457s] Level 1:colcon.colcon_core.package_identification:_identify(ros2_ws/src/rtabmap_ros/docker/foxy) by extension 'colcon_meta'
[1.457s] Level 1:colcon.colcon_core.package_identification:_identify(ros2_ws/src/rtabmap_ros/docker/foxy) by extensions ['ros']
[1.457s] Level 1:colcon.colcon_core.package_identification:_identify(ros2_ws/src/rtabmap_ros/docker/foxy) by extension 'ros'
[1.457s] Level 1:colcon.colcon_core.package_identification:_identify(ros2_ws/src/rtabmap_ros/docker/foxy) by extensions ['cmake', 'python']
[1.457s] Level 1:colcon.colcon_core.package_identification:_identify(ros2_ws/src/rtabmap_ros/docker/foxy) by extension 'cmake'
[1.457s] Level 1:colcon.colcon_core.package_identification:_identify(ros2_ws/src/rtabmap_ros/docker/foxy) by extension 'python'
[1.457s] Level 1:colcon.colcon_core.package_identification:_identify(ros2_ws/src/rtabmap_ros/docker/foxy) by extensions ['python_setup_py']
[1.458s] Level 1:colcon.colcon_core.package_identification:_identify(ros2_ws/src/rtabmap_ros/docker/foxy) by extension 'python_setup_py'
[1.458s] Level 1:colcon.colcon_core.package_identification:_identify(ros2_ws/src/rtabmap_ros/docker/foxy/latest) by extensions ['ignore', 'ignore_ament_install']
[1.458s] Level 1:colcon.colcon_core.package_identification:_identify(ros2_ws/src/rtabmap_ros/docker/foxy/latest) by extension 'ignore'
[1.458s] Level 1:colcon.colcon_core.package_identification:_identify(ros2_ws/src/rtabmap_ros/docker/foxy/latest) by extension 'ignore_ament_install'
[1.458s] Level 1:colcon.colcon_core.package_identification:_identify(ros2_ws/src/rtabmap_ros/docker/foxy/latest) by extensions ['colcon_pkg']
[1.458s] Level 1:colcon.colcon_core.package_identification:_identify(ros2_ws/src/rtabmap_ros/docker/foxy/latest) by extension 'colcon_pkg'
[1.458s] Level 1:colcon.colcon_core.package_identification:_identify(ros2_ws/src/rtabmap_ros/docker/foxy/latest) by extensions ['colcon_meta']
[1.458s] Level 1:colcon.colcon_core.package_identification:_identify(ros2_ws/src/rtabmap_ros/docker/foxy/latest) by extension 'colcon_meta'
[1.459s] Level 1:colcon.colcon_core.package_identification:_identify(ros2_ws/src/rtabmap_ros/docker/foxy/latest) by extensions ['ros']
[1.459s] Level 1:colcon.colcon_core.package_identification:_identify(ros2_ws/src/rtabmap_ros/docker/foxy/latest) by extension 'ros'
[1.459s] Level 1:colcon.colcon_core.package_identification:_identify(ros2_ws/src/rtabmap_ros/docker/foxy/latest) by extensions ['cmake', 'python']
[1.459s] Level 1:colcon.colcon_core.package_identification:_identify(ros2_ws/src/rtabmap_ros/docker/foxy/latest) by extension 'cmake'
[1.459s] Level 1:colcon.colcon_core.package_identification:_identify(ros2_ws/src/rtabmap_ros/docker/foxy/latest) by extension 'python'
[1.459s] Level 1:colcon.colcon_core.package_identification:_identify(ros2_ws/src/rtabmap_ros/docker/foxy/latest) by extensions ['python_setup_py']
[1.459s] Level 1:colcon.colcon_core.package_identification:_identify(ros2_ws/src/rtabmap_ros/docker/foxy/latest) by extension 'python_setup_py'
[1.459s] Level 1:colcon.colcon_core.package_identification:_identify(ros2_ws/src/rtabmap_ros/docker/foxy/latest/hooks) by extensions ['ignore', 'ignore_ament_install']
[1.460s] Level 1:colcon.colcon_core.package_identification:_identify(ros2_ws/src/rtabmap_ros/docker/foxy/latest/hooks) by extension 'ignore'
[1.460s] Level 1:colcon.colcon_core.package_identification:_identify(ros2_ws/src/rtabmap_ros/docker/foxy/latest/hooks) by extension 'ignore_ament_install'
[1.460s] Level 1:colcon.colcon_core.package_identification:_identify(ros2_ws/src/rtabmap_ros/docker/foxy/latest/hooks) by extensions ['colcon_pkg']
[1.460s] Level 1:colcon.colcon_core.package_identification:_identify(ros2_ws/src/rtabmap_ros/docker/foxy/latest/hooks) by extension 'colcon_pkg'
[1.460s] Level 1:colcon.colcon_core.package_identification:_identify(ros2_ws/src/rtabmap_ros/docker/foxy/latest/hooks) by extensions ['colcon_meta']
[1.460s] Level 1:colcon.colcon_core.package_identification:_identify(ros2_ws/src/rtabmap_ros/docker/foxy/latest/hooks) by extension 'colcon_meta'
[1.460s] Level 1:colcon.colcon_core.package_identification:_identify(ros2_ws/src/rtabmap_ros/docker/foxy/latest/hooks) by extensions ['ros']
[1.460s] Level 1:colcon.colcon_core.package_identification:_identify(ros2_ws/src/rtabmap_ros/docker/foxy/latest/hooks) by extension 'ros'
[1.460s] Level 1:colcon.colcon_core.package_identification:_identify(ros2_ws/src/rtabmap_ros/docker/foxy/latest/hooks) by extensions ['cmake', 'python']
[1.460s] Level 1:colcon.colcon_core.package_identification:_identify(ros2_ws/src/rtabmap_ros/docker/foxy/latest/hooks) by extension 'cmake'
[1.461s] Level 1:colcon.colcon_core.package_identification:_identify(ros2_ws/src/rtabmap_ros/docker/foxy/latest/hooks) by extension 'python'
[1.461s] Level 1:colcon.colcon_core.package_identification:_identify(ros2_ws/src/rtabmap_ros/docker/foxy/latest/hooks) by extensions ['python_setup_py']
[1.461s] Level 1:colcon.colcon_core.package_identification:_identify(ros2_ws/src/rtabmap_ros/docker/foxy/latest/hooks) by extension 'python_setup_py'
[1.461s] Level 1:colcon.colcon_core.package_identification:_identify(ros2_ws/src/rtabmap_ros/docker/humble) by extensions ['ignore', 'ignore_ament_install']
[1.461s] Level 1:colcon.colcon_core.package_identification:_identify(ros2_ws/src/rtabmap_ros/docker/humble) by extension 'ignore'
[1.461s] Level 1:colcon.colcon_core.package_identification:_identify(ros2_ws/src/rtabmap_ros/docker/humble) by extension 'ignore_ament_install'
[1.461s] Level 1:colcon.colcon_core.package_identification:_identify(ros2_ws/src/rtabmap_ros/docker/humble) by extensions ['colcon_pkg']
[1.461s] Level 1:colcon.colcon_core.package_identification:_identify(ros2_ws/src/rtabmap_ros/docker/humble) by extension 'colcon_pkg'
[1.461s] Level 1:colcon.colcon_core.package_identification:_identify(ros2_ws/src/rtabmap_ros/docker/humble) by extensions ['colcon_meta']
[1.461s] Level 1:colcon.colcon_core.package_identification:_identify(ros2_ws/src/rtabmap_ros/docker/humble) by extension 'colcon_meta'
[1.462s] Level 1:colcon.colcon_core.package_identification:_identify(ros2_ws/src/rtabmap_ros/docker/humble) by extensions ['ros']
[1.462s] Level 1:colcon.colcon_core.package_identification:_identify(ros2_ws/src/rtabmap_ros/docker/humble) by extension 'ros'
[1.462s] Level 1:colcon.colcon_core.package_identification:_identify(ros2_ws/src/rtabmap_ros/docker/humble) by extensions ['cmake', 'python']
[1.462s] Level 1:colcon.colcon_core.package_identification:_identify(ros2_ws/src/rtabmap_ros/docker/humble) by extension 'cmake'
[1.462s] Level 1:colcon.colcon_core.package_identification:_identify(ros2_ws/src/rtabmap_ros/docker/humble) by extension 'python'
[1.462s] Level 1:colcon.colcon_core.package_identification:_identify(ros2_ws/src/rtabmap_ros/docker/humble) by extensions ['python_setup_py']
[1.462s] Level 1:colcon.colcon_core.package_identification:_identify(ros2_ws/src/rtabmap_ros/docker/humble) by extension 'python_setup_py'
[1.462s] Level 1:colcon.colcon_core.package_identification:_identify(ros2_ws/src/rtabmap_ros/docker/humble/latest) by extensions ['ignore', 'ignore_ament_install']
[1.463s] Level 1:colcon.colcon_core.package_identification:_identify(ros2_ws/src/rtabmap_ros/docker/humble/latest) by extension 'ignore'
[1.463s] Level 1:colcon.colcon_core.package_identification:_identify(ros2_ws/src/rtabmap_ros/docker/humble/latest) by extension 'ignore_ament_install'
[1.463s] Level 1:colcon.colcon_core.package_identification:_identify(ros2_ws/src/rtabmap_ros/docker/humble/latest) by extensions ['colcon_pkg']
[1.463s] Level 1:colcon.colcon_core.package_identification:_identify(ros2_ws/src/rtabmap_ros/docker/humble/latest) by extension 'colcon_pkg'
[1.463s] Level 1:colcon.colcon_core.package_identification:_identify(ros2_ws/src/rtabmap_ros/docker/humble/latest) by extensions ['colcon_meta']
[1.463s] Level 1:colcon.colcon_core.package_identification:_identify(ros2_ws/src/rtabmap_ros/docker/humble/latest) by extension 'colcon_meta'
[1.463s] Level 1:colcon.colcon_core.package_identification:_identify(ros2_ws/src/rtabmap_ros/docker/humble/latest) by extensions ['ros']
[1.463s] Level 1:colcon.colcon_core.package_identification:_identify(ros2_ws/src/rtabmap_ros/docker/humble/latest) by extension 'ros'
[1.463s] Level 1:colcon.colcon_core.package_identification:_identify(ros2_ws/src/rtabmap_ros/docker/humble/latest) by extensions ['cmake', 'python']
[1.463s] Level 1:colcon.colcon_core.package_identification:_identify(ros2_ws/src/rtabmap_ros/docker/humble/latest) by extension 'cmake'
[1.464s] Level 1:colcon.colcon_core.package_identification:_identify(ros2_ws/src/rtabmap_ros/docker/humble/latest) by extension 'python'
[1.464s] Level 1:colcon.colcon_core.package_identification:_identify(ros2_ws/src/rtabmap_ros/docker/humble/latest) by extensions ['python_setup_py']
[1.464s] Level 1:colcon.colcon_core.package_identification:_identify(ros2_ws/src/rtabmap_ros/docker/humble/latest) by extension 'python_setup_py'
[1.464s] Level 1:colcon.colcon_core.package_identification:_identify(ros2_ws/src/rtabmap_ros/docker/indigo) by extensions ['ignore', 'ignore_ament_install']
[1.464s] Level 1:colcon.colcon_core.package_identification:_identify(ros2_ws/src/rtabmap_ros/docker/indigo) by extension 'ignore'
[1.464s] Level 1:colcon.colcon_core.package_identification:_identify(ros2_ws/src/rtabmap_ros/docker/indigo) by extension 'ignore_ament_install'
[1.464s] Level 1:colcon.colcon_core.package_identification:_identify(ros2_ws/src/rtabmap_ros/docker/indigo) by extensions ['colcon_pkg']
[1.464s] Level 1:colcon.colcon_core.package_identification:_identify(ros2_ws/src/rtabmap_ros/docker/indigo) by extension 'colcon_pkg'
[1.464s] Level 1:colcon.colcon_core.package_identification:_identify(ros2_ws/src/rtabmap_ros/docker/indigo) by extensions ['colcon_meta']
[1.464s] Level 1:colcon.colcon_core.package_identification:_identify(ros2_ws/src/rtabmap_ros/docker/indigo) by extension 'colcon_meta'
[1.465s] Level 1:colcon.colcon_core.package_identification:_identify(ros2_ws/src/rtabmap_ros/docker/indigo) by extensions ['ros']
[1.465s] Level 1:colcon.colcon_core.package_identification:_identify(ros2_ws/src/rtabmap_ros/docker/indigo) by extension 'ros'
[1.465s] Level 1:colcon.colcon_core.package_identification:_identify(ros2_ws/src/rtabmap_ros/docker/indigo) by extensions ['cmake', 'python']
[1.465s] Level 1:colcon.colcon_core.package_identification:_identify(ros2_ws/src/rtabmap_ros/docker/indigo) by extension 'cmake'
[1.465s] Level 1:colcon.colcon_core.package_identification:_identify(ros2_ws/src/rtabmap_ros/docker/indigo) by extension 'python'
[1.465s] Level 1:colcon.colcon_core.package_identification:_identify(ros2_ws/src/rtabmap_ros/docker/indigo) by extensions ['python_setup_py']
[1.465s] Level 1:colcon.colcon_core.package_identification:_identify(ros2_ws/src/rtabmap_ros/docker/indigo) by extension 'python_setup_py'
[1.465s] Level 1:colcon.colcon_core.package_identification:_identify(ros2_ws/src/rtabmap_ros/docker/indigo/latest) by extensions ['ignore', 'ignore_ament_install']
[1.465s] Level 1:colcon.colcon_core.package_identification:_identify(ros2_ws/src/rtabmap_ros/docker/indigo/latest) by extension 'ignore'
[1.466s] Level 1:colcon.colcon_core.package_identification:_identify(ros2_ws/src/rtabmap_ros/docker/indigo/latest) by extension 'ignore_ament_install'
[1.466s] Level 1:colcon.colcon_core.package_identification:_identify(ros2_ws/src/rtabmap_ros/docker/indigo/latest) by extensions ['colcon_pkg']
[1.466s] Level 1:colcon.colcon_core.package_identification:_identify(ros2_ws/src/rtabmap_ros/docker/indigo/latest) by extension 'colcon_pkg'
[1.466s] Level 1:colcon.colcon_core.package_identification:_identify(ros2_ws/src/rtabmap_ros/docker/indigo/latest) by extensions ['colcon_meta']
[1.466s] Level 1:colcon.colcon_core.package_identification:_identify(ros2_ws/src/rtabmap_ros/docker/indigo/latest) by extension 'colcon_meta'
[1.466s] Level 1:colcon.colcon_core.package_identification:_identify(ros2_ws/src/rtabmap_ros/docker/indigo/latest) by extensions ['ros']
[1.466s] Level 1:colcon.colcon_core.package_identification:_identify(ros2_ws/src/rtabmap_ros/docker/indigo/latest) by extension 'ros'
[1.466s] Level 1:colcon.colcon_core.package_identification:_identify(ros2_ws/src/rtabmap_ros/docker/indigo/latest) by extensions ['cmake', 'python']
[1.466s] Level 1:colcon.colcon_core.package_identification:_identify(ros2_ws/src/rtabmap_ros/docker/indigo/latest) by extension 'cmake'
[1.466s] Level 1:colcon.colcon_core.package_identification:_identify(ros2_ws/src/rtabmap_ros/docker/indigo/latest) by extension 'python'
[1.467s] Level 1:colcon.colcon_core.package_identification:_identify(ros2_ws/src/rtabmap_ros/docker/indigo/latest) by extensions ['python_setup_py']
[1.467s] Level 1:colcon.colcon_core.package_identification:_identify(ros2_ws/src/rtabmap_ros/docker/indigo/latest) by extension 'python_setup_py'
[1.467s] Level 1:colcon.colcon_core.package_identification:_identify(ros2_ws/src/rtabmap_ros/docker/indigo/latest/hooks) by extensions ['ignore', 'ignore_ament_install']
[1.467s] Level 1:colcon.colcon_core.package_identification:_identify(ros2_ws/src/rtabmap_ros/docker/indigo/latest/hooks) by extension 'ignore'
[1.467s] Level 1:colcon.colcon_core.package_identification:_identify(ros2_ws/src/rtabmap_ros/docker/indigo/latest/hooks) by extension 'ignore_ament_install'
[1.467s] Level 1:colcon.colcon_core.package_identification:_identify(ros2_ws/src/rtabmap_ros/docker/indigo/latest/hooks) by extensions ['colcon_pkg']
[1.467s] Level 1:colcon.colcon_core.package_identification:_identify(ros2_ws/src/rtabmap_ros/docker/indigo/latest/hooks) by extension 'colcon_pkg'
[1.467s] Level 1:colcon.colcon_core.package_identification:_identify(ros2_ws/src/rtabmap_ros/docker/indigo/latest/hooks) by extensions ['colcon_meta']
[1.467s] Level 1:colcon.colcon_core.package_identification:_identify(ros2_ws/src/rtabmap_ros/docker/indigo/latest/hooks) by extension 'colcon_meta'
[1.468s] Level 1:colcon.colcon_core.package_identification:_identify(ros2_ws/src/rtabmap_ros/docker/indigo/latest/hooks) by extensions ['ros']
[1.468s] Level 1:colcon.colcon_core.package_identification:_identify(ros2_ws/src/rtabmap_ros/docker/indigo/latest/hooks) by extension 'ros'
[1.468s] Level 1:colcon.colcon_core.package_identification:_identify(ros2_ws/src/rtabmap_ros/docker/indigo/latest/hooks) by extensions ['cmake', 'python']
[1.468s] Level 1:colcon.colcon_core.package_identification:_identify(ros2_ws/src/rtabmap_ros/docker/indigo/latest/hooks) by extension 'cmake'
[1.468s] Level 1:colcon.colcon_core.package_identification:_identify(ros2_ws/src/rtabmap_ros/docker/indigo/latest/hooks) by extension 'python'
[1.468s] Level 1:colcon.colcon_core.package_identification:_identify(ros2_ws/src/rtabmap_ros/docker/indigo/latest/hooks) by extensions ['python_setup_py']
[1.468s] Level 1:colcon.colcon_core.package_identification:_identify(ros2_ws/src/rtabmap_ros/docker/indigo/latest/hooks) by extension 'python_setup_py'
[1.468s] Level 1:colcon.colcon_core.package_identification:_identify(ros2_ws/src/rtabmap_ros/docker/iron) by extensions ['ignore', 'ignore_ament_install']
[1.468s] Level 1:colcon.colcon_core.package_identification:_identify(ros2_ws/src/rtabmap_ros/docker/iron) by extension 'ignore'
[1.469s] Level 1:colcon.colcon_core.package_identification:_identify(ros2_ws/src/rtabmap_ros/docker/iron) by extension 'ignore_ament_install'
[1.469s] Level 1:colcon.colcon_core.package_identification:_identify(ros2_ws/src/rtabmap_ros/docker/iron) by extensions ['colcon_pkg']
[1.469s] Level 1:colcon.colcon_core.package_identification:_identify(ros2_ws/src/rtabmap_ros/docker/iron) by extension 'colcon_pkg'
[1.469s] Level 1:colcon.colcon_core.package_identification:_identify(ros2_ws/src/rtabmap_ros/docker/iron) by extensions ['colcon_meta']
[1.469s] Level 1:colcon.colcon_core.package_identification:_identify(ros2_ws/src/rtabmap_ros/docker/iron) by extension 'colcon_meta'
[1.469s] Level 1:colcon.colcon_core.package_identification:_identify(ros2_ws/src/rtabmap_ros/docker/iron) by extensions ['ros']
[1.469s] Level 1:colcon.colcon_core.package_identification:_identify(ros2_ws/src/rtabmap_ros/docker/iron) by extension 'ros'
[1.469s] Level 1:colcon.colcon_core.package_identification:_identify(ros2_ws/src/rtabmap_ros/docker/iron) by extensions ['cmake', 'python']
[1.469s] Level 1:colcon.colcon_core.package_identification:_identify(ros2_ws/src/rtabmap_ros/docker/iron) by extension 'cmake'
[1.469s] Level 1:colcon.colcon_core.package_identification:_identify(ros2_ws/src/rtabmap_ros/docker/iron) by extension 'python'
[1.470s] Level 1:colcon.colcon_core.package_identification:_identify(ros2_ws/src/rtabmap_ros/docker/iron) by extensions ['python_setup_py']
[1.470s] Level 1:colcon.colcon_core.package_identification:_identify(ros2_ws/src/rtabmap_ros/docker/iron) by extension 'python_setup_py'
[1.470s] Level 1:colcon.colcon_core.package_identification:_identify(ros2_ws/src/rtabmap_ros/docker/iron/latest) by extensions ['ignore', 'ignore_ament_install']
[1.470s] Level 1:colcon.colcon_core.package_identification:_identify(ros2_ws/src/rtabmap_ros/docker/iron/latest) by extension 'ignore'
[1.470s] Level 1:colcon.colcon_core.package_identification:_identify(ros2_ws/src/rtabmap_ros/docker/iron/latest) by extension 'ignore_ament_install'
[1.470s] Level 1:colcon.colcon_core.package_identification:_identify(ros2_ws/src/rtabmap_ros/docker/iron/latest) by extensions ['colcon_pkg']
[1.470s] Level 1:colcon.colcon_core.package_identification:_identify(ros2_ws/src/rtabmap_ros/docker/iron/latest) by extension 'colcon_pkg'
[1.470s] Level 1:colcon.colcon_core.package_identification:_identify(ros2_ws/src/rtabmap_ros/docker/iron/latest) by extensions ['colcon_meta']
[1.470s] Level 1:colcon.colcon_core.package_identification:_identify(ros2_ws/src/rtabmap_ros/docker/iron/latest) by extension 'colcon_meta'
[1.471s] Level 1:colcon.colcon_core.package_identification:_identify(ros2_ws/src/rtabmap_ros/docker/iron/latest) by extensions ['ros']
[1.471s] Level 1:colcon.colcon_core.package_identification:_identify(ros2_ws/src/rtabmap_ros/docker/iron/latest) by extension 'ros'
[1.471s] Level 1:colcon.colcon_core.package_identification:_identify(ros2_ws/src/rtabmap_ros/docker/iron/latest) by extensions ['cmake', 'python']
[1.471s] Level 1:colcon.colcon_core.package_identification:_identify(ros2_ws/src/rtabmap_ros/docker/iron/latest) by extension 'cmake'
[1.471s] Level 1:colcon.colcon_core.package_identification:_identify(ros2_ws/src/rtabmap_ros/docker/iron/latest) by extension 'python'
[1.471s] Level 1:colcon.colcon_core.package_identification:_identify(ros2_ws/src/rtabmap_ros/docker/iron/latest) by extensions ['python_setup_py']
[1.471s] Level 1:colcon.colcon_core.package_identification:_identify(ros2_ws/src/rtabmap_ros/docker/iron/latest) by extension 'python_setup_py'
[1.471s] Level 1:colcon.colcon_core.package_identification:_identify(ros2_ws/src/rtabmap_ros/docker/jazzy) by extensions ['ignore', 'ignore_ament_install']
[1.471s] Level 1:colcon.colcon_core.package_identification:_identify(ros2_ws/src/rtabmap_ros/docker/jazzy) by extension 'ignore'
[1.472s] Level 1:colcon.colcon_core.package_identification:_identify(ros2_ws/src/rtabmap_ros/docker/jazzy) by extension 'ignore_ament_install'
[1.472s] Level 1:colcon.colcon_core.package_identification:_identify(ros2_ws/src/rtabmap_ros/docker/jazzy) by extensions ['colcon_pkg']
[1.472s] Level 1:colcon.colcon_core.package_identification:_identify(ros2_ws/src/rtabmap_ros/docker/jazzy) by extension 'colcon_pkg'
[1.472s] Level 1:colcon.colcon_core.package_identification:_identify(ros2_ws/src/rtabmap_ros/docker/jazzy) by extensions ['colcon_meta']
[1.472s] Level 1:colcon.colcon_core.package_identification:_identify(ros2_ws/src/rtabmap_ros/docker/jazzy) by extension 'colcon_meta'
[1.472s] Level 1:colcon.colcon_core.package_identification:_identify(ros2_ws/src/rtabmap_ros/docker/jazzy) by extensions ['ros']
[1.472s] Level 1:colcon.colcon_core.package_identification:_identify(ros2_ws/src/rtabmap_ros/docker/jazzy) by extension 'ros'
[1.472s] Level 1:colcon.colcon_core.package_identification:_identify(ros2_ws/src/rtabmap_ros/docker/jazzy) by extensions ['cmake', 'python']
[1.472s] Level 1:colcon.colcon_core.package_identification:_identify(ros2_ws/src/rtabmap_ros/docker/jazzy) by extension 'cmake'
[1.472s] Level 1:colcon.colcon_core.package_identification:_identify(ros2_ws/src/rtabmap_ros/docker/jazzy) by extension 'python'
[1.473s] Level 1:colcon.colcon_core.package_identification:_identify(ros2_ws/src/rtabmap_ros/docker/jazzy) by extensions ['python_setup_py']
[1.473s] Level 1:colcon.colcon_core.package_identification:_identify(ros2_ws/src/rtabmap_ros/docker/jazzy) by extension 'python_setup_py'
[1.473s] Level 1:colcon.colcon_core.package_identification:_identify(ros2_ws/src/rtabmap_ros/docker/jazzy/latest) by extensions ['ignore', 'ignore_ament_install']
[1.473s] Level 1:colcon.colcon_core.package_identification:_identify(ros2_ws/src/rtabmap_ros/docker/jazzy/latest) by extension 'ignore'
[1.473s] Level 1:colcon.colcon_core.package_identification:_identify(ros2_ws/src/rtabmap_ros/docker/jazzy/latest) by extension 'ignore_ament_install'
[1.473s] Level 1:colcon.colcon_core.package_identification:_identify(ros2_ws/src/rtabmap_ros/docker/jazzy/latest) by extensions ['colcon_pkg']
[1.473s] Level 1:colcon.colcon_core.package_identification:_identify(ros2_ws/src/rtabmap_ros/docker/jazzy/latest) by extension 'colcon_pkg'
[1.473s] Level 1:colcon.colcon_core.package_identification:_identify(ros2_ws/src/rtabmap_ros/docker/jazzy/latest) by extensions ['colcon_meta']
[1.473s] Level 1:colcon.colcon_core.package_identification:_identify(ros2_ws/src/rtabmap_ros/docker/jazzy/latest) by extension 'colcon_meta'
[1.474s] Level 1:colcon.colcon_core.package_identification:_identify(ros2_ws/src/rtabmap_ros/docker/jazzy/latest) by extensions ['ros']
[1.474s] Level 1:colcon.colcon_core.package_identification:_identify(ros2_ws/src/rtabmap_ros/docker/jazzy/latest) by extension 'ros'
[1.474s] Level 1:colcon.colcon_core.package_identification:_identify(ros2_ws/src/rtabmap_ros/docker/jazzy/latest) by extensions ['cmake', 'python']
[1.474s] Level 1:colcon.colcon_core.package_identification:_identify(ros2_ws/src/rtabmap_ros/docker/jazzy/latest) by extension 'cmake'
[1.474s] Level 1:colcon.colcon_core.package_identification:_identify(ros2_ws/src/rtabmap_ros/docker/jazzy/latest) by extension 'python'
[1.474s] Level 1:colcon.colcon_core.package_identification:_identify(ros2_ws/src/rtabmap_ros/docker/jazzy/latest) by extensions ['python_setup_py']
[1.474s] Level 1:colcon.colcon_core.package_identification:_identify(ros2_ws/src/rtabmap_ros/docker/jazzy/latest) by extension 'python_setup_py'
[1.474s] Level 1:colcon.colcon_core.package_identification:_identify(ros2_ws/src/rtabmap_ros/docker/jazzy/superpoint) by extensions ['ignore', 'ignore_ament_install']
[1.474s] Level 1:colcon.colcon_core.package_identification:_identify(ros2_ws/src/rtabmap_ros/docker/jazzy/superpoint) by extension 'ignore'
[1.475s] Level 1:colcon.colcon_core.package_identification:_identify(ros2_ws/src/rtabmap_ros/docker/jazzy/superpoint) by extension 'ignore_ament_install'
[1.475s] Level 1:colcon.colcon_core.package_identification:_identify(ros2_ws/src/rtabmap_ros/docker/jazzy/superpoint) by extensions ['colcon_pkg']
[1.475s] Level 1:colcon.colcon_core.package_identification:_identify(ros2_ws/src/rtabmap_ros/docker/jazzy/superpoint) by extension 'colcon_pkg'
[1.475s] Level 1:colcon.colcon_core.package_identification:_identify(ros2_ws/src/rtabmap_ros/docker/jazzy/superpoint) by extensions ['colcon_meta']
[1.475s] Level 1:colcon.colcon_core.package_identification:_identify(ros2_ws/src/rtabmap_ros/docker/jazzy/superpoint) by extension 'colcon_meta'
[1.475s] Level 1:colcon.colcon_core.package_identification:_identify(ros2_ws/src/rtabmap_ros/docker/jazzy/superpoint) by extensions ['ros']
[1.475s] Level 1:colcon.colcon_core.package_identification:_identify(ros2_ws/src/rtabmap_ros/docker/jazzy/superpoint) by extension 'ros'
[1.475s] Level 1:colcon.colcon_core.package_identification:_identify(ros2_ws/src/rtabmap_ros/docker/jazzy/superpoint) by extensions ['cmake', 'python']
[1.475s] Level 1:colcon.colcon_core.package_identification:_identify(ros2_ws/src/rtabmap_ros/docker/jazzy/superpoint) by extension 'cmake'
[1.475s] Level 1:colcon.colcon_core.package_identification:_identify(ros2_ws/src/rtabmap_ros/docker/jazzy/superpoint) by extension 'python'
[1.476s] Level 1:colcon.colcon_core.package_identification:_identify(ros2_ws/src/rtabmap_ros/docker/jazzy/superpoint) by extensions ['python_setup_py']
[1.476s] Level 1:colcon.colcon_core.package_identification:_identify(ros2_ws/src/rtabmap_ros/docker/jazzy/superpoint) by extension 'python_setup_py'
[1.476s] Level 1:colcon.colcon_core.package_identification:_identify(ros2_ws/src/rtabmap_ros/docker/kilted) by extensions ['ignore', 'ignore_ament_install']
[1.476s] Level 1:colcon.colcon_core.package_identification:_identify(ros2_ws/src/rtabmap_ros/docker/kilted) by extension 'ignore'
[1.476s] Level 1:colcon.colcon_core.package_identification:_identify(ros2_ws/src/rtabmap_ros/docker/kilted) by extension 'ignore_ament_install'
[1.476s] Level 1:colcon.colcon_core.package_identification:_identify(ros2_ws/src/rtabmap_ros/docker/kilted) by extensions ['colcon_pkg']
[1.476s] Level 1:colcon.colcon_core.package_identification:_identify(ros2_ws/src/rtabmap_ros/docker/kilted) by extension 'colcon_pkg'
[1.476s] Level 1:colcon.colcon_core.package_identification:_identify(ros2_ws/src/rtabmap_ros/docker/kilted) by extensions ['colcon_meta']
[1.476s] Level 1:colcon.colcon_core.package_identification:_identify(ros2_ws/src/rtabmap_ros/docker/kilted) by extension 'colcon_meta'
[1.476s] Level 1:colcon.colcon_core.package_identification:_identify(ros2_ws/src/rtabmap_ros/docker/kilted) by extensions ['ros']
[1.477s] Level 1:colcon.colcon_core.package_identification:_identify(ros2_ws/src/rtabmap_ros/docker/kilted) by extension 'ros'
[1.477s] Level 1:colcon.colcon_core.package_identification:_identify(ros2_ws/src/rtabmap_ros/docker/kilted) by extensions ['cmake', 'python']
[1.477s] Level 1:colcon.colcon_core.package_identification:_identify(ros2_ws/src/rtabmap_ros/docker/kilted) by extension 'cmake'
[1.477s] Level 1:colcon.colcon_core.package_identification:_identify(ros2_ws/src/rtabmap_ros/docker/kilted) by extension 'python'
[1.477s] Level 1:colcon.colcon_core.package_identification:_identify(ros2_ws/src/rtabmap_ros/docker/kilted) by extensions ['python_setup_py']
[1.477s] Level 1:colcon.colcon_core.package_identification:_identify(ros2_ws/src/rtabmap_ros/docker/kilted) by extension 'python_setup_py'
[1.477s] Level 1:colcon.colcon_core.package_identification:_identify(ros2_ws/src/rtabmap_ros/docker/kilted/latest) by extensions ['ignore', 'ignore_ament_install']
[1.477s] Level 1:colcon.colcon_core.package_identification:_identify(ros2_ws/src/rtabmap_ros/docker/kilted/latest) by extension 'ignore'
[1.477s] Level 1:colcon.colcon_core.package_identification:_identify(ros2_ws/src/rtabmap_ros/docker/kilted/latest) by extension 'ignore_ament_install'
[1.478s] Level 1:colcon.colcon_core.package_identification:_identify(ros2_ws/src/rtabmap_ros/docker/kilted/latest) by extensions ['colcon_pkg']
[1.478s] Level 1:colcon.colcon_core.package_identification:_identify(ros2_ws/src/rtabmap_ros/docker/kilted/latest) by extension 'colcon_pkg'
[1.478s] Level 1:colcon.colcon_core.package_identification:_identify(ros2_ws/src/rtabmap_ros/docker/kilted/latest) by extensions ['colcon_meta']
[1.478s] Level 1:colcon.colcon_core.package_identification:_identify(ros2_ws/src/rtabmap_ros/docker/kilted/latest) by extension 'colcon_meta'
[1.478s] Level 1:colcon.colcon_core.package_identification:_identify(ros2_ws/src/rtabmap_ros/docker/kilted/latest) by extensions ['ros']
[1.478s] Level 1:colcon.colcon_core.package_identification:_identify(ros2_ws/src/rtabmap_ros/docker/kilted/latest) by extension 'ros'
[1.478s] Level 1:colcon.colcon_core.package_identification:_identify(ros2_ws/src/rtabmap_ros/docker/kilted/latest) by extensions ['cmake', 'python']
[1.478s] Level 1:colcon.colcon_core.package_identification:_identify(ros2_ws/src/rtabmap_ros/docker/kilted/latest) by extension 'cmake'
[1.478s] Level 1:colcon.colcon_core.package_identification:_identify(ros2_ws/src/rtabmap_ros/docker/kilted/latest) by extension 'python'
[1.478s] Level 1:colcon.colcon_core.package_identification:_identify(ros2_ws/src/rtabmap_ros/docker/kilted/latest) by extensions ['python_setup_py']
[1.479s] Level 1:colcon.colcon_core.package_identification:_identify(ros2_ws/src/rtabmap_ros/docker/kilted/latest) by extension 'python_setup_py'
[1.479s] Level 1:colcon.colcon_core.package_identification:_identify(ros2_ws/src/rtabmap_ros/docker/kinetic) by extensions ['ignore', 'ignore_ament_install']
[1.479s] Level 1:colcon.colcon_core.package_identification:_identify(ros2_ws/src/rtabmap_ros/docker/kinetic) by extension 'ignore'
[1.479s] Level 1:colcon.colcon_core.package_identification:_identify(ros2_ws/src/rtabmap_ros/docker/kinetic) by extension 'ignore_ament_install'
[1.479s] Level 1:colcon.colcon_core.package_identification:_identify(ros2_ws/src/rtabmap_ros/docker/kinetic) by extensions ['colcon_pkg']
[1.479s] Level 1:colcon.colcon_core.package_identification:_identify(ros2_ws/src/rtabmap_ros/docker/kinetic) by extension 'colcon_pkg'
[1.479s] Level 1:colcon.colcon_core.package_identification:_identify(ros2_ws/src/rtabmap_ros/docker/kinetic) by extensions ['colcon_meta']
[1.479s] Level 1:colcon.colcon_core.package_identification:_identify(ros2_ws/src/rtabmap_ros/docker/kinetic) by extension 'colcon_meta'
[1.479s] Level 1:colcon.colcon_core.package_identification:_identify(ros2_ws/src/rtabmap_ros/docker/kinetic) by extensions ['ros']
[1.480s] Level 1:colcon.colcon_core.package_identification:_identify(ros2_ws/src/rtabmap_ros/docker/kinetic) by extension 'ros'
[1.480s] Level 1:colcon.colcon_core.package_identification:_identify(ros2_ws/src/rtabmap_ros/docker/kinetic) by extensions ['cmake', 'python']
[1.480s] Level 1:colcon.colcon_core.package_identification:_identify(ros2_ws/src/rtabmap_ros/docker/kinetic) by extension 'cmake'
[1.480s] Level 1:colcon.colcon_core.package_identification:_identify(ros2_ws/src/rtabmap_ros/docker/kinetic) by extension 'python'
[1.480s] Level 1:colcon.colcon_core.package_identification:_identify(ros2_ws/src/rtabmap_ros/docker/kinetic) by extensions ['python_setup_py']
[1.480s] Level 1:colcon.colcon_core.package_identification:_identify(ros2_ws/src/rtabmap_ros/docker/kinetic) by extension 'python_setup_py'
[1.480s] Level 1:colcon.colcon_core.package_identification:_identify(ros2_ws/src/rtabmap_ros/docker/kinetic/latest) by extensions ['ignore', 'ignore_ament_install']
[1.480s] Level 1:colcon.colcon_core.package_identification:_identify(ros2_ws/src/rtabmap_ros/docker/kinetic/latest) by extension 'ignore'
[1.480s] Level 1:colcon.colcon_core.package_identification:_identify(ros2_ws/src/rtabmap_ros/docker/kinetic/latest) by extension 'ignore_ament_install'
[1.481s] Level 1:colcon.colcon_core.package_identification:_identify(ros2_ws/src/rtabmap_ros/docker/kinetic/latest) by extensions ['colcon_pkg']
[1.481s] Level 1:colcon.colcon_core.package_identification:_identify(ros2_ws/src/rtabmap_ros/docker/kinetic/latest) by extension 'colcon_pkg'
[1.481s] Level 1:colcon.colcon_core.package_identification:_identify(ros2_ws/src/rtabmap_ros/docker/kinetic/latest) by extensions ['colcon_meta']
[1.481s] Level 1:colcon.colcon_core.package_identification:_identify(ros2_ws/src/rtabmap_ros/docker/kinetic/latest) by extension 'colcon_meta'
[1.481s] Level 1:colcon.colcon_core.package_identification:_identify(ros2_ws/src/rtabmap_ros/docker/kinetic/latest) by extensions ['ros']
[1.481s] Level 1:colcon.colcon_core.package_identification:_identify(ros2_ws/src/rtabmap_ros/docker/kinetic/latest) by extension 'ros'
[1.481s] Level 1:colcon.colcon_core.package_identification:_identify(ros2_ws/src/rtabmap_ros/docker/kinetic/latest) by extensions ['cmake', 'python']
[1.481s] Level 1:colcon.colcon_core.package_identification:_identify(ros2_ws/src/rtabmap_ros/docker/kinetic/latest) by extension 'cmake'
[1.481s] Level 1:colcon.colcon_core.package_identification:_identify(ros2_ws/src/rtabmap_ros/docker/kinetic/latest) by extension 'python'
[1.481s] Level 1:colcon.colcon_core.package_identification:_identify(ros2_ws/src/rtabmap_ros/docker/kinetic/latest) by extensions ['python_setup_py']
[1.482s] Level 1:colcon.colcon_core.package_identification:_identify(ros2_ws/src/rtabmap_ros/docker/kinetic/latest) by extension 'python_setup_py'
[1.482s] Level 1:colcon.colcon_core.package_identification:_identify(ros2_ws/src/rtabmap_ros/docker/kinetic/latest/hooks) by extensions ['ignore', 'ignore_ament_install']
[1.482s] Level 1:colcon.colcon_core.package_identification:_identify(ros2_ws/src/rtabmap_ros/docker/kinetic/latest/hooks) by extension 'ignore'
[1.482s] Level 1:colcon.colcon_core.package_identification:_identify(ros2_ws/src/rtabmap_ros/docker/kinetic/latest/hooks) by extension 'ignore_ament_install'
[1.482s] Level 1:colcon.colcon_core.package_identification:_identify(ros2_ws/src/rtabmap_ros/docker/kinetic/latest/hooks) by extensions ['colcon_pkg']
[1.482s] Level 1:colcon.colcon_core.package_identification:_identify(ros2_ws/src/rtabmap_ros/docker/kinetic/latest/hooks) by extension 'colcon_pkg'
[1.482s] Level 1:colcon.colcon_core.package_identification:_identify(ros2_ws/src/rtabmap_ros/docker/kinetic/latest/hooks) by extensions ['colcon_meta']
[1.482s] Level 1:colcon.colcon_core.package_identification:_identify(ros2_ws/src/rtabmap_ros/docker/kinetic/latest/hooks) by extension 'colcon_meta'
[1.482s] Level 1:colcon.colcon_core.package_identification:_identify(ros2_ws/src/rtabmap_ros/docker/kinetic/latest/hooks) by extensions ['ros']
[1.483s] Level 1:colcon.colcon_core.package_identification:_identify(ros2_ws/src/rtabmap_ros/docker/kinetic/latest/hooks) by extension 'ros'
[1.483s] Level 1:colcon.colcon_core.package_identification:_identify(ros2_ws/src/rtabmap_ros/docker/kinetic/latest/hooks) by extensions ['cmake', 'python']
[1.483s] Level 1:colcon.colcon_core.package_identification:_identify(ros2_ws/src/rtabmap_ros/docker/kinetic/latest/hooks) by extension 'cmake'
[1.483s] Level 1:colcon.colcon_core.package_identification:_identify(ros2_ws/src/rtabmap_ros/docker/kinetic/latest/hooks) by extension 'python'
[1.483s] Level 1:colcon.colcon_core.package_identification:_identify(ros2_ws/src/rtabmap_ros/docker/kinetic/latest/hooks) by extensions ['python_setup_py']
[1.483s] Level 1:colcon.colcon_core.package_identification:_identify(ros2_ws/src/rtabmap_ros/docker/kinetic/latest/hooks) by extension 'python_setup_py'
[1.483s] Level 1:colcon.colcon_core.package_identification:_identify(ros2_ws/src/rtabmap_ros/docker/melodic) by extensions ['ignore', 'ignore_ament_install']
[1.483s] Level 1:colcon.colcon_core.package_identification:_identify(ros2_ws/src/rtabmap_ros/docker/melodic) by extension 'ignore'
[1.484s] Level 1:colcon.colcon_core.package_identification:_identify(ros2_ws/src/rtabmap_ros/docker/melodic) by extension 'ignore_ament_install'
[1.484s] Level 1:colcon.colcon_core.package_identification:_identify(ros2_ws/src/rtabmap_ros/docker/melodic) by extensions ['colcon_pkg']
[1.484s] Level 1:colcon.colcon_core.package_identification:_identify(ros2_ws/src/rtabmap_ros/docker/melodic) by extension 'colcon_pkg'
[1.484s] Level 1:colcon.colcon_core.package_identification:_identify(ros2_ws/src/rtabmap_ros/docker/melodic) by extensions ['colcon_meta']
[1.484s] Level 1:colcon.colcon_core.package_identification:_identify(ros2_ws/src/rtabmap_ros/docker/melodic) by extension 'colcon_meta'
[1.484s] Level 1:colcon.colcon_core.package_identification:_identify(ros2_ws/src/rtabmap_ros/docker/melodic) by extensions ['ros']
[1.484s] Level 1:colcon.colcon_core.package_identification:_identify(ros2_ws/src/rtabmap_ros/docker/melodic) by extension 'ros'
[1.484s] Level 1:colcon.colcon_core.package_identification:_identify(ros2_ws/src/rtabmap_ros/docker/melodic) by extensions ['cmake', 'python']
[1.484s] Level 1:colcon.colcon_core.package_identification:_identify(ros2_ws/src/rtabmap_ros/docker/melodic) by extension 'cmake'
[1.484s] Level 1:colcon.colcon_core.package_identification:_identify(ros2_ws/src/rtabmap_ros/docker/melodic) by extension 'python'
[1.484s] Level 1:colcon.colcon_core.package_identification:_identify(ros2_ws/src/rtabmap_ros/docker/melodic) by extensions ['python_setup_py']
[1.485s] Level 1:colcon.colcon_core.package_identification:_identify(ros2_ws/src/rtabmap_ros/docker/melodic) by extension 'python_setup_py'
[1.485s] Level 1:colcon.colcon_core.package_identification:_identify(ros2_ws/src/rtabmap_ros/docker/melodic/latest) by extensions ['ignore', 'ignore_ament_install']
[1.485s] Level 1:colcon.colcon_core.package_identification:_identify(ros2_ws/src/rtabmap_ros/docker/melodic/latest) by extension 'ignore'
[1.485s] Level 1:colcon.colcon_core.package_identification:_identify(ros2_ws/src/rtabmap_ros/docker/melodic/latest) by extension 'ignore_ament_install'
[1.485s] Level 1:colcon.colcon_core.package_identification:_identify(ros2_ws/src/rtabmap_ros/docker/melodic/latest) by extensions ['colcon_pkg']
[1.485s] Level 1:colcon.colcon_core.package_identification:_identify(ros2_ws/src/rtabmap_ros/docker/melodic/latest) by extension 'colcon_pkg'
[1.485s] Level 1:colcon.colcon_core.package_identification:_identify(ros2_ws/src/rtabmap_ros/docker/melodic/latest) by extensions ['colcon_meta']
[1.485s] Level 1:colcon.colcon_core.package_identification:_identify(ros2_ws/src/rtabmap_ros/docker/melodic/latest) by extension 'colcon_meta'
[1.485s] Level 1:colcon.colcon_core.package_identification:_identify(ros2_ws/src/rtabmap_ros/docker/melodic/latest) by extensions ['ros']
[1.486s] Level 1:colcon.colcon_core.package_identification:_identify(ros2_ws/src/rtabmap_ros/docker/melodic/latest) by extension 'ros'
[1.486s] Level 1:colcon.colcon_core.package_identification:_identify(ros2_ws/src/rtabmap_ros/docker/melodic/latest) by extensions ['cmake', 'python']
[1.486s] Level 1:colcon.colcon_core.package_identification:_identify(ros2_ws/src/rtabmap_ros/docker/melodic/latest) by extension 'cmake'
[1.486s] Level 1:colcon.colcon_core.package_identification:_identify(ros2_ws/src/rtabmap_ros/docker/melodic/latest) by extension 'python'
[1.486s] Level 1:colcon.colcon_core.package_identification:_identify(ros2_ws/src/rtabmap_ros/docker/melodic/latest) by extensions ['python_setup_py']
[1.486s] Level 1:colcon.colcon_core.package_identification:_identify(ros2_ws/src/rtabmap_ros/docker/melodic/latest) by extension 'python_setup_py'
[1.486s] Level 1:colcon.colcon_core.package_identification:_identify(ros2_ws/src/rtabmap_ros/docker/melodic/latest/hooks) by extensions ['ignore', 'ignore_ament_install']
[1.486s] Level 1:colcon.colcon_core.package_identification:_identify(ros2_ws/src/rtabmap_ros/docker/melodic/latest/hooks) by extension 'ignore'
[1.486s] Level 1:colcon.colcon_core.package_identification:_identify(ros2_ws/src/rtabmap_ros/docker/melodic/latest/hooks) by extension 'ignore_ament_install'
[1.487s] Level 1:colcon.colcon_core.package_identification:_identify(ros2_ws/src/rtabmap_ros/docker/melodic/latest/hooks) by extensions ['colcon_pkg']
[1.487s] Level 1:colcon.colcon_core.package_identification:_identify(ros2_ws/src/rtabmap_ros/docker/melodic/latest/hooks) by extension 'colcon_pkg'
[1.487s] Level 1:colcon.colcon_core.package_identification:_identify(ros2_ws/src/rtabmap_ros/docker/melodic/latest/hooks) by extensions ['colcon_meta']
[1.487s] Level 1:colcon.colcon_core.package_identification:_identify(ros2_ws/src/rtabmap_ros/docker/melodic/latest/hooks) by extension 'colcon_meta'
[1.487s] Level 1:colcon.colcon_core.package_identification:_identify(ros2_ws/src/rtabmap_ros/docker/melodic/latest/hooks) by extensions ['ros']
[1.487s] Level 1:colcon.colcon_core.package_identification:_identify(ros2_ws/src/rtabmap_ros/docker/melodic/latest/hooks) by extension 'ros'
[1.487s] Level 1:colcon.colcon_core.package_identification:_identify(ros2_ws/src/rtabmap_ros/docker/melodic/latest/hooks) by extensions ['cmake', 'python']
[1.487s] Level 1:colcon.colcon_core.package_identification:_identify(ros2_ws/src/rtabmap_ros/docker/melodic/latest/hooks) by extension 'cmake'
[1.487s] Level 1:colcon.colcon_core.package_identification:_identify(ros2_ws/src/rtabmap_ros/docker/melodic/latest/hooks) by extension 'python'
[1.487s] Level 1:colcon.colcon_core.package_identification:_identify(ros2_ws/src/rtabmap_ros/docker/melodic/latest/hooks) by extensions ['python_setup_py']
[1.488s] Level 1:colcon.colcon_core.package_identification:_identify(ros2_ws/src/rtabmap_ros/docker/melodic/latest/hooks) by extension 'python_setup_py'
[1.488s] Level 1:colcon.colcon_core.package_identification:_identify(ros2_ws/src/rtabmap_ros/docker/noetic) by extensions ['ignore', 'ignore_ament_install']
[1.488s] Level 1:colcon.colcon_core.package_identification:_identify(ros2_ws/src/rtabmap_ros/docker/noetic) by extension 'ignore'
[1.488s] Level 1:colcon.colcon_core.package_identification:_identify(ros2_ws/src/rtabmap_ros/docker/noetic) by extension 'ignore_ament_install'
[1.488s] Level 1:colcon.colcon_core.package_identification:_identify(ros2_ws/src/rtabmap_ros/docker/noetic) by extensions ['colcon_pkg']
[1.488s] Level 1:colcon.colcon_core.package_identification:_identify(ros2_ws/src/rtabmap_ros/docker/noetic) by extension 'colcon_pkg'
[1.488s] Level 1:colcon.colcon_core.package_identification:_identify(ros2_ws/src/rtabmap_ros/docker/noetic) by extensions ['colcon_meta']
[1.488s] Level 1:colcon.colcon_core.package_identification:_identify(ros2_ws/src/rtabmap_ros/docker/noetic) by extension 'colcon_meta'
[1.488s] Level 1:colcon.colcon_core.package_identification:_identify(ros2_ws/src/rtabmap_ros/docker/noetic) by extensions ['ros']
[1.489s] Level 1:colcon.colcon_core.package_identification:_identify(ros2_ws/src/rtabmap_ros/docker/noetic) by extension 'ros'
[1.489s] Level 1:colcon.colcon_core.package_identification:_identify(ros2_ws/src/rtabmap_ros/docker/noetic) by extensions ['cmake', 'python']
[1.489s] Level 1:colcon.colcon_core.package_identification:_identify(ros2_ws/src/rtabmap_ros/docker/noetic) by extension 'cmake'
[1.489s] Level 1:colcon.colcon_core.package_identification:_identify(ros2_ws/src/rtabmap_ros/docker/noetic) by extension 'python'
[1.489s] Level 1:colcon.colcon_core.package_identification:_identify(ros2_ws/src/rtabmap_ros/docker/noetic) by extensions ['python_setup_py']
[1.489s] Level 1:colcon.colcon_core.package_identification:_identify(ros2_ws/src/rtabmap_ros/docker/noetic) by extension 'python_setup_py'
[1.489s] Level 1:colcon.colcon_core.package_identification:_identify(ros2_ws/src/rtabmap_ros/docker/noetic/latest) by extensions ['ignore', 'ignore_ament_install']
[1.489s] Level 1:colcon.colcon_core.package_identification:_identify(ros2_ws/src/rtabmap_ros/docker/noetic/latest) by extension 'ignore'
[1.489s] Level 1:colcon.colcon_core.package_identification:_identify(ros2_ws/src/rtabmap_ros/docker/noetic/latest) by extension 'ignore_ament_install'
[1.490s] Level 1:colcon.colcon_core.package_identification:_identify(ros2_ws/src/rtabmap_ros/docker/noetic/latest) by extensions ['colcon_pkg']
[1.490s] Level 1:colcon.colcon_core.package_identification:_identify(ros2_ws/src/rtabmap_ros/docker/noetic/latest) by extension 'colcon_pkg'
[1.490s] Level 1:colcon.colcon_core.package_identification:_identify(ros2_ws/src/rtabmap_ros/docker/noetic/latest) by extensions ['colcon_meta']
[1.490s] Level 1:colcon.colcon_core.package_identification:_identify(ros2_ws/src/rtabmap_ros/docker/noetic/latest) by extension 'colcon_meta'
[1.490s] Level 1:colcon.colcon_core.package_identification:_identify(ros2_ws/src/rtabmap_ros/docker/noetic/latest) by extensions ['ros']
[1.490s] Level 1:colcon.colcon_core.package_identification:_identify(ros2_ws/src/rtabmap_ros/docker/noetic/latest) by extension 'ros'
[1.490s] Level 1:colcon.colcon_core.package_identification:_identify(ros2_ws/src/rtabmap_ros/docker/noetic/latest) by extensions ['cmake', 'python']
[1.490s] Level 1:colcon.colcon_core.package_identification:_identify(ros2_ws/src/rtabmap_ros/docker/noetic/latest) by extension 'cmake'
[1.490s] Level 1:colcon.colcon_core.package_identification:_identify(ros2_ws/src/rtabmap_ros/docker/noetic/latest) by extension 'python'
[1.490s] Level 1:colcon.colcon_core.package_identification:_identify(ros2_ws/src/rtabmap_ros/docker/noetic/latest) by extensions ['python_setup_py']
[1.490s] Level 1:colcon.colcon_core.package_identification:_identify(ros2_ws/src/rtabmap_ros/docker/noetic/latest) by extension 'python_setup_py'
[1.491s] Level 1:colcon.colcon_core.package_identification:_identify(ros2_ws/src/rtabmap_ros/docker/noetic/latest/hooks) by extensions ['ignore', 'ignore_ament_install']
[1.491s] Level 1:colcon.colcon_core.package_identification:_identify(ros2_ws/src/rtabmap_ros/docker/noetic/latest/hooks) by extension 'ignore'
[1.491s] Level 1:colcon.colcon_core.package_identification:_identify(ros2_ws/src/rtabmap_ros/docker/noetic/latest/hooks) by extension 'ignore_ament_install'
[1.491s] Level 1:colcon.colcon_core.package_identification:_identify(ros2_ws/src/rtabmap_ros/docker/noetic/latest/hooks) by extensions ['colcon_pkg']
[1.491s] Level 1:colcon.colcon_core.package_identification:_identify(ros2_ws/src/rtabmap_ros/docker/noetic/latest/hooks) by extension 'colcon_pkg'
[1.491s] Level 1:colcon.colcon_core.package_identification:_identify(ros2_ws/src/rtabmap_ros/docker/noetic/latest/hooks) by extensions ['colcon_meta']
[1.491s] Level 1:colcon.colcon_core.package_identification:_identify(ros2_ws/src/rtabmap_ros/docker/noetic/latest/hooks) by extension 'colcon_meta'
[1.491s] Level 1:colcon.colcon_core.package_identification:_identify(ros2_ws/src/rtabmap_ros/docker/noetic/latest/hooks) by extensions ['ros']
[1.492s] Level 1:colcon.colcon_core.package_identification:_identify(ros2_ws/src/rtabmap_ros/docker/noetic/latest/hooks) by extension 'ros'
[1.492s] Level 1:colcon.colcon_core.package_identification:_identify(ros2_ws/src/rtabmap_ros/docker/noetic/latest/hooks) by extensions ['cmake', 'python']
[1.492s] Level 1:colcon.colcon_core.package_identification:_identify(ros2_ws/src/rtabmap_ros/docker/noetic/latest/hooks) by extension 'cmake'
[1.492s] Level 1:colcon.colcon_core.package_identification:_identify(ros2_ws/src/rtabmap_ros/docker/noetic/latest/hooks) by extension 'python'
[1.492s] Level 1:colcon.colcon_core.package_identification:_identify(ros2_ws/src/rtabmap_ros/docker/noetic/latest/hooks) by extensions ['python_setup_py']
[1.494s] Level 1:colcon.colcon_core.package_identification:_identify(ros2_ws/src/rtabmap_ros/docker/noetic/latest/hooks) by extension 'python_setup_py'
[1.494s] Level 1:colcon.colcon_core.package_identification:_identify(ros2_ws/src/rtabmap_ros/docker/noetic/superpoint) by extensions ['ignore', 'ignore_ament_install']
[1.495s] Level 1:colcon.colcon_core.package_identification:_identify(ros2_ws/src/rtabmap_ros/docker/noetic/superpoint) by extension 'ignore'
[1.495s] Level 1:colcon.colcon_core.package_identification:_identify(ros2_ws/src/rtabmap_ros/docker/noetic/superpoint) by extension 'ignore_ament_install'
[1.495s] Level 1:colcon.colcon_core.package_identification:_identify(ros2_ws/src/rtabmap_ros/docker/noetic/superpoint) by extensions ['colcon_pkg']
[1.495s] Level 1:colcon.colcon_core.package_identification:_identify(ros2_ws/src/rtabmap_ros/docker/noetic/superpoint) by extension 'colcon_pkg'
[1.495s] Level 1:colcon.colcon_core.package_identification:_identify(ros2_ws/src/rtabmap_ros/docker/noetic/superpoint) by extensions ['colcon_meta']
[1.495s] Level 1:colcon.colcon_core.package_identification:_identify(ros2_ws/src/rtabmap_ros/docker/noetic/superpoint) by extension 'colcon_meta'
[1.495s] Level 1:colcon.colcon_core.package_identification:_identify(ros2_ws/src/rtabmap_ros/docker/noetic/superpoint) by extensions ['ros']
[1.495s] Level 1:colcon.colcon_core.package_identification:_identify(ros2_ws/src/rtabmap_ros/docker/noetic/superpoint) by extension 'ros'
[1.495s] Level 1:colcon.colcon_core.package_identification:_identify(ros2_ws/src/rtabmap_ros/docker/noetic/superpoint) by extensions ['cmake', 'python']
[1.495s] Level 1:colcon.colcon_core.package_identification:_identify(ros2_ws/src/rtabmap_ros/docker/noetic/superpoint) by extension 'cmake'
[1.496s] Level 1:colcon.colcon_core.package_identification:_identify(ros2_ws/src/rtabmap_ros/docker/noetic/superpoint) by extension 'python'
[1.496s] Level 1:colcon.colcon_core.package_identification:_identify(ros2_ws/src/rtabmap_ros/docker/noetic/superpoint) by extensions ['python_setup_py']
[1.496s] Level 1:colcon.colcon_core.package_identification:_identify(ros2_ws/src/rtabmap_ros/docker/noetic/superpoint) by extension 'python_setup_py'
[1.496s] Level 1:colcon.colcon_core.package_identification:_identify(ros2_ws/src/rtabmap_ros/rtabmap_conversions) by extensions ['ignore', 'ignore_ament_install']
[1.496s] Level 1:colcon.colcon_core.package_identification:_identify(ros2_ws/src/rtabmap_ros/rtabmap_conversions) by extension 'ignore'
[1.496s] Level 1:colcon.colcon_core.package_identification:_identify(ros2_ws/src/rtabmap_ros/rtabmap_conversions) by extension 'ignore_ament_install'
[1.496s] Level 1:colcon.colcon_core.package_identification:_identify(ros2_ws/src/rtabmap_ros/rtabmap_conversions) by extensions ['colcon_pkg']
[1.496s] Level 1:colcon.colcon_core.package_identification:_identify(ros2_ws/src/rtabmap_ros/rtabmap_conversions) by extension 'colcon_pkg'
[1.496s] Level 1:colcon.colcon_core.package_identification:_identify(ros2_ws/src/rtabmap_ros/rtabmap_conversions) by extensions ['colcon_meta']
[1.496s] Level 1:colcon.colcon_core.package_identification:_identify(ros2_ws/src/rtabmap_ros/rtabmap_conversions) by extension 'colcon_meta'
[1.497s] Level 1:colcon.colcon_core.package_identification:_identify(ros2_ws/src/rtabmap_ros/rtabmap_conversions) by extensions ['ros']
[1.497s] Level 1:colcon.colcon_core.package_identification:_identify(ros2_ws/src/rtabmap_ros/rtabmap_conversions) by extension 'ros'
[1.500s] DEBUG:colcon.colcon_core.package_identification:Package 'ros2_ws/src/rtabmap_ros/rtabmap_conversions' with type 'ros.ament_cmake' and name 'rtabmap_conversions'
[1.500s] Level 1:colcon.colcon_core.package_identification:_identify(ros2_ws/src/rtabmap_ros/rtabmap_costmap_plugins) by extensions ['ignore', 'ignore_ament_install']
[1.500s] Level 1:colcon.colcon_core.package_identification:_identify(ros2_ws/src/rtabmap_ros/rtabmap_costmap_plugins) by extension 'ignore'
[1.500s] Level 1:colcon.colcon_core.package_identification:_identify(ros2_ws/src/rtabmap_ros/rtabmap_costmap_plugins) by extension 'ignore_ament_install'
[1.500s] Level 1:colcon.colcon_core.package_identification:_identify(ros2_ws/src/rtabmap_ros/rtabmap_costmap_plugins) by extensions ['colcon_pkg']
[1.500s] Level 1:colcon.colcon_core.package_identification:_identify(ros2_ws/src/rtabmap_ros/rtabmap_costmap_plugins) by extension 'colcon_pkg'
[1.500s] Level 1:colcon.colcon_core.package_identification:_identify(ros2_ws/src/rtabmap_ros/rtabmap_costmap_plugins) by extensions ['colcon_meta']
[1.501s] Level 1:colcon.colcon_core.package_identification:_identify(ros2_ws/src/rtabmap_ros/rtabmap_costmap_plugins) by extension 'colcon_meta'
[1.501s] Level 1:colcon.colcon_core.package_identification:_identify(ros2_ws/src/rtabmap_ros/rtabmap_costmap_plugins) by extensions ['ros']
[1.501s] Level 1:colcon.colcon_core.package_identification:_identify(ros2_ws/src/rtabmap_ros/rtabmap_costmap_plugins) by extension 'ros'
[1.502s] DEBUG:colcon.colcon_core.package_identification:Package 'ros2_ws/src/rtabmap_ros/rtabmap_costmap_plugins' with type 'ros.ament_cmake' and name 'rtabmap_costmap_plugins'
[1.503s] Level 1:colcon.colcon_core.package_identification:_identify(ros2_ws/src/rtabmap_ros/rtabmap_demos) by extensions ['ignore', 'ignore_ament_install']
[1.503s] Level 1:colcon.colcon_core.package_identification:_identify(ros2_ws/src/rtabmap_ros/rtabmap_demos) by extension 'ignore'
[1.503s] Level 1:colcon.colcon_core.package_identification:_identify(ros2_ws/src/rtabmap_ros/rtabmap_demos) by extension 'ignore_ament_install'
[1.503s] Level 1:colcon.colcon_core.package_identification:_identify(ros2_ws/src/rtabmap_ros/rtabmap_demos) by extensions ['colcon_pkg']
[1.503s] Level 1:colcon.colcon_core.package_identification:_identify(ros2_ws/src/rtabmap_ros/rtabmap_demos) by extension 'colcon_pkg'
[1.503s] Level 1:colcon.colcon_core.package_identification:_identify(ros2_ws/src/rtabmap_ros/rtabmap_demos) by extensions ['colcon_meta']
[1.503s] Level 1:colcon.colcon_core.package_identification:_identify(ros2_ws/src/rtabmap_ros/rtabmap_demos) by extension 'colcon_meta'
[1.503s] Level 1:colcon.colcon_core.package_identification:_identify(ros2_ws/src/rtabmap_ros/rtabmap_demos) by extensions ['ros']
[1.503s] Level 1:colcon.colcon_core.package_identification:_identify(ros2_ws/src/rtabmap_ros/rtabmap_demos) by extension 'ros'
[1.505s] DEBUG:colcon.colcon_core.package_identification:Package 'ros2_ws/src/rtabmap_ros/rtabmap_demos' with type 'ros.ament_cmake' and name 'rtabmap_demos'
[1.505s] Level 1:colcon.colcon_core.package_identification:_identify(ros2_ws/src/rtabmap_ros/rtabmap_examples) by extensions ['ignore', 'ignore_ament_install']
[1.505s] Level 1:colcon.colcon_core.package_identification:_identify(ros2_ws/src/rtabmap_ros/rtabmap_examples) by extension 'ignore'
[1.505s] Level 1:colcon.colcon_core.package_identification:_identify(ros2_ws/src/rtabmap_ros/rtabmap_examples) by extension 'ignore_ament_install'
[1.505s] Level 1:colcon.colcon_core.package_identification:_identify(ros2_ws/src/rtabmap_ros/rtabmap_examples) by extensions ['colcon_pkg']
[1.505s] Level 1:colcon.colcon_core.package_identification:_identify(ros2_ws/src/rtabmap_ros/rtabmap_examples) by extension 'colcon_pkg'
[1.505s] Level 1:colcon.colcon_core.package_identification:_identify(ros2_ws/src/rtabmap_ros/rtabmap_examples) by extensions ['colcon_meta']
[1.505s] Level 1:colcon.colcon_core.package_identification:_identify(ros2_ws/src/rtabmap_ros/rtabmap_examples) by extension 'colcon_meta'
[1.506s] Level 1:colcon.colcon_core.package_identification:_identify(ros2_ws/src/rtabmap_ros/rtabmap_examples) by extensions ['ros']
[1.506s] Level 1:colcon.colcon_core.package_identification:_identify(ros2_ws/src/rtabmap_ros/rtabmap_examples) by extension 'ros'
[1.507s] DEBUG:colcon.colcon_core.package_identification:Package 'ros2_ws/src/rtabmap_ros/rtabmap_examples' with type 'ros.ament_cmake' and name 'rtabmap_examples'
[1.507s] Level 1:colcon.colcon_core.package_identification:_identify(ros2_ws/src/rtabmap_ros/rtabmap_launch) by extensions ['ignore', 'ignore_ament_install']
[1.507s] Level 1:colcon.colcon_core.package_identification:_identify(ros2_ws/src/rtabmap_ros/rtabmap_launch) by extension 'ignore'
[1.507s] Level 1:colcon.colcon_core.package_identification:_identify(ros2_ws/src/rtabmap_ros/rtabmap_launch) by extension 'ignore_ament_install'
[1.507s] Level 1:colcon.colcon_core.package_identification:_identify(ros2_ws/src/rtabmap_ros/rtabmap_launch) by extensions ['colcon_pkg']
[1.508s] Level 1:colcon.colcon_core.package_identification:_identify(ros2_ws/src/rtabmap_ros/rtabmap_launch) by extension 'colcon_pkg'
[1.508s] Level 1:colcon.colcon_core.package_identification:_identify(ros2_ws/src/rtabmap_ros/rtabmap_launch) by extensions ['colcon_meta']
[1.508s] Level 1:colcon.colcon_core.package_identification:_identify(ros2_ws/src/rtabmap_ros/rtabmap_launch) by extension 'colcon_meta'
[1.508s] Level 1:colcon.colcon_core.package_identification:_identify(ros2_ws/src/rtabmap_ros/rtabmap_launch) by extensions ['ros']
[1.508s] Level 1:colcon.colcon_core.package_identification:_identify(ros2_ws/src/rtabmap_ros/rtabmap_launch) by extension 'ros'
[1.509s] DEBUG:colcon.colcon_core.package_identification:Package 'ros2_ws/src/rtabmap_ros/rtabmap_launch' with type 'ros.ament_cmake' and name 'rtabmap_launch'
[1.509s] Level 1:colcon.colcon_core.package_identification:_identify(ros2_ws/src/rtabmap_ros/rtabmap_msgs) by extensions ['ignore', 'ignore_ament_install']
[1.510s] Level 1:colcon.colcon_core.package_identification:_identify(ros2_ws/src/rtabmap_ros/rtabmap_msgs) by extension 'ignore'
[1.510s] Level 1:colcon.colcon_core.package_identification:_identify(ros2_ws/src/rtabmap_ros/rtabmap_msgs) by extension 'ignore_ament_install'
[1.510s] Level 1:colcon.colcon_core.package_identification:_identify(ros2_ws/src/rtabmap_ros/rtabmap_msgs) by extensions ['colcon_pkg']
[1.510s] Level 1:colcon.colcon_core.package_identification:_identify(ros2_ws/src/rtabmap_ros/rtabmap_msgs) by extension 'colcon_pkg'
[1.510s] Level 1:colcon.colcon_core.package_identification:_identify(ros2_ws/src/rtabmap_ros/rtabmap_msgs) by extensions ['colcon_meta']
[1.510s] Level 1:colcon.colcon_core.package_identification:_identify(ros2_ws/src/rtabmap_ros/rtabmap_msgs) by extension 'colcon_meta'
[1.510s] Level 1:colcon.colcon_core.package_identification:_identify(ros2_ws/src/rtabmap_ros/rtabmap_msgs) by extensions ['ros']
[1.510s] Level 1:colcon.colcon_core.package_identification:_identify(ros2_ws/src/rtabmap_ros/rtabmap_msgs) by extension 'ros'
[1.512s] DEBUG:colcon.colcon_core.package_identification:Package 'ros2_ws/src/rtabmap_ros/rtabmap_msgs' with type 'ros.ament_cmake' and name 'rtabmap_msgs'
[1.512s] Level 1:colcon.colcon_core.package_identification:_identify(ros2_ws/src/rtabmap_ros/rtabmap_odom) by extensions ['ignore', 'ignore_ament_install']
[1.513s] Level 1:colcon.colcon_core.package_identification:_identify(ros2_ws/src/rtabmap_ros/rtabmap_odom) by extension 'ignore'
[1.513s] Level 1:colcon.colcon_core.package_identification:_identify(ros2_ws/src/rtabmap_ros/rtabmap_odom) by extension 'ignore_ament_install'
[1.513s] Level 1:colcon.colcon_core.package_identification:_identify(ros2_ws/src/rtabmap_ros/rtabmap_odom) by extensions ['colcon_pkg']
[1.513s] Level 1:colcon.colcon_core.package_identification:_identify(ros2_ws/src/rtabmap_ros/rtabmap_odom) by extension 'colcon_pkg'
[1.513s] Level 1:colcon.colcon_core.package_identification:_identify(ros2_ws/src/rtabmap_ros/rtabmap_odom) by extensions ['colcon_meta']
[1.513s] Level 1:colcon.colcon_core.package_identification:_identify(ros2_ws/src/rtabmap_ros/rtabmap_odom) by extension 'colcon_meta'
[1.513s] Level 1:colcon.colcon_core.package_identification:_identify(ros2_ws/src/rtabmap_ros/rtabmap_odom) by extensions ['ros']
[1.513s] Level 1:colcon.colcon_core.package_identification:_identify(ros2_ws/src/rtabmap_ros/rtabmap_odom) by extension 'ros'
[1.516s] DEBUG:colcon.colcon_core.package_identification:Package 'ros2_ws/src/rtabmap_ros/rtabmap_odom' with type 'ros.ament_cmake' and name 'rtabmap_odom'
[1.516s] Level 1:colcon.colcon_core.package_identification:_identify(ros2_ws/src/rtabmap_ros/rtabmap_python) by extensions ['ignore', 'ignore_ament_install']
[1.517s] Level 1:colcon.colcon_core.package_identification:_identify(ros2_ws/src/rtabmap_ros/rtabmap_python) by extension 'ignore'
[1.517s] Level 1:colcon.colcon_core.package_identification:_identify(ros2_ws/src/rtabmap_ros/rtabmap_python) by extension 'ignore_ament_install'
[1.517s] Level 1:colcon.colcon_core.package_identification:_identify(ros2_ws/src/rtabmap_ros/rtabmap_python) by extensions ['colcon_pkg']
[1.517s] Level 1:colcon.colcon_core.package_identification:_identify(ros2_ws/src/rtabmap_ros/rtabmap_python) by extension 'colcon_pkg'
[1.517s] Level 1:colcon.colcon_core.package_identification:_identify(ros2_ws/src/rtabmap_ros/rtabmap_python) by extensions ['colcon_meta']
[1.517s] Level 1:colcon.colcon_core.package_identification:_identify(ros2_ws/src/rtabmap_ros/rtabmap_python) by extension 'colcon_meta'
[1.517s] Level 1:colcon.colcon_core.package_identification:_identify(ros2_ws/src/rtabmap_ros/rtabmap_python) by extensions ['ros']
[1.517s] Level 1:colcon.colcon_core.package_identification:_identify(ros2_ws/src/rtabmap_ros/rtabmap_python) by extension 'ros'
[1.518s] DEBUG:colcon.colcon_core.package_identification:Package 'ros2_ws/src/rtabmap_ros/rtabmap_python' with type 'ros.ament_python' and name 'rtabmap_python'
[1.519s] Level 1:colcon.colcon_core.package_identification:_identify(ros2_ws/src/rtabmap_ros/rtabmap_ros) by extensions ['ignore', 'ignore_ament_install']
[1.519s] Level 1:colcon.colcon_core.package_identification:_identify(ros2_ws/src/rtabmap_ros/rtabmap_ros) by extension 'ignore'
[1.519s] Level 1:colcon.colcon_core.package_identification:_identify(ros2_ws/src/rtabmap_ros/rtabmap_ros) by extension 'ignore_ament_install'
[1.519s] Level 1:colcon.colcon_core.package_identification:_identify(ros2_ws/src/rtabmap_ros/rtabmap_ros) by extensions ['colcon_pkg']
[1.519s] Level 1:colcon.colcon_core.package_identification:_identify(ros2_ws/src/rtabmap_ros/rtabmap_ros) by extension 'colcon_pkg'
[1.519s] Level 1:colcon.colcon_core.package_identification:_identify(ros2_ws/src/rtabmap_ros/rtabmap_ros) by extensions ['colcon_meta']
[1.519s] Level 1:colcon.colcon_core.package_identification:_identify(ros2_ws/src/rtabmap_ros/rtabmap_ros) by extension 'colcon_meta'
[1.519s] Level 1:colcon.colcon_core.package_identification:_identify(ros2_ws/src/rtabmap_ros/rtabmap_ros) by extensions ['ros']
[1.519s] Level 1:colcon.colcon_core.package_identification:_identify(ros2_ws/src/rtabmap_ros/rtabmap_ros) by extension 'ros'
[1.521s] DEBUG:colcon.colcon_core.package_identification:Package 'ros2_ws/src/rtabmap_ros/rtabmap_ros' with type 'ros.ament_cmake' and name 'rtabmap_ros'
[1.521s] Level 1:colcon.colcon_core.package_identification:_identify(ros2_ws/src/rtabmap_ros/rtabmap_rviz_plugins) by extensions ['ignore', 'ignore_ament_install']
[1.521s] Level 1:colcon.colcon_core.package_identification:_identify(ros2_ws/src/rtabmap_ros/rtabmap_rviz_plugins) by extension 'ignore'
[1.521s] Level 1:colcon.colcon_core.package_identification:_identify(ros2_ws/src/rtabmap_ros/rtabmap_rviz_plugins) by extension 'ignore_ament_install'
[1.521s] Level 1:colcon.colcon_core.package_identification:_identify(ros2_ws/src/rtabmap_ros/rtabmap_rviz_plugins) by extensions ['colcon_pkg']
[1.521s] Level 1:colcon.colcon_core.package_identification:_identify(ros2_ws/src/rtabmap_ros/rtabmap_rviz_plugins) by extension 'colcon_pkg'
[1.521s] Level 1:colcon.colcon_core.package_identification:_identify(ros2_ws/src/rtabmap_ros/rtabmap_rviz_plugins) by extensions ['colcon_meta']
[1.522s] Level 1:colcon.colcon_core.package_identification:_identify(ros2_ws/src/rtabmap_ros/rtabmap_rviz_plugins) by extension 'colcon_meta'
[1.522s] Level 1:colcon.colcon_core.package_identification:_identify(ros2_ws/src/rtabmap_ros/rtabmap_rviz_plugins) by extensions ['ros']
[1.522s] Level 1:colcon.colcon_core.package_identification:_identify(ros2_ws/src/rtabmap_ros/rtabmap_rviz_plugins) by extension 'ros'
[1.524s] DEBUG:colcon.colcon_core.package_identification:Package 'ros2_ws/src/rtabmap_ros/rtabmap_rviz_plugins' with type 'ros.ament_cmake' and name 'rtabmap_rviz_plugins'
[1.524s] Level 1:colcon.colcon_core.package_identification:_identify(ros2_ws/src/rtabmap_ros/rtabmap_slam) by extensions ['ignore', 'ignore_ament_install']
[1.525s] Level 1:colcon.colcon_core.package_identification:_identify(ros2_ws/src/rtabmap_ros/rtabmap_slam) by extension 'ignore'
[1.525s] Level 1:colcon.colcon_core.package_identification:_identify(ros2_ws/src/rtabmap_ros/rtabmap_slam) by extension 'ignore_ament_install'
[1.525s] Level 1:colcon.colcon_core.package_identification:_identify(ros2_ws/src/rtabmap_ros/rtabmap_slam) by extensions ['colcon_pkg']
[1.525s] Level 1:colcon.colcon_core.package_identification:_identify(ros2_ws/src/rtabmap_ros/rtabmap_slam) by extension 'colcon_pkg'
[1.525s] Level 1:colcon.colcon_core.package_identification:_identify(ros2_ws/src/rtabmap_ros/rtabmap_slam) by extensions ['colcon_meta']
[1.525s] Level 1:colcon.colcon_core.package_identification:_identify(ros2_ws/src/rtabmap_ros/rtabmap_slam) by extension 'colcon_meta'
[1.525s] Level 1:colcon.colcon_core.package_identification:_identify(ros2_ws/src/rtabmap_ros/rtabmap_slam) by extensions ['ros']
[1.525s] Level 1:colcon.colcon_core.package_identification:_identify(ros2_ws/src/rtabmap_ros/rtabmap_slam) by extension 'ros'
[1.529s] DEBUG:colcon.colcon_core.package_identification:Package 'ros2_ws/src/rtabmap_ros/rtabmap_slam' with type 'ros.ament_cmake' and name 'rtabmap_slam'
[1.529s] Level 1:colcon.colcon_core.package_identification:_identify(ros2_ws/src/rtabmap_ros/rtabmap_sync) by extensions ['ignore', 'ignore_ament_install']
[1.529s] Level 1:colcon.colcon_core.package_identification:_identify(ros2_ws/src/rtabmap_ros/rtabmap_sync) by extension 'ignore'
[1.529s] Level 1:colcon.colcon_core.package_identification:_identify(ros2_ws/src/rtabmap_ros/rtabmap_sync) by extension 'ignore_ament_install'
[1.529s] Level 1:colcon.colcon_core.package_identification:_identify(ros2_ws/src/rtabmap_ros/rtabmap_sync) by extensions ['colcon_pkg']
[1.529s] Level 1:colcon.colcon_core.package_identification:_identify(ros2_ws/src/rtabmap_ros/rtabmap_sync) by extension 'colcon_pkg'
[1.529s] Level 1:colcon.colcon_core.package_identification:_identify(ros2_ws/src/rtabmap_ros/rtabmap_sync) by extensions ['colcon_meta']
[1.529s] Level 1:colcon.colcon_core.package_identification:_identify(ros2_ws/src/rtabmap_ros/rtabmap_sync) by extension 'colcon_meta'
[1.530s] Level 1:colcon.colcon_core.package_identification:_identify(ros2_ws/src/rtabmap_ros/rtabmap_sync) by extensions ['ros']
[1.530s] Level 1:colcon.colcon_core.package_identification:_identify(ros2_ws/src/rtabmap_ros/rtabmap_sync) by extension 'ros'
[1.532s] DEBUG:colcon.colcon_core.package_identification:Package 'ros2_ws/src/rtabmap_ros/rtabmap_sync' with type 'ros.ament_cmake' and name 'rtabmap_sync'
[1.532s] Level 1:colcon.colcon_core.package_identification:_identify(ros2_ws/src/rtabmap_ros/rtabmap_util) by extensions ['ignore', 'ignore_ament_install']
[1.532s] Level 1:colcon.colcon_core.package_identification:_identify(ros2_ws/src/rtabmap_ros/rtabmap_util) by extension 'ignore'
[1.532s] Level 1:colcon.colcon_core.package_identification:_identify(ros2_ws/src/rtabmap_ros/rtabmap_util) by extension 'ignore_ament_install'
[1.532s] Level 1:colcon.colcon_core.package_identification:_identify(ros2_ws/src/rtabmap_ros/rtabmap_util) by extensions ['colcon_pkg']
[1.533s] Level 1:colcon.colcon_core.package_identification:_identify(ros2_ws/src/rtabmap_ros/rtabmap_util) by extension 'colcon_pkg'
[1.533s] Level 1:colcon.colcon_core.package_identification:_identify(ros2_ws/src/rtabmap_ros/rtabmap_util) by extensions ['colcon_meta']
[1.533s] Level 1:colcon.colcon_core.package_identification:_identify(ros2_ws/src/rtabmap_ros/rtabmap_util) by extension 'colcon_meta'
[1.533s] Level 1:colcon.colcon_core.package_identification:_identify(ros2_ws/src/rtabmap_ros/rtabmap_util) by extensions ['ros']
[1.533s] Level 1:colcon.colcon_core.package_identification:_identify(ros2_ws/src/rtabmap_ros/rtabmap_util) by extension 'ros'
[1.537s] DEBUG:colcon.colcon_core.package_identification:Package 'ros2_ws/src/rtabmap_ros/rtabmap_util' with type 'ros.ament_cmake' and name 'rtabmap_util'
[1.537s] Level 1:colcon.colcon_core.package_identification:_identify(ros2_ws/src/rtabmap_ros/rtabmap_viz) by extensions ['ignore', 'ignore_ament_install']
[1.537s] Level 1:colcon.colcon_core.package_identification:_identify(ros2_ws/src/rtabmap_ros/rtabmap_viz) by extension 'ignore'
[1.537s] Level 1:colcon.colcon_core.package_identification:_identify(ros2_ws/src/rtabmap_ros/rtabmap_viz) by extension 'ignore_ament_install'
[1.537s] Level 1:colcon.colcon_core.package_identification:_identify(ros2_ws/src/rtabmap_ros/rtabmap_viz) by extensions ['colcon_pkg']
[1.537s] Level 1:colcon.colcon_core.package_identification:_identify(ros2_ws/src/rtabmap_ros/rtabmap_viz) by extension 'colcon_pkg'
[1.538s] Level 1:colcon.colcon_core.package_identification:_identify(ros2_ws/src/rtabmap_ros/rtabmap_viz) by extensions ['colcon_meta']
[1.538s] Level 1:colcon.colcon_core.package_identification:_identify(ros2_ws/src/rtabmap_ros/rtabmap_viz) by extension 'colcon_meta'
[1.538s] Level 1:colcon.colcon_core.package_identification:_identify(ros2_ws/src/rtabmap_ros/rtabmap_viz) by extensions ['ros']
[1.538s] Level 1:colcon.colcon_core.package_identification:_identify(ros2_ws/src/rtabmap_ros/rtabmap_viz) by extension 'ros'
[1.540s] DEBUG:colcon.colcon_core.package_identification:Package 'ros2_ws/src/rtabmap_ros/rtabmap_viz' with type 'ros.ament_cmake' and name 'rtabmap_viz'
[1.540s] Level 1:colcon.colcon_core.package_identification:_identify(ros2_ws/src/vio_perception_pipeline) by extensions ['ignore', 'ignore_ament_install']
[1.540s] Level 1:colcon.colcon_core.package_identification:_identify(ros2_ws/src/vio_perception_pipeline) by extension 'ignore'
[1.540s] Level 1:colcon.colcon_core.package_identification:_identify(ros2_ws/src/vio_perception_pipeline) by extension 'ignore_ament_install'
[1.541s] Level 1:colcon.colcon_core.package_identification:_identify(ros2_ws/src/vio_perception_pipeline) by extensions ['colcon_pkg']
[1.541s] Level 1:colcon.colcon_core.package_identification:_identify(ros2_ws/src/vio_perception_pipeline) by extension 'colcon_pkg'
[1.541s] Level 1:colcon.colcon_core.package_identification:_identify(ros2_ws/src/vio_perception_pipeline) by extensions ['colcon_meta']
[1.541s] Level 1:colcon.colcon_core.package_identification:_identify(ros2_ws/src/vio_perception_pipeline) by extension 'colcon_meta'
[1.541s] Level 1:colcon.colcon_core.package_identification:_identify(ros2_ws/src/vio_perception_pipeline) by extensions ['ros']
[1.541s] Level 1:colcon.colcon_core.package_identification:_identify(ros2_ws/src/vio_perception_pipeline) by extension 'ros'
[1.542s] DEBUG:colcon.colcon_core.package_identification:Package 'ros2_ws/src/vio_perception_pipeline' with type 'ros.ament_python' and name 'vio_perception_pipeline'
[1.542s] Level 1:colcon.colcon_core.package_identification:_identify(ros2_ws/src/vision_opencv) by extensions ['ignore', 'ignore_ament_install']
[1.543s] Level 1:colcon.colcon_core.package_identification:_identify(ros2_ws/src/vision_opencv) by extension 'ignore'
[1.543s] Level 1:colcon.colcon_core.package_identification:_identify(ros2_ws/src/vision_opencv) by extension 'ignore_ament_install'
[1.543s] Level 1:colcon.colcon_core.package_identification:_identify(ros2_ws/src/vision_opencv) by extensions ['colcon_pkg']
[1.543s] Level 1:colcon.colcon_core.package_identification:_identify(ros2_ws/src/vision_opencv) by extension 'colcon_pkg'
[1.543s] Level 1:colcon.colcon_core.package_identification:_identify(ros2_ws/src/vision_opencv) by extensions ['colcon_meta']
[1.543s] Level 1:colcon.colcon_core.package_identification:_identify(ros2_ws/src/vision_opencv) by extension 'colcon_meta'
[1.543s] Level 1:colcon.colcon_core.package_identification:_identify(ros2_ws/src/vision_opencv) by extensions ['ros']
[1.543s] Level 1:colcon.colcon_core.package_identification:_identify(ros2_ws/src/vision_opencv) by extension 'ros'
[1.543s] Level 1:colcon.colcon_core.package_identification:_identify(ros2_ws/src/vision_opencv) by extensions ['cmake', 'python']
[1.544s] Level 1:colcon.colcon_core.package_identification:_identify(ros2_ws/src/vision_opencv) by extension 'cmake'
[1.544s] Level 1:colcon.colcon_core.package_identification:_identify(ros2_ws/src/vision_opencv) by extension 'python'
[1.544s] Level 1:colcon.colcon_core.package_identification:_identify(ros2_ws/src/vision_opencv) by extensions ['python_setup_py']
[1.544s] Level 1:colcon.colcon_core.package_identification:_identify(ros2_ws/src/vision_opencv) by extension 'python_setup_py'
[1.544s] Level 1:colcon.colcon_core.package_identification:_identify(ros2_ws/src/vision_opencv/cv_bridge) by extensions ['ignore', 'ignore_ament_install']
[1.544s] Level 1:colcon.colcon_core.package_identification:_identify(ros2_ws/src/vision_opencv/cv_bridge) by extension 'ignore'
[1.544s] Level 1:colcon.colcon_core.package_identification:_identify(ros2_ws/src/vision_opencv/cv_bridge) by extension 'ignore_ament_install'
[1.544s] Level 1:colcon.colcon_core.package_identification:_identify(ros2_ws/src/vision_opencv/cv_bridge) by extensions ['colcon_pkg']
[1.545s] Level 1:colcon.colcon_core.package_identification:_identify(ros2_ws/src/vision_opencv/cv_bridge) by extension 'colcon_pkg'
[1.545s] Level 1:colcon.colcon_core.package_identification:_identify(ros2_ws/src/vision_opencv/cv_bridge) by extensions ['colcon_meta']
[1.545s] Level 1:colcon.colcon_core.package_identification:_identify(ros2_ws/src/vision_opencv/cv_bridge) by extension 'colcon_meta'
[1.545s] Level 1:colcon.colcon_core.package_identification:_identify(ros2_ws/src/vision_opencv/cv_bridge) by extensions ['ros']
[1.545s] Level 1:colcon.colcon_core.package_identification:_identify(ros2_ws/src/vision_opencv/cv_bridge) by extension 'ros'
[1.547s] DEBUG:colcon.colcon_core.package_identification:Package 'ros2_ws/src/vision_opencv/cv_bridge' with type 'ros.ament_cmake' and name 'cv_bridge'
[1.547s] Level 1:colcon.colcon_core.package_identification:_identify(ros2_ws/src/vision_opencv/image_geometry) by extensions ['ignore', 'ignore_ament_install']
[1.547s] Level 1:colcon.colcon_core.package_identification:_identify(ros2_ws/src/vision_opencv/image_geometry) by extension 'ignore'
[1.547s] Level 1:colcon.colcon_core.package_identification:_identify(ros2_ws/src/vision_opencv/image_geometry) by extension 'ignore_ament_install'
[1.548s] Level 1:colcon.colcon_core.package_identification:_identify(ros2_ws/src/vision_opencv/image_geometry) by extensions ['colcon_pkg']
[1.548s] Level 1:colcon.colcon_core.package_identification:_identify(ros2_ws/src/vision_opencv/image_geometry) by extension 'colcon_pkg'
[1.548s] Level 1:colcon.colcon_core.package_identification:_identify(ros2_ws/src/vision_opencv/image_geometry) by extensions ['colcon_meta']
[1.548s] Level 1:colcon.colcon_core.package_identification:_identify(ros2_ws/src/vision_opencv/image_geometry) by extension 'colcon_meta'
[1.548s] Level 1:colcon.colcon_core.package_identification:_identify(ros2_ws/src/vision_opencv/image_geometry) by extensions ['ros']
[1.548s] Level 1:colcon.colcon_core.package_identification:_identify(ros2_ws/src/vision_opencv/image_geometry) by extension 'ros'
[1.549s] DEBUG:colcon.colcon_core.package_identification:Package 'ros2_ws/src/vision_opencv/image_geometry' with type 'ros.ament_cmake' and name 'image_geometry'
[1.550s] Level 1:colcon.colcon_core.package_identification:_identify(ros2_ws/src/vision_opencv/opencv_tests) by extensions ['ignore', 'ignore_ament_install']
[1.550s] Level 1:colcon.colcon_core.package_identification:_identify(ros2_ws/src/vision_opencv/opencv_tests) by extension 'ignore'
[1.550s] Level 1:colcon.colcon_core.package_identification:_identify(ros2_ws/src/vision_opencv/opencv_tests) by extension 'ignore_ament_install'
[1.550s] Level 1:colcon.colcon_core.package_identification:_identify(ros2_ws/src/vision_opencv/opencv_tests) by extensions ['colcon_pkg']
[1.550s] Level 1:colcon.colcon_core.package_identification:_identify(ros2_ws/src/vision_opencv/opencv_tests) by extension 'colcon_pkg'
[1.550s] Level 1:colcon.colcon_core.package_identification:_identify(ros2_ws/src/vision_opencv/opencv_tests) by extensions ['colcon_meta']
[1.550s] Level 1:colcon.colcon_core.package_identification:_identify(ros2_ws/src/vision_opencv/opencv_tests) by extension 'colcon_meta'
[1.550s] Level 1:colcon.colcon_core.package_identification:_identify(ros2_ws/src/vision_opencv/opencv_tests) by extensions ['ros']
[1.550s] Level 1:colcon.colcon_core.package_identification:_identify(ros2_ws/src/vision_opencv/opencv_tests) by extension 'ros'
[1.551s] DEBUG:colcon.colcon_core.package_identification:Package 'ros2_ws/src/vision_opencv/opencv_tests' with type 'ros.ament_python' and name 'opencv_tests'
[1.552s] Level 1:colcon.colcon_core.package_identification:_identify(ros2_ws/src/vision_opencv/vision_opencv) by extensions ['ignore', 'ignore_ament_install']
[1.552s] Level 1:colcon.colcon_core.package_identification:_identify(ros2_ws/src/vision_opencv/vision_opencv) by extension 'ignore'
[1.552s] Level 1:colcon.colcon_core.package_identification:_identify(ros2_ws/src/vision_opencv/vision_opencv) by extension 'ignore_ament_install'
[1.552s] Level 1:colcon.colcon_core.package_identification:_identify(ros2_ws/src/vision_opencv/vision_opencv) by extensions ['colcon_pkg']
[1.552s] Level 1:colcon.colcon_core.package_identification:_identify(ros2_ws/src/vision_opencv/vision_opencv) by extension 'colcon_pkg'
[1.552s] Level 1:colcon.colcon_core.package_identification:_identify(ros2_ws/src/vision_opencv/vision_opencv) by extensions ['colcon_meta']
[1.552s] Level 1:colcon.colcon_core.package_identification:_identify(ros2_ws/src/vision_opencv/vision_opencv) by extension 'colcon_meta'
[1.553s] Level 1:colcon.colcon_core.package_identification:_identify(ros2_ws/src/vision_opencv/vision_opencv) by extensions ['ros']
[1.553s] Level 1:colcon.colcon_core.package_identification:_identify(ros2_ws/src/vision_opencv/vision_opencv) by extension 'ros'
[1.554s] DEBUG:colcon.colcon_core.package_identification:Package 'ros2_ws/src/vision_opencv/vision_opencv' with type 'ros.ament_cmake' and name 'vision_opencv'
[1.554s] Level 1:colcon.colcon_core.package_identification:_identify(ros2_ws/src/x500_realworld_bringup) by extensions ['ignore', 'ignore_ament_install']
[1.554s] Level 1:colcon.colcon_core.package_identification:_identify(ros2_ws/src/x500_realworld_bringup) by extension 'ignore'
[1.554s] Level 1:colcon.colcon_core.package_identification:_identify(ros2_ws/src/x500_realworld_bringup) by extension 'ignore_ament_install'
[1.554s] Level 1:colcon.colcon_core.package_identification:_identify(ros2_ws/src/x500_realworld_bringup) by extensions ['colcon_pkg']
[1.554s] Level 1:colcon.colcon_core.package_identification:_identify(ros2_ws/src/x500_realworld_bringup) by extension 'colcon_pkg'
[1.555s] Level 1:colcon.colcon_core.package_identification:_identify(ros2_ws/src/x500_realworld_bringup) by extensions ['colcon_meta']
[1.555s] Level 1:colcon.colcon_core.package_identification:_identify(ros2_ws/src/x500_realworld_bringup) by extension 'colcon_meta'
[1.555s] Level 1:colcon.colcon_core.package_identification:_identify(ros2_ws/src/x500_realworld_bringup) by extensions ['ros']
[1.555s] Level 1:colcon.colcon_core.package_identification:_identify(ros2_ws/src/x500_realworld_bringup) by extension 'ros'
[1.556s] DEBUG:colcon.colcon_core.package_identification:Package 'ros2_ws/src/x500_realworld_bringup' with type 'ros.ament_python' and name 'x500_realworld_bringup'
[1.556s] Level 1:colcon.colcon_core.package_identification:_identify(ros2_ws/src/x500_rtabmap_slam) by extensions ['ignore', 'ignore_ament_install']
[1.556s] Level 1:colcon.colcon_core.package_identification:_identify(ros2_ws/src/x500_rtabmap_slam) by extension 'ignore'
[1.556s] Level 1:colcon.colcon_core.package_identification:_identify(ros2_ws/src/x500_rtabmap_slam) by extension 'ignore_ament_install'
[1.557s] Level 1:colcon.colcon_core.package_identification:_identify(ros2_ws/src/x500_rtabmap_slam) by extensions ['colcon_pkg']
[1.557s] Level 1:colcon.colcon_core.package_identification:_identify(ros2_ws/src/x500_rtabmap_slam) by extension 'colcon_pkg'
[1.557s] Level 1:colcon.colcon_core.package_identification:_identify(ros2_ws/src/x500_rtabmap_slam) by extensions ['colcon_meta']
[1.557s] Level 1:colcon.colcon_core.package_identification:_identify(ros2_ws/src/x500_rtabmap_slam) by extension 'colcon_meta'
[1.557s] Level 1:colcon.colcon_core.package_identification:_identify(ros2_ws/src/x500_rtabmap_slam) by extensions ['ros']
[1.557s] Level 1:colcon.colcon_core.package_identification:_identify(ros2_ws/src/x500_rtabmap_slam) by extension 'ros'
[1.559s] DEBUG:colcon.colcon_core.package_identification:Package 'ros2_ws/src/x500_rtabmap_slam' with type 'ros.ament_python' and name 'x500_rtabmap_slam'
[1.559s] Level 1:colcon.colcon_core.package_identification:_identify(ros2_ws/workspace) by extensions ['ignore', 'ignore_ament_install']
[1.559s] Level 1:colcon.colcon_core.package_identification:_identify(ros2_ws/workspace) by extension 'ignore'
[1.560s] Level 1:colcon.colcon_core.package_identification:_identify(ros2_ws/workspace) by extension 'ignore_ament_install'
[1.560s] Level 1:colcon.colcon_core.package_identification:_identify(ros2_ws/workspace) by extensions ['colcon_pkg']
[1.560s] Level 1:colcon.colcon_core.package_identification:_identify(ros2_ws/workspace) by extension 'colcon_pkg'
[1.560s] Level 1:colcon.colcon_core.package_identification:_identify(ros2_ws/workspace) by extensions ['colcon_meta']
[1.560s] Level 1:colcon.colcon_core.package_identification:_identify(ros2_ws/workspace) by extension 'colcon_meta'
[1.560s] Level 1:colcon.colcon_core.package_identification:_identify(ros2_ws/workspace) by extensions ['ros']
[1.560s] Level 1:colcon.colcon_core.package_identification:_identify(ros2_ws/workspace) by extension 'ros'
[1.560s] Level 1:colcon.colcon_core.package_identification:_identify(ros2_ws/workspace) by extensions ['cmake', 'python']
[1.560s] Level 1:colcon.colcon_core.package_identification:_identify(ros2_ws/workspace) by extension 'cmake'
[1.561s] Level 1:colcon.colcon_core.package_identification:_identify(ros2_ws/workspace) by extension 'python'
[1.561s] Level 1:colcon.colcon_core.package_identification:_identify(ros2_ws/workspace) by extensions ['python_setup_py']
[1.561s] Level 1:colcon.colcon_core.package_identification:_identify(ros2_ws/workspace) by extension 'python_setup_py'
[1.561s] Level 1:colcon.colcon_core.package_identification:_identify(ros2_ws/workspace/opencv-4.10.0) by extensions ['ignore', 'ignore_ament_install']
[1.561s] Level 1:colcon.colcon_core.package_identification:_identify(ros2_ws/workspace/opencv-4.10.0) by extension 'ignore'
[1.561s] Level 1:colcon.colcon_core.package_identification:_identify(ros2_ws/workspace/opencv-4.10.0) ignored
[1.561s] Level 1:colcon.colcon_core.package_identification:_identify(ros2_ws/workspace/opencv_contrib-4.10.0) by extensions ['ignore', 'ignore_ament_install']
[1.562s] Level 1:colcon.colcon_core.package_identification:_identify(ros2_ws/workspace/opencv_contrib-4.10.0) by extension 'ignore'
[1.562s] Level 1:colcon.colcon_core.package_identification:_identify(ros2_ws/workspace/opencv_contrib-4.10.0) ignored
[1.562s] Level 1:colcon.colcon_core.package_discovery:discover_packages(recursive) using defaults
[1.562s] Level 1:colcon.colcon_core.package_discovery:discover_packages(ignore) discover
[1.562s] Level 1:colcon.colcon_core.package_discovery:discover_packages(ignore) using defaults
[1.562s] Level 1:colcon.colcon_core.package_discovery:discover_packages(path) discover
[1.562s] Level 1:colcon.colcon_core.package_discovery:discover_packages(path) using defaults
[1.666s] INFO:colcon.colcon_core.package_selection:Skipping not selected package 'cv_bridge' in 'ros2_ws/src/vision_opencv/cv_bridge'
[1.667s] INFO:colcon.colcon_core.package_selection:Skipping not selected package 'depthai_descriptions' in 'ros2_ws/src/depthai-ros/depthai_descriptions'
[1.667s] INFO:colcon.colcon_core.package_selection:Skipping not selected package 'depthai_ros_msgs' in 'ros2_ws/src/depthai-ros/depthai_ros_msgs'
[1.667s] INFO:colcon.colcon_core.package_selection:Skipping not selected package 'global_fusion' in 'ros2_ws/src/VINS-Fusion-ROS2-humble/global_fusion'
[1.667s] INFO:colcon.colcon_core.package_selection:Skipping not selected package 'image_geometry' in 'ros2_ws/src/vision_opencv/image_geometry'
[1.667s] INFO:colcon.colcon_core.package_selection:Skipping not selected package 'path_executor' in 'ros2_ws/src/path_executor'
[1.667s] INFO:colcon.colcon_core.package_selection:Skipping not selected package 'rrt_star_planner' in 'ros2_ws/src/rrt_star_planner'
[1.667s] INFO:colcon.colcon_core.package_selection:Skipping not selected package 'rtabmap_costmap_plugins' in 'ros2_ws/src/rtabmap_ros/rtabmap_costmap_plugins'
[1.667s] INFO:colcon.colcon_core.package_selection:Skipping not selected package 'rtabmap_msgs' in 'ros2_ws/src/rtabmap_ros/rtabmap_msgs'
[1.667s] INFO:colcon.colcon_core.package_selection:Skipping not selected package 'rtabmap_python' in 'ros2_ws/src/rtabmap_ros/rtabmap_python'
[1.667s] INFO:colcon.colcon_core.package_selection:Skipping not selected package 'camera_models' in 'ros2_ws/src/VINS-Fusion-ROS2-humble/camera_models'
[1.667s] INFO:colcon.colcon_core.package_selection:Skipping not selected package 'depthai_bridge' in 'ros2_ws/src/depthai-ros/depthai_bridge'
[1.667s] INFO:colcon.colcon_core.package_selection:Skipping not selected package 'depthai_filters' in 'ros2_ws/src/depthai-ros/depthai_filters'
[1.667s] INFO:colcon.colcon_core.package_selection:Skipping not selected package 'opencv_tests' in 'ros2_ws/src/vision_opencv/opencv_tests'
[1.667s] INFO:colcon.colcon_core.package_selection:Skipping not selected package 'rtabmap' in 'ros2_ws/src/rtabmap'
[1.667s] INFO:colcon.colcon_core.package_selection:Skipping not selected package 'rtabmap_odom_cuda' in 'ros2_ws/rtabmap_odom_cuda'
[1.667s] INFO:colcon.colcon_core.package_selection:Skipping not selected package 'vision_opencv' in 'ros2_ws/src/vision_opencv/vision_opencv'
[1.667s] INFO:colcon.colcon_core.package_selection:Skipping not selected package 'depthai_examples' in 'ros2_ws/src/depthai-ros/depthai_examples'
[1.667s] INFO:colcon.colcon_core.package_selection:Skipping not selected package 'loop_fusion' in 'ros2_ws/src/VINS-Fusion-ROS2-humble/loop_fusion'
[1.668s] INFO:colcon.colcon_core.package_selection:Skipping not selected package 'rtabmap_conversions' in 'ros2_ws/src/rtabmap_ros/rtabmap_conversions'
[1.668s] INFO:colcon.colcon_core.package_selection:Skipping not selected package 'vins' in 'ros2_ws/src/VINS-Fusion-ROS2-humble/vins'
[1.668s] INFO:colcon.colcon_core.package_selection:Skipping not selected package 'depthai_ros_driver' in 'ros2_ws/src/depthai-ros/depthai_ros_driver'
[1.668s] INFO:colcon.colcon_core.package_selection:Skipping not selected package 'rtabmap_rviz_plugins' in 'ros2_ws/src/rtabmap_ros/rtabmap_rviz_plugins'
[1.668s] INFO:colcon.colcon_core.package_selection:Skipping not selected package 'rtabmap_sync' in 'ros2_ws/src/rtabmap_ros/rtabmap_sync'
[1.668s] INFO:colcon.colcon_core.package_selection:Skipping not selected package 'depthai-ros' in 'ros2_ws/src/depthai-ros/depthai-ros'
[1.668s] INFO:colcon.colcon_core.package_selection:Skipping not selected package 'depthai_cam' in 'ros2_ws/src/depthai_cam'
[1.668s] INFO:colcon.colcon_core.package_selection:Skipping not selected package 'rtabmap_util' in 'ros2_ws/src/rtabmap_ros/rtabmap_util'
[1.668s] INFO:colcon.colcon_core.package_selection:Skipping not selected package 'rtabmap_viz' in 'ros2_ws/src/rtabmap_ros/rtabmap_viz'
[1.668s] INFO:colcon.colcon_core.package_selection:Skipping not selected package 'rtabmap_odom' in 'ros2_ws/src/rtabmap_ros/rtabmap_odom'
[1.668s] INFO:colcon.colcon_core.package_selection:Skipping not selected package 'rtabmap_slam' in 'ros2_ws/src/rtabmap_ros/rtabmap_slam'
[1.668s] INFO:colcon.colcon_core.package_selection:Skipping not selected package 'rtabmap_demos' in 'ros2_ws/src/rtabmap_ros/rtabmap_demos'
[1.668s] INFO:colcon.colcon_core.package_selection:Skipping not selected package 'rtabmap_examples' in 'ros2_ws/src/rtabmap_ros/rtabmap_examples'
[1.668s] INFO:colcon.colcon_core.package_selection:Skipping not selected package 'rtabmap_launch' in 'ros2_ws/src/rtabmap_ros/rtabmap_launch'
[1.668s] INFO:colcon.colcon_core.package_selection:Skipping not selected package 'rtabmap_ros' in 'ros2_ws/src/rtabmap_ros/rtabmap_ros'
[1.668s] INFO:colcon.colcon_core.package_selection:Skipping not selected package 'x500_rtabmap_slam' in 'ros2_ws/src/x500_rtabmap_slam'
[1.668s] INFO:colcon.colcon_core.package_selection:Skipping not selected package 'x500_realworld_bringup' in 'ros2_ws/src/x500_realworld_bringup'
[1.670s] Level 1:colcon.colcon_core.package_discovery:discover_packages(prefix_path) check parameters
[1.670s] Level 1:colcon.colcon_core.package_discovery:discover_packages(prefix_path) discover
[1.680s] DEBUG:colcon.colcon_installed_package_information.package_discovery:Found 15 installed packages in /home/group7/Desktop/VIO_autonomous_drone/ros2_ws/install
[1.681s] DEBUG:colcon.colcon_installed_package_information.package_discovery:Found 5 installed packages in /home/group7/Desktop/Autonomous-Drone/ros2_ws/install
[1.684s] DEBUG:colcon.colcon_installed_package_information.package_discovery:Found 386 installed packages in /opt/ros/humble
[1.688s] Level 1:colcon.colcon_core.package_discovery:discover_packages(prefix_path) using defaults
[1.800s] Level 5:colcon.colcon_core.verb:set package 'vio_perception_pipeline' build argument 'cmake_args' from command line to 'None'
[1.800s] Level 5:colcon.colcon_core.verb:set package 'vio_perception_pipeline' build argument 'cmake_target' from command line to 'None'
[1.800s] Level 5:colcon.colcon_core.verb:set package 'vio_perception_pipeline' build argument 'cmake_target_skip_unavailable' from command line to 'False'
[1.800s] Level 5:colcon.colcon_core.verb:set package 'vio_perception_pipeline' build argument 'cmake_clean_cache' from command line to 'False'
[1.800s] Level 5:colcon.colcon_core.verb:set package 'vio_perception_pipeline' build argument 'cmake_clean_first' from command line to 'False'
[1.800s] Level 5:colcon.colcon_core.verb:set package 'vio_perception_pipeline' build argument 'cmake_force_configure' from command line to 'False'
[1.800s] Level 5:colcon.colcon_core.verb:set package 'vio_perception_pipeline' build argument 'ament_cmake_args' from command line to 'None'
[1.800s] Level 5:colcon.colcon_core.verb:set package 'vio_perception_pipeline' build argument 'catkin_cmake_args' from command line to 'None'
[1.801s] Level 5:colcon.colcon_core.verb:set package 'vio_perception_pipeline' build argument 'catkin_skip_building_tests' from command line to 'False'
[1.801s] DEBUG:colcon.colcon_core.verb:Building package 'vio_perception_pipeline' with the following arguments: {'ament_cmake_args': None, 'build_base': '/home/group7/Desktop/VIO_autonomous_drone/build/vio_perception_pipeline', 'catkin_cmake_args': None, 'catkin_skip_building_tests': False, 'cmake_args': None, 'cmake_clean_cache': False, 'cmake_clean_first': False, 'cmake_force_configure': False, 'cmake_target': None, 'cmake_target_skip_unavailable': False, 'install_base': '/home/group7/Desktop/VIO_autonomous_drone/install/vio_perception_pipeline', 'merge_install': False, 'path': '/home/group7/Desktop/VIO_autonomous_drone/ros2_ws/src/vio_perception_pipeline', 'symlink_install': False, 'test_result_base': None}
[1.801s] INFO:colcon.colcon_core.executor:Executing jobs using 'parallel' executor
[1.804s] DEBUG:colcon.colcon_parallel_executor.executor.parallel:run_until_complete
[1.805s] INFO:colcon.colcon_ros.task.ament_python.build:Building ROS package in '/home/group7/Desktop/VIO_autonomous_drone/ros2_ws/src/vio_perception_pipeline' with build type 'ament_python'
[1.805s] Level 1:colcon.colcon_core.shell:create_environment_hook('vio_perception_pipeline', 'ament_prefix_path')
[1.817s] INFO:colcon.colcon_core.plugin_system:Skipping extension 'colcon_core.shell.bat': Not used on non-Windows systems
[1.817s] INFO:colcon.colcon_core.shell:Creating environment hook '/home/group7/Desktop/VIO_autonomous_drone/install/vio_perception_pipeline/share/vio_perception_pipeline/hook/ament_prefix_path.ps1'
[1.819s] INFO:colcon.colcon_core.shell:Creating environment descriptor '/home/group7/Desktop/VIO_autonomous_drone/install/vio_perception_pipeline/share/vio_perception_pipeline/hook/ament_prefix_path.dsv'
[1.820s] INFO:colcon.colcon_core.shell:Creating environment hook '/home/group7/Desktop/VIO_autonomous_drone/install/vio_perception_pipeline/share/vio_perception_pipeline/hook/ament_prefix_path.sh'
[1.822s] INFO:colcon.colcon_core.shell:Skip shell extension 'powershell' for command environment: Not usable outside of PowerShell
[1.822s] DEBUG:colcon.colcon_core.shell:Skip shell extension 'dsv' for command environment
[1.831s] WARNING:colcon.colcon_core.shell:The following packages are in the workspace but haven't been built:
- cv_bridge
- depthai_descriptions
- depthai_ros_msgs
- image_geometry
- rtabmap_costmap_plugins
- rtabmap_msgs
- rtabmap_python
- depthai_bridge
- rtabmap
- depthai_examples
- rtabmap_conversions
- depthai_ros_driver
- rtabmap_rviz_plugins
- rtabmap_sync
- rtabmap_util
- rtabmap_viz
- rtabmap_odom
- rtabmap_slam
- rtabmap_demos
- rtabmap_examples
- rtabmap_launch
- rtabmap_ros
They are being used from the following locations instead:
- /opt/ros/humble
- /home/group7/Desktop/VIO_autonomous_drone/ros2_ws/install/depthai_descriptions
- /opt/ros/humble
- /opt/ros/humble
- /home/group7/Desktop/VIO_autonomous_drone/ros2_ws/install/rtabmap_costmap_plugins
- /opt/ros/humble
- /home/group7/Desktop/VIO_autonomous_drone/ros2_ws/install/rtabmap_python
- /opt/ros/humble
- /home/group7/Desktop/VIO_autonomous_drone/ros2_ws/install/rtabmap
- /opt/ros/humble
- /home/group7/Desktop/VIO_autonomous_drone/ros2_ws/install/rtabmap_conversions
- /opt/ros/humble
- /opt/ros/humble
- /opt/ros/humble
- /home/group7/Desktop/VIO_autonomous_drone/ros2_ws/install/rtabmap_util
- /home/group7/Desktop/VIO_autonomous_drone/ros2_ws/install/rtabmap_viz
- /home/group7/Desktop/VIO_autonomous_drone/ros2_ws/install/rtabmap_odom
- /home/group7/Desktop/VIO_autonomous_drone/ros2_ws/install/rtabmap_slam
- /opt/ros/humble
- /opt/ros/humble
- /opt/ros/humble
- /home/group7/Desktop/VIO_autonomous_drone/ros2_ws/install/rtabmap_ros
To suppress this warning ignore these packages in the workspace:
--packages-ignore cv_bridge depthai_descriptions depthai_ros_msgs image_geometry rtabmap_costmap_plugins rtabmap_msgs rtabmap_python depthai_bridge rtabmap depthai_examples rtabmap_conversions depthai_ros_driver rtabmap_rviz_plugins rtabmap_sync rtabmap_util rtabmap_viz rtabmap_odom rtabmap_slam rtabmap_demos rtabmap_examples rtabmap_launch rtabmap_ros
[2.499s] INFO:colcon.colcon_core.task.python.build:Building Python package in '/home/group7/Desktop/VIO_autonomous_drone/ros2_ws/src/vio_perception_pipeline'
[2.500s] INFO:colcon.colcon_core.shell:Skip shell extension 'powershell' for command environment: Not usable outside of PowerShell
[2.500s] DEBUG:colcon.colcon_core.shell:Skip shell extension 'dsv' for command environment
[3.372s] DEBUG:colcon.colcon_core.event_handler.log_command:Invoking command in '/home/group7/Desktop/VIO_autonomous_drone/ros2_ws/src/vio_perception_pipeline': PYTHONPATH=/home/group7/Desktop/VIO_autonomous_drone/build/vio_perception_pipeline/prefix_override:/usr/lib/python3/dist-packages/colcon_core/task/python/colcon_distutils_commands:/home/group7/Desktop/VIO_autonomous_drone/install/vio_perception_pipeline/lib/python3.10/site-packages:${PYTHONPATH} /usr/bin/python3 -W ignore:setup.py install is deprecated -W ignore:easy_install command is deprecated setup.py egg_info --egg-base ../../../build/vio_perception_pipeline build --build-base /home/group7/Desktop/VIO_autonomous_drone/build/vio_perception_pipeline/build install --record /home/group7/Desktop/VIO_autonomous_drone/build/vio_perception_pipeline/install.log --single-version-externally-managed install_data
[4.049s] DEBUG:colcon.colcon_core.event_handler.log_command:Invoked command in '/home/group7/Desktop/VIO_autonomous_drone/ros2_ws/src/vio_perception_pipeline' returned '0': PYTHONPATH=/home/group7/Desktop/VIO_autonomous_drone/build/vio_perception_pipeline/prefix_override:/usr/lib/python3/dist-packages/colcon_core/task/python/colcon_distutils_commands:/home/group7/Desktop/VIO_autonomous_drone/install/vio_perception_pipeline/lib/python3.10/site-packages:${PYTHONPATH} /usr/bin/python3 -W ignore:setup.py install is deprecated -W ignore:easy_install command is deprecated setup.py egg_info --egg-base ../../../build/vio_perception_pipeline build --build-base /home/group7/Desktop/VIO_autonomous_drone/build/vio_perception_pipeline/build install --record /home/group7/Desktop/VIO_autonomous_drone/build/vio_perception_pipeline/install.log --single-version-externally-managed install_data
[4.420s] Level 1:colcon.colcon_core.environment:checking '/home/group7/Desktop/VIO_autonomous_drone/install/vio_perception_pipeline' for CMake module files
[4.423s] Level 1:colcon.colcon_core.environment:checking '/home/group7/Desktop/VIO_autonomous_drone/install/vio_perception_pipeline' for CMake config files
[4.426s] Level 1:colcon.colcon_core.environment:checking '/home/group7/Desktop/VIO_autonomous_drone/install/vio_perception_pipeline/lib'
[4.426s] Level 1:colcon.colcon_core.environment:checking '/home/group7/Desktop/VIO_autonomous_drone/install/vio_perception_pipeline/bin'
[4.427s] Level 1:colcon.colcon_core.environment:checking '/home/group7/Desktop/VIO_autonomous_drone/install/vio_perception_pipeline/lib/pkgconfig/vio_perception_pipeline.pc'
[4.428s] Level 1:colcon.colcon_core.environment:checking '/home/group7/Desktop/VIO_autonomous_drone/install/vio_perception_pipeline/lib/python3.10/site-packages'
[4.428s] Level 1:colcon.colcon_core.shell:create_environment_hook('vio_perception_pipeline', 'pythonpath')
[4.429s] INFO:colcon.colcon_core.shell:Creating environment hook '/home/group7/Desktop/VIO_autonomous_drone/install/vio_perception_pipeline/share/vio_perception_pipeline/hook/pythonpath.ps1'
[4.431s] INFO:colcon.colcon_core.shell:Creating environment descriptor '/home/group7/Desktop/VIO_autonomous_drone/install/vio_perception_pipeline/share/vio_perception_pipeline/hook/pythonpath.dsv'
[4.432s] INFO:colcon.colcon_core.shell:Creating environment hook '/home/group7/Desktop/VIO_autonomous_drone/install/vio_perception_pipeline/share/vio_perception_pipeline/hook/pythonpath.sh'
[4.435s] Level 1:colcon.colcon_core.environment:checking '/home/group7/Desktop/VIO_autonomous_drone/install/vio_perception_pipeline/bin'
[4.435s] Level 1:colcon.colcon_core.environment:create_environment_scripts_only(vio_perception_pipeline)
[4.437s] INFO:colcon.colcon_core.shell:Creating package script '/home/group7/Desktop/VIO_autonomous_drone/install/vio_perception_pipeline/share/vio_perception_pipeline/package.ps1'
[4.440s] INFO:colcon.colcon_core.shell:Creating package descriptor '/home/group7/Desktop/VIO_autonomous_drone/install/vio_perception_pipeline/share/vio_perception_pipeline/package.dsv'
[4.443s] INFO:colcon.colcon_core.shell:Creating package script '/home/group7/Desktop/VIO_autonomous_drone/install/vio_perception_pipeline/share/vio_perception_pipeline/package.sh'
[4.446s] INFO:colcon.colcon_core.shell:Creating package script '/home/group7/Desktop/VIO_autonomous_drone/install/vio_perception_pipeline/share/vio_perception_pipeline/package.bash'
[4.449s] INFO:colcon.colcon_core.shell:Creating package script '/home/group7/Desktop/VIO_autonomous_drone/install/vio_perception_pipeline/share/vio_perception_pipeline/package.zsh'
[4.452s] Level 1:colcon.colcon_core.environment:create_file_with_runtime_dependencies(/home/group7/Desktop/VIO_autonomous_drone/install/vio_perception_pipeline/share/colcon-core/packages/vio_perception_pipeline)
[4.453s] DEBUG:colcon.colcon_parallel_executor.executor.parallel:closing loop
[4.454s] DEBUG:colcon.colcon_parallel_executor.executor.parallel:loop closed
[4.455s] DEBUG:colcon.colcon_parallel_executor.executor.parallel:run_until_complete finished with '0'
[4.455s] DEBUG:colcon.colcon_core.event_reactor:joining thread
[4.480s] INFO:colcon.colcon_core.plugin_system:Skipping extension 'colcon_notification.desktop_notification.terminal_notifier': Not used on non-Darwin systems
[4.481s] INFO:colcon.colcon_core.plugin_system:Skipping extension 'colcon_notification.desktop_notification.win32': Not used on non-Windows systems
[4.481s] INFO:colcon.colcon_notification.desktop_notification:Sending desktop notification using 'notify2'
[4.558s] DEBUG:colcon.colcon_core.event_reactor:joined thread
[4.560s] INFO:colcon.colcon_core.shell:Creating prefix script '/home/group7/Desktop/VIO_autonomous_drone/install/local_setup.ps1'
[4.565s] INFO:colcon.colcon_core.shell:Creating prefix util module '/home/group7/Desktop/VIO_autonomous_drone/install/_local_setup_util_ps1.py'
[4.578s] INFO:colcon.colcon_core.shell:Creating prefix chain script '/home/group7/Desktop/VIO_autonomous_drone/install/setup.ps1'
[4.586s] INFO:colcon.colcon_core.shell:Creating prefix script '/home/group7/Desktop/VIO_autonomous_drone/install/local_setup.sh'
[4.589s] INFO:colcon.colcon_core.shell:Creating prefix util module '/home/group7/Desktop/VIO_autonomous_drone/install/_local_setup_util_sh.py'
[4.591s] INFO:colcon.colcon_core.shell:Creating prefix chain script '/home/group7/Desktop/VIO_autonomous_drone/install/setup.sh'
[4.599s] INFO:colcon.colcon_core.shell:Creating prefix script '/home/group7/Desktop/VIO_autonomous_drone/install/local_setup.bash'
[4.601s] INFO:colcon.colcon_core.shell:Creating prefix chain script '/home/group7/Desktop/VIO_autonomous_drone/install/setup.bash'
[4.609s] INFO:colcon.colcon_core.shell:Creating prefix script '/home/group7/Desktop/VIO_autonomous_drone/install/local_setup.zsh'
[4.611s] INFO:colcon.colcon_core.shell:Creating prefix chain script '/home/group7/Desktop/VIO_autonomous_drone/install/setup.zsh'
