[0.869s] DEBUG:colcon:Command line arguments: ['/usr/bin/colcon', 'build', '--packages-select', 'vio_perception_pipeline']
[0.870s] DEBUG:colcon:Parsed command line arguments: Namespace(log_base=None, log_level=None, verb_name='build', build_base='build', install_base='install', merge_install=False, symlink_install=False, test_result_base=None, continue_on_error=False, executor='parallel', parallel_workers=6, event_handlers=None, ignore_user_meta=False, metas=['./colcon.meta'], base_paths=['.'], packages_ignore=None, packages_ignore_regex=None, paths=None, packages_up_to=None, packages_up_to_regex=None, packages_above=None, packages_above_and_dependencies=None, packages_above_depth=None, packages_select_by_dep=None, packages_skip_by_dep=None, packages_skip_up_to=None, packages_select_build_failed=False, packages_skip_build_finished=False, packages_select_test_failures=False, packages_skip_test_passed=False, packages_select=['vio_perception_pipeline'], packages_skip=None, packages_select_regex=None, packages_skip_regex=None, packages_start=None, packages_end=None, allow_overriding=[], cmake_args=None, cmake_target=None, cmake_target_skip_unavailable=False, cmake_clean_cache=False, cmake_clean_first=False, cmake_force_configure=False, ament_cmake_args=None, catkin_cmake_args=None, catkin_skip_building_tests=False, mixin_files=None, mixin=None, verb_parser=<colcon_mixin.mixin.mixin_argument.MixinArgumentDecorator object at 0xffffa7115db0>, verb_extension=<colcon_core.verb.build.BuildVerb object at 0xffffa739c1c0>, main=<bound method BuildVerb.main of <colcon_core.verb.build.BuildVerb object at 0xffffa739c1c0>>, mixin_verb=('build',))
[1.473s] Level 1:colcon.colcon_core.package_discovery:discover_packages(colcon_meta) check parameters
[1.474s] Level 1:colcon.colcon_core.package_discovery:discover_packages(recursive) check parameters
[1.474s] Level 1:colcon.colcon_core.package_discovery:discover_packages(ignore) check parameters
[1.474s] Level 1:colcon.colcon_core.package_discovery:discover_packages(path) check parameters
[1.474s] Level 1:colcon.colcon_core.package_discovery:discover_packages(colcon_meta) discover
[1.476s] Level 1:colcon.colcon_core.package_discovery:discover_packages(recursive) discover
[1.476s] INFO:colcon.colcon_core.package_discovery:Crawling recursively for packages in '/home/group7/Desktop/VIO_autonomous_drone'
[1.477s] Level 1:colcon.colcon_core.package_identification:_identify(.) by extensions ['ignore', 'ignore_ament_install']
[1.522s] Level 1:colcon.colcon_core.package_identification:_identify(.) by extension 'ignore'
[1.523s] Level 1:colcon.colcon_core.package_identification:_identify(.) by extension 'ignore_ament_install'
[1.523s] Level 1:colcon.colcon_core.package_identification:_identify(.) by extensions ['colcon_pkg']
[1.523s] Level 1:colcon.colcon_core.package_identification:_identify(.) by extension 'colcon_pkg'
[1.523s] Level 1:colcon.colcon_core.package_identification:_identify(.) by extensions ['colcon_meta']
[1.523s] Level 1:colcon.colcon_core.package_identification:_identify(.) by extension 'colcon_meta'
[1.523s] Level 1:colcon.colcon_core.package_identification:_identify(.) by extensions ['ros']
[1.523s] Level 1:colcon.colcon_core.package_identification:_identify(.) by extension 'ros'
[1.554s] Level 1:colcon.colcon_core.package_identification:_identify(.) by extensions ['cmake', 'python']
[1.554s] Level 1:colcon.colcon_core.package_identification:_identify(.) by extension 'cmake'
[1.554s] Level 1:colcon.colcon_core.package_identification:_identify(.) by extension 'python'
[1.554s] Level 1:colcon.colcon_core.package_identification:_identify(.) by extensions ['python_setup_py']
[1.555s] Level 1:colcon.colcon_core.package_identification:_identify(.) by extension 'python_setup_py'
[1.555s] Level 1:colcon.colcon_core.package_identification:_identify(build) by extensions ['ignore', 'ignore_ament_install']
[1.555s] Level 1:colcon.colcon_core.package_identification:_identify(build) by extension 'ignore'
[1.555s] Level 1:colcon.colcon_core.package_identification:_identify(build) ignored
[1.555s] Level 1:colcon.colcon_core.package_identification:_identify(install) by extensions ['ignore', 'ignore_ament_install']
[1.556s] Level 1:colcon.colcon_core.package_identification:_identify(install) by extension 'ignore'
[1.556s] Level 1:colcon.colcon_core.package_identification:_identify(install) ignored
[1.556s] Level 1:colcon.colcon_core.package_identification:_identify(log) by extensions ['ignore', 'ignore_ament_install']
[1.556s] Level 1:colcon.colcon_core.package_identification:_identify(log) by extension 'ignore'
[1.556s] Level 1:colcon.colcon_core.package_identification:_identify(log) ignored
[1.556s] Level 1:colcon.colcon_core.package_identification:_identify(ros2_ws) by extensions ['ignore', 'ignore_ament_install']
[1.557s] Level 1:colcon.colcon_core.package_identification:_identify(ros2_ws) by extension 'ignore'
[1.557s] Level 1:colcon.colcon_core.package_identification:_identify(ros2_ws) by extension 'ignore_ament_install'
[1.557s] Level 1:colcon.colcon_core.package_identification:_identify(ros2_ws) by extensions ['colcon_pkg']
[1.557s] Level 1:colcon.colcon_core.package_identification:_identify(ros2_ws) by extension 'colcon_pkg'
[1.557s] Level 1:colcon.colcon_core.package_identification:_identify(ros2_ws) by extensions ['colcon_meta']
[1.557s] Level 1:colcon.colcon_core.package_identification:_identify(ros2_ws) by extension 'colcon_meta'
[1.557s] Level 1:colcon.colcon_core.package_identification:_identify(ros2_ws) by extensions ['ros']
[1.557s] Level 1:colcon.colcon_core.package_identification:_identify(ros2_ws) by extension 'ros'
[1.558s] Level 1:colcon.colcon_core.package_identification:_identify(ros2_ws) by extensions ['cmake', 'python']
[1.558s] Level 1:colcon.colcon_core.package_identification:_identify(ros2_ws) by extension 'cmake'
[1.558s] Level 1:colcon.colcon_core.package_identification:_identify(ros2_ws) by extension 'python'
[1.558s] Level 1:colcon.colcon_core.package_identification:_identify(ros2_ws) by extensions ['python_setup_py']
[1.558s] Level 1:colcon.colcon_core.package_identification:_identify(ros2_ws) by extension 'python_setup_py'
[1.558s] Level 1:colcon.colcon_core.package_identification:_identify(ros2_ws/build) by extensions ['ignore', 'ignore_ament_install']
[1.558s] Level 1:colcon.colcon_core.package_identification:_identify(ros2_ws/build) by extension 'ignore'
[1.558s] Level 1:colcon.colcon_core.package_identification:_identify(ros2_ws/build) ignored
[1.559s] Level 1:colcon.colcon_core.package_identification:_identify(ros2_ws/install) by extensions ['ignore', 'ignore_ament_install']
[1.559s] Level 1:colcon.colcon_core.package_identification:_identify(ros2_ws/install) by extension 'ignore'
[1.559s] Level 1:colcon.colcon_core.package_identification:_identify(ros2_ws/install) ignored
[1.559s] Level 1:colcon.colcon_core.package_identification:_identify(ros2_ws/log) by extensions ['ignore', 'ignore_ament_install']
[1.559s] Level 1:colcon.colcon_core.package_identification:_identify(ros2_ws/log) by extension 'ignore'
[1.560s] Level 1:colcon.colcon_core.package_identification:_identify(ros2_ws/log) ignored
[1.560s] Level 1:colcon.colcon_core.package_identification:_identify(ros2_ws/rtabmap_odom_cuda) by extensions ['ignore', 'ignore_ament_install']
[1.560s] Level 1:colcon.colcon_core.package_identification:_identify(ros2_ws/rtabmap_odom_cuda) by extension 'ignore'
[1.560s] Level 1:colcon.colcon_core.package_identification:_identify(ros2_ws/rtabmap_odom_cuda) by extension 'ignore_ament_install'
[1.560s] Level 1:colcon.colcon_core.package_identification:_identify(ros2_ws/rtabmap_odom_cuda) by extensions ['colcon_pkg']
[1.560s] Level 1:colcon.colcon_core.package_identification:_identify(ros2_ws/rtabmap_odom_cuda) by extension 'colcon_pkg'
[1.560s] Level 1:colcon.colcon_core.package_identification:_identify(ros2_ws/rtabmap_odom_cuda) by extensions ['colcon_meta']
[1.560s] Level 1:colcon.colcon_core.package_identification:_identify(ros2_ws/rtabmap_odom_cuda) by extension 'colcon_meta'
[1.561s] Level 1:colcon.colcon_core.package_identification:_identify(ros2_ws/rtabmap_odom_cuda) by extensions ['ros']
[1.561s] Level 1:colcon.colcon_core.package_identification:_identify(ros2_ws/rtabmap_odom_cuda) by extension 'ros'
[1.575s] DEBUG:colcon.colcon_core.package_identification:Package 'ros2_ws/rtabmap_odom_cuda' with type 'ros.ament_cmake' and name 'rtabmap_odom_cuda'
[1.575s] Level 1:colcon.colcon_core.package_identification:_identify(ros2_ws/src) by extensions ['ignore', 'ignore_ament_install']
[1.576s] Level 1:colcon.colcon_core.package_identification:_identify(ros2_ws/src) by extension 'ignore'
[1.576s] Level 1:colcon.colcon_core.package_identification:_identify(ros2_ws/src) by extension 'ignore_ament_install'
[1.576s] Level 1:colcon.colcon_core.package_identification:_identify(ros2_ws/src) by extensions ['colcon_pkg']
[1.576s] Level 1:colcon.colcon_core.package_identification:_identify(ros2_ws/src) by extension 'colcon_pkg'
[1.576s] Level 1:colcon.colcon_core.package_identification:_identify(ros2_ws/src) by extensions ['colcon_meta']
[1.576s] Level 1:colcon.colcon_core.package_identification:_identify(ros2_ws/src) by extension 'colcon_meta'
[1.576s] Level 1:colcon.colcon_core.package_identification:_identify(ros2_ws/src) by extensions ['ros']
[1.576s] Level 1:colcon.colcon_core.package_identification:_identify(ros2_ws/src) by extension 'ros'
[1.577s] Level 1:colcon.colcon_core.package_identification:_identify(ros2_ws/src) by extensions ['cmake', 'python']
[1.577s] Level 1:colcon.colcon_core.package_identification:_identify(ros2_ws/src) by extension 'cmake'
[1.577s] Level 1:colcon.colcon_core.package_identification:_identify(ros2_ws/src) by extension 'python'
[1.577s] Level 1:colcon.colcon_core.package_identification:_identify(ros2_ws/src) by extensions ['python_setup_py']
[1.577s] Level 1:colcon.colcon_core.package_identification:_identify(ros2_ws/src) by extension 'python_setup_py'
[1.577s] Level 1:colcon.colcon_core.package_identification:_identify(ros2_ws/src/VINS-Fusion-ROS2-humble) by extensions ['ignore', 'ignore_ament_install']
[1.577s] Level 1:colcon.colcon_core.package_identification:_identify(ros2_ws/src/VINS-Fusion-ROS2-humble) by extension 'ignore'
[1.578s] Level 1:colcon.colcon_core.package_identification:_identify(ros2_ws/src/VINS-Fusion-ROS2-humble) by extension 'ignore_ament_install'
[1.578s] Level 1:colcon.colcon_core.package_identification:_identify(ros2_ws/src/VINS-Fusion-ROS2-humble) by extensions ['colcon_pkg']
[1.578s] Level 1:colcon.colcon_core.package_identification:_identify(ros2_ws/src/VINS-Fusion-ROS2-humble) by extension 'colcon_pkg'
[1.578s] Level 1:colcon.colcon_core.package_identification:_identify(ros2_ws/src/VINS-Fusion-ROS2-humble) by extensions ['colcon_meta']
[1.578s] Level 1:colcon.colcon_core.package_identification:_identify(ros2_ws/src/VINS-Fusion-ROS2-humble) by extension 'colcon_meta'
[1.578s] Level 1:colcon.colcon_core.package_identification:_identify(ros2_ws/src/VINS-Fusion-ROS2-humble) by extensions ['ros']
[1.578s] Level 1:colcon.colcon_core.package_identification:_identify(ros2_ws/src/VINS-Fusion-ROS2-humble) by extension 'ros'
[1.578s] Level 1:colcon.colcon_core.package_identification:_identify(ros2_ws/src/VINS-Fusion-ROS2-humble) by extensions ['cmake', 'python']
[1.578s] Level 1:colcon.colcon_core.package_identification:_identify(ros2_ws/src/VINS-Fusion-ROS2-humble) by extension 'cmake'
[1.578s] Level 1:colcon.colcon_core.package_identification:_identify(ros2_ws/src/VINS-Fusion-ROS2-humble) by extension 'python'
[1.579s] Level 1:colcon.colcon_core.package_identification:_identify(ros2_ws/src/VINS-Fusion-ROS2-humble) by extensions ['python_setup_py']
[1.579s] Level 1:colcon.colcon_core.package_identification:_identify(ros2_ws/src/VINS-Fusion-ROS2-humble) by extension 'python_setup_py'
[1.579s] Level 1:colcon.colcon_core.package_identification:_identify(ros2_ws/src/VINS-Fusion-ROS2-humble/camera_models) by extensions ['ignore', 'ignore_ament_install']
[1.579s] Level 1:colcon.colcon_core.package_identification:_identify(ros2_ws/src/VINS-Fusion-ROS2-humble/camera_models) by extension 'ignore'
[1.579s] Level 1:colcon.colcon_core.package_identification:_identify(ros2_ws/src/VINS-Fusion-ROS2-humble/camera_models) by extension 'ignore_ament_install'
[1.579s] Level 1:colcon.colcon_core.package_identification:_identify(ros2_ws/src/VINS-Fusion-ROS2-humble/camera_models) by extensions ['colcon_pkg']
[1.580s] Level 1:colcon.colcon_core.package_identification:_identify(ros2_ws/src/VINS-Fusion-ROS2-humble/camera_models) by extension 'colcon_pkg'
[1.580s] Level 1:colcon.colcon_core.package_identification:_identify(ros2_ws/src/VINS-Fusion-ROS2-humble/camera_models) by extensions ['colcon_meta']
[1.580s] Level 1:colcon.colcon_core.package_identification:_identify(ros2_ws/src/VINS-Fusion-ROS2-humble/camera_models) by extension 'colcon_meta'
[1.580s] Level 1:colcon.colcon_core.package_identification:_identify(ros2_ws/src/VINS-Fusion-ROS2-humble/camera_models) by extensions ['ros']
[1.580s] Level 1:colcon.colcon_core.package_identification:_identify(ros2_ws/src/VINS-Fusion-ROS2-humble/camera_models) by extension 'ros'
[1.582s] DEBUG:colcon.colcon_core.package_identification:Package 'ros2_ws/src/VINS-Fusion-ROS2-humble/camera_models' with type 'ros.ament_cmake' and name 'camera_models'
[1.582s] Level 1:colcon.colcon_core.package_identification:_identify(ros2_ws/src/VINS-Fusion-ROS2-humble/config) by extensions ['ignore', 'ignore_ament_install']
[1.582s] Level 1:colcon.colcon_core.package_identification:_identify(ros2_ws/src/VINS-Fusion-ROS2-humble/config) by extension 'ignore'
[1.582s] Level 1:colcon.colcon_core.package_identification:_identify(ros2_ws/src/VINS-Fusion-ROS2-humble/config) by extension 'ignore_ament_install'
[1.583s] Level 1:colcon.colcon_core.package_identification:_identify(ros2_ws/src/VINS-Fusion-ROS2-humble/config) by extensions ['colcon_pkg']
[1.583s] Level 1:colcon.colcon_core.package_identification:_identify(ros2_ws/src/VINS-Fusion-ROS2-humble/config) by extension 'colcon_pkg'
[1.583s] Level 1:colcon.colcon_core.package_identification:_identify(ros2_ws/src/VINS-Fusion-ROS2-humble/config) by extensions ['colcon_meta']
[1.583s] Level 1:colcon.colcon_core.package_identification:_identify(ros2_ws/src/VINS-Fusion-ROS2-humble/config) by extension 'colcon_meta'
[1.583s] Level 1:colcon.colcon_core.package_identification:_identify(ros2_ws/src/VINS-Fusion-ROS2-humble/config) by extensions ['ros']
[1.583s] Level 1:colcon.colcon_core.package_identification:_identify(ros2_ws/src/VINS-Fusion-ROS2-humble/config) by extension 'ros'
[1.583s] Level 1:colcon.colcon_core.package_identification:_identify(ros2_ws/src/VINS-Fusion-ROS2-humble/config) by extensions ['cmake', 'python']
[1.583s] Level 1:colcon.colcon_core.package_identification:_identify(ros2_ws/src/VINS-Fusion-ROS2-humble/config) by extension 'cmake'
[1.583s] Level 1:colcon.colcon_core.package_identification:_identify(ros2_ws/src/VINS-Fusion-ROS2-humble/config) by extension 'python'
[1.583s] Level 1:colcon.colcon_core.package_identification:_identify(ros2_ws/src/VINS-Fusion-ROS2-humble/config) by extensions ['python_setup_py']
[1.584s] Level 1:colcon.colcon_core.package_identification:_identify(ros2_ws/src/VINS-Fusion-ROS2-humble/config) by extension 'python_setup_py'
[1.584s] Level 1:colcon.colcon_core.package_identification:_identify(ros2_ws/src/VINS-Fusion-ROS2-humble/config/A3_ptgrey) by extensions ['ignore', 'ignore_ament_install']
[1.584s] Level 1:colcon.colcon_core.package_identification:_identify(ros2_ws/src/VINS-Fusion-ROS2-humble/config/A3_ptgrey) by extension 'ignore'
[1.584s] Level 1:colcon.colcon_core.package_identification:_identify(ros2_ws/src/VINS-Fusion-ROS2-humble/config/A3_ptgrey) by extension 'ignore_ament_install'
[1.584s] Level 1:colcon.colcon_core.package_identification:_identify(ros2_ws/src/VINS-Fusion-ROS2-humble/config/A3_ptgrey) by extensions ['colcon_pkg']
[1.584s] Level 1:colcon.colcon_core.package_identification:_identify(ros2_ws/src/VINS-Fusion-ROS2-humble/config/A3_ptgrey) by extension 'colcon_pkg'
[1.584s] Level 1:colcon.colcon_core.package_identification:_identify(ros2_ws/src/VINS-Fusion-ROS2-humble/config/A3_ptgrey) by extensions ['colcon_meta']
[1.584s] Level 1:colcon.colcon_core.package_identification:_identify(ros2_ws/src/VINS-Fusion-ROS2-humble/config/A3_ptgrey) by extension 'colcon_meta'
[1.585s] Level 1:colcon.colcon_core.package_identification:_identify(ros2_ws/src/VINS-Fusion-ROS2-humble/config/A3_ptgrey) by extensions ['ros']
[1.585s] Level 1:colcon.colcon_core.package_identification:_identify(ros2_ws/src/VINS-Fusion-ROS2-humble/config/A3_ptgrey) by extension 'ros'
[1.585s] Level 1:colcon.colcon_core.package_identification:_identify(ros2_ws/src/VINS-Fusion-ROS2-humble/config/A3_ptgrey) by extensions ['cmake', 'python']
[1.585s] Level 1:colcon.colcon_core.package_identification:_identify(ros2_ws/src/VINS-Fusion-ROS2-humble/config/A3_ptgrey) by extension 'cmake'
[1.585s] Level 1:colcon.colcon_core.package_identification:_identify(ros2_ws/src/VINS-Fusion-ROS2-humble/config/A3_ptgrey) by extension 'python'
[1.585s] Level 1:colcon.colcon_core.package_identification:_identify(ros2_ws/src/VINS-Fusion-ROS2-humble/config/A3_ptgrey) by extensions ['python_setup_py']
[1.585s] Level 1:colcon.colcon_core.package_identification:_identify(ros2_ws/src/VINS-Fusion-ROS2-humble/config/A3_ptgrey) by extension 'python_setup_py'
[1.585s] Level 1:colcon.colcon_core.package_identification:_identify(ros2_ws/src/VINS-Fusion-ROS2-humble/config/euroc) by extensions ['ignore', 'ignore_ament_install']
[1.586s] Level 1:colcon.colcon_core.package_identification:_identify(ros2_ws/src/VINS-Fusion-ROS2-humble/config/euroc) by extension 'ignore'
[1.586s] Level 1:colcon.colcon_core.package_identification:_identify(ros2_ws/src/VINS-Fusion-ROS2-humble/config/euroc) by extension 'ignore_ament_install'
[1.586s] Level 1:colcon.colcon_core.package_identification:_identify(ros2_ws/src/VINS-Fusion-ROS2-humble/config/euroc) by extensions ['colcon_pkg']
[1.586s] Level 1:colcon.colcon_core.package_identification:_identify(ros2_ws/src/VINS-Fusion-ROS2-humble/config/euroc) by extension 'colcon_pkg'
[1.586s] Level 1:colcon.colcon_core.package_identification:_identify(ros2_ws/src/VINS-Fusion-ROS2-humble/config/euroc) by extensions ['colcon_meta']
[1.586s] Level 1:colcon.colcon_core.package_identification:_identify(ros2_ws/src/VINS-Fusion-ROS2-humble/config/euroc) by extension 'colcon_meta'
[1.586s] Level 1:colcon.colcon_core.package_identification:_identify(ros2_ws/src/VINS-Fusion-ROS2-humble/config/euroc) by extensions ['ros']
[1.586s] Level 1:colcon.colcon_core.package_identification:_identify(ros2_ws/src/VINS-Fusion-ROS2-humble/config/euroc) by extension 'ros'
[1.587s] Level 1:colcon.colcon_core.package_identification:_identify(ros2_ws/src/VINS-Fusion-ROS2-humble/config/euroc) by extensions ['cmake', 'python']
[1.587s] Level 1:colcon.colcon_core.package_identification:_identify(ros2_ws/src/VINS-Fusion-ROS2-humble/config/euroc) by extension 'cmake'
[1.587s] Level 1:colcon.colcon_core.package_identification:_identify(ros2_ws/src/VINS-Fusion-ROS2-humble/config/euroc) by extension 'python'
[1.587s] Level 1:colcon.colcon_core.package_identification:_identify(ros2_ws/src/VINS-Fusion-ROS2-humble/config/euroc) by extensions ['python_setup_py']
[1.587s] Level 1:colcon.colcon_core.package_identification:_identify(ros2_ws/src/VINS-Fusion-ROS2-humble/config/euroc) by extension 'python_setup_py'
[1.587s] Level 1:colcon.colcon_core.package_identification:_identify(ros2_ws/src/VINS-Fusion-ROS2-humble/config/kitti_odom) by extensions ['ignore', 'ignore_ament_install']
[1.587s] Level 1:colcon.colcon_core.package_identification:_identify(ros2_ws/src/VINS-Fusion-ROS2-humble/config/kitti_odom) by extension 'ignore'
[1.587s] Level 1:colcon.colcon_core.package_identification:_identify(ros2_ws/src/VINS-Fusion-ROS2-humble/config/kitti_odom) by extension 'ignore_ament_install'
[1.588s] Level 1:colcon.colcon_core.package_identification:_identify(ros2_ws/src/VINS-Fusion-ROS2-humble/config/kitti_odom) by extensions ['colcon_pkg']
[1.588s] Level 1:colcon.colcon_core.package_identification:_identify(ros2_ws/src/VINS-Fusion-ROS2-humble/config/kitti_odom) by extension 'colcon_pkg'
[1.588s] Level 1:colcon.colcon_core.package_identification:_identify(ros2_ws/src/VINS-Fusion-ROS2-humble/config/kitti_odom) by extensions ['colcon_meta']
[1.588s] Level 1:colcon.colcon_core.package_identification:_identify(ros2_ws/src/VINS-Fusion-ROS2-humble/config/kitti_odom) by extension 'colcon_meta'
[1.588s] Level 1:colcon.colcon_core.package_identification:_identify(ros2_ws/src/VINS-Fusion-ROS2-humble/config/kitti_odom) by extensions ['ros']
[1.588s] Level 1:colcon.colcon_core.package_identification:_identify(ros2_ws/src/VINS-Fusion-ROS2-humble/config/kitti_odom) by extension 'ros'
[1.588s] Level 1:colcon.colcon_core.package_identification:_identify(ros2_ws/src/VINS-Fusion-ROS2-humble/config/kitti_odom) by extensions ['cmake', 'python']
[1.588s] Level 1:colcon.colcon_core.package_identification:_identify(ros2_ws/src/VINS-Fusion-ROS2-humble/config/kitti_odom) by extension 'cmake'
[1.588s] Level 1:colcon.colcon_core.package_identification:_identify(ros2_ws/src/VINS-Fusion-ROS2-humble/config/kitti_odom) by extension 'python'
[1.589s] Level 1:colcon.colcon_core.package_identification:_identify(ros2_ws/src/VINS-Fusion-ROS2-humble/config/kitti_odom) by extensions ['python_setup_py']
[1.589s] Level 1:colcon.colcon_core.package_identification:_identify(ros2_ws/src/VINS-Fusion-ROS2-humble/config/kitti_odom) by extension 'python_setup_py'
[1.589s] Level 1:colcon.colcon_core.package_identification:_identify(ros2_ws/src/VINS-Fusion-ROS2-humble/config/kitti_raw) by extensions ['ignore', 'ignore_ament_install']
[1.589s] Level 1:colcon.colcon_core.package_identification:_identify(ros2_ws/src/VINS-Fusion-ROS2-humble/config/kitti_raw) by extension 'ignore'
[1.589s] Level 1:colcon.colcon_core.package_identification:_identify(ros2_ws/src/VINS-Fusion-ROS2-humble/config/kitti_raw) by extension 'ignore_ament_install'
[1.589s] Level 1:colcon.colcon_core.package_identification:_identify(ros2_ws/src/VINS-Fusion-ROS2-humble/config/kitti_raw) by extensions ['colcon_pkg']
[1.589s] Level 1:colcon.colcon_core.package_identification:_identify(ros2_ws/src/VINS-Fusion-ROS2-humble/config/kitti_raw) by extension 'colcon_pkg'
[1.589s] Level 1:colcon.colcon_core.package_identification:_identify(ros2_ws/src/VINS-Fusion-ROS2-humble/config/kitti_raw) by extensions ['colcon_meta']
[1.589s] Level 1:colcon.colcon_core.package_identification:_identify(ros2_ws/src/VINS-Fusion-ROS2-humble/config/kitti_raw) by extension 'colcon_meta'
[1.590s] Level 1:colcon.colcon_core.package_identification:_identify(ros2_ws/src/VINS-Fusion-ROS2-humble/config/kitti_raw) by extensions ['ros']
[1.590s] Level 1:colcon.colcon_core.package_identification:_identify(ros2_ws/src/VINS-Fusion-ROS2-humble/config/kitti_raw) by extension 'ros'
[1.590s] Level 1:colcon.colcon_core.package_identification:_identify(ros2_ws/src/VINS-Fusion-ROS2-humble/config/kitti_raw) by extensions ['cmake', 'python']
[1.590s] Level 1:colcon.colcon_core.package_identification:_identify(ros2_ws/src/VINS-Fusion-ROS2-humble/config/kitti_raw) by extension 'cmake'
[1.590s] Level 1:colcon.colcon_core.package_identification:_identify(ros2_ws/src/VINS-Fusion-ROS2-humble/config/kitti_raw) by extension 'python'
[1.591s] Level 1:colcon.colcon_core.package_identification:_identify(ros2_ws/src/VINS-Fusion-ROS2-humble/config/kitti_raw) by extensions ['python_setup_py']
[1.591s] Level 1:colcon.colcon_core.package_identification:_identify(ros2_ws/src/VINS-Fusion-ROS2-humble/config/kitti_raw) by extension 'python_setup_py'
[1.591s] Level 1:colcon.colcon_core.package_identification:_identify(ros2_ws/src/VINS-Fusion-ROS2-humble/config/mynteye) by extensions ['ignore', 'ignore_ament_install']
[1.591s] Level 1:colcon.colcon_core.package_identification:_identify(ros2_ws/src/VINS-Fusion-ROS2-humble/config/mynteye) by extension 'ignore'
[1.591s] Level 1:colcon.colcon_core.package_identification:_identify(ros2_ws/src/VINS-Fusion-ROS2-humble/config/mynteye) by extension 'ignore_ament_install'
[1.591s] Level 1:colcon.colcon_core.package_identification:_identify(ros2_ws/src/VINS-Fusion-ROS2-humble/config/mynteye) by extensions ['colcon_pkg']
[1.591s] Level 1:colcon.colcon_core.package_identification:_identify(ros2_ws/src/VINS-Fusion-ROS2-humble/config/mynteye) by extension 'colcon_pkg'
[1.591s] Level 1:colcon.colcon_core.package_identification:_identify(ros2_ws/src/VINS-Fusion-ROS2-humble/config/mynteye) by extensions ['colcon_meta']
[1.591s] Level 1:colcon.colcon_core.package_identification:_identify(ros2_ws/src/VINS-Fusion-ROS2-humble/config/mynteye) by extension 'colcon_meta'
[1.592s] Level 1:colcon.colcon_core.package_identification:_identify(ros2_ws/src/VINS-Fusion-ROS2-humble/config/mynteye) by extensions ['ros']
[1.592s] Level 1:colcon.colcon_core.package_identification:_identify(ros2_ws/src/VINS-Fusion-ROS2-humble/config/mynteye) by extension 'ros'
[1.592s] Level 1:colcon.colcon_core.package_identification:_identify(ros2_ws/src/VINS-Fusion-ROS2-humble/config/mynteye) by extensions ['cmake', 'python']
[1.592s] Level 1:colcon.colcon_core.package_identification:_identify(ros2_ws/src/VINS-Fusion-ROS2-humble/config/mynteye) by extension 'cmake'
[1.592s] Level 1:colcon.colcon_core.package_identification:_identify(ros2_ws/src/VINS-Fusion-ROS2-humble/config/mynteye) by extension 'python'
[1.592s] Level 1:colcon.colcon_core.package_identification:_identify(ros2_ws/src/VINS-Fusion-ROS2-humble/config/mynteye) by extensions ['python_setup_py']
[1.592s] Level 1:colcon.colcon_core.package_identification:_identify(ros2_ws/src/VINS-Fusion-ROS2-humble/config/mynteye) by extension 'python_setup_py'
[1.592s] Level 1:colcon.colcon_core.package_identification:_identify(ros2_ws/src/VINS-Fusion-ROS2-humble/config/realsense_d435i) by extensions ['ignore', 'ignore_ament_install']
[1.593s] Level 1:colcon.colcon_core.package_identification:_identify(ros2_ws/src/VINS-Fusion-ROS2-humble/config/realsense_d435i) by extension 'ignore'
[1.593s] Level 1:colcon.colcon_core.package_identification:_identify(ros2_ws/src/VINS-Fusion-ROS2-humble/config/realsense_d435i) by extension 'ignore_ament_install'
[1.593s] Level 1:colcon.colcon_core.package_identification:_identify(ros2_ws/src/VINS-Fusion-ROS2-humble/config/realsense_d435i) by extensions ['colcon_pkg']
[1.593s] Level 1:colcon.colcon_core.package_identification:_identify(ros2_ws/src/VINS-Fusion-ROS2-humble/config/realsense_d435i) by extension 'colcon_pkg'
[1.593s] Level 1:colcon.colcon_core.package_identification:_identify(ros2_ws/src/VINS-Fusion-ROS2-humble/config/realsense_d435i) by extensions ['colcon_meta']
[1.593s] Level 1:colcon.colcon_core.package_identification:_identify(ros2_ws/src/VINS-Fusion-ROS2-humble/config/realsense_d435i) by extension 'colcon_meta'
[1.593s] Level 1:colcon.colcon_core.package_identification:_identify(ros2_ws/src/VINS-Fusion-ROS2-humble/config/realsense_d435i) by extensions ['ros']
[1.593s] Level 1:colcon.colcon_core.package_identification:_identify(ros2_ws/src/VINS-Fusion-ROS2-humble/config/realsense_d435i) by extension 'ros'
[1.593s] Level 1:colcon.colcon_core.package_identification:_identify(ros2_ws/src/VINS-Fusion-ROS2-humble/config/realsense_d435i) by extensions ['cmake', 'python']
[1.593s] Level 1:colcon.colcon_core.package_identification:_identify(ros2_ws/src/VINS-Fusion-ROS2-humble/config/realsense_d435i) by extension 'cmake'
[1.594s] Level 1:colcon.colcon_core.package_identification:_identify(ros2_ws/src/VINS-Fusion-ROS2-humble/config/realsense_d435i) by extension 'python'
[1.594s] Level 1:colcon.colcon_core.package_identification:_identify(ros2_ws/src/VINS-Fusion-ROS2-humble/config/realsense_d435i) by extensions ['python_setup_py']
[1.594s] Level 1:colcon.colcon_core.package_identification:_identify(ros2_ws/src/VINS-Fusion-ROS2-humble/config/realsense_d435i) by extension 'python_setup_py'
[1.594s] Level 1:colcon.colcon_core.package_identification:_identify(ros2_ws/src/VINS-Fusion-ROS2-humble/config/simulation) by extensions ['ignore', 'ignore_ament_install']
[1.594s] Level 1:colcon.colcon_core.package_identification:_identify(ros2_ws/src/VINS-Fusion-ROS2-humble/config/simulation) by extension 'ignore'
[1.594s] Level 1:colcon.colcon_core.package_identification:_identify(ros2_ws/src/VINS-Fusion-ROS2-humble/config/simulation) by extension 'ignore_ament_install'
[1.594s] Level 1:colcon.colcon_core.package_identification:_identify(ros2_ws/src/VINS-Fusion-ROS2-humble/config/simulation) by extensions ['colcon_pkg']
[1.594s] Level 1:colcon.colcon_core.package_identification:_identify(ros2_ws/src/VINS-Fusion-ROS2-humble/config/simulation) by extension 'colcon_pkg'
[1.594s] Level 1:colcon.colcon_core.package_identification:_identify(ros2_ws/src/VINS-Fusion-ROS2-humble/config/simulation) by extensions ['colcon_meta']
[1.595s] Level 1:colcon.colcon_core.package_identification:_identify(ros2_ws/src/VINS-Fusion-ROS2-humble/config/simulation) by extension 'colcon_meta'
[1.595s] Level 1:colcon.colcon_core.package_identification:_identify(ros2_ws/src/VINS-Fusion-ROS2-humble/config/simulation) by extensions ['ros']
[1.595s] Level 1:colcon.colcon_core.package_identification:_identify(ros2_ws/src/VINS-Fusion-ROS2-humble/config/simulation) by extension 'ros'
[1.595s] Level 1:colcon.colcon_core.package_identification:_identify(ros2_ws/src/VINS-Fusion-ROS2-humble/config/simulation) by extensions ['cmake', 'python']
[1.595s] Level 1:colcon.colcon_core.package_identification:_identify(ros2_ws/src/VINS-Fusion-ROS2-humble/config/simulation) by extension 'cmake'
[1.595s] Level 1:colcon.colcon_core.package_identification:_identify(ros2_ws/src/VINS-Fusion-ROS2-humble/config/simulation) by extension 'python'
[1.595s] Level 1:colcon.colcon_core.package_identification:_identify(ros2_ws/src/VINS-Fusion-ROS2-humble/config/simulation) by extensions ['python_setup_py']
[1.595s] Level 1:colcon.colcon_core.package_identification:_identify(ros2_ws/src/VINS-Fusion-ROS2-humble/config/simulation) by extension 'python_setup_py'
[1.595s] Level 1:colcon.colcon_core.package_identification:_identify(ros2_ws/src/VINS-Fusion-ROS2-humble/config/vi_car) by extensions ['ignore', 'ignore_ament_install']
[1.596s] Level 1:colcon.colcon_core.package_identification:_identify(ros2_ws/src/VINS-Fusion-ROS2-humble/config/vi_car) by extension 'ignore'
[1.596s] Level 1:colcon.colcon_core.package_identification:_identify(ros2_ws/src/VINS-Fusion-ROS2-humble/config/vi_car) by extension 'ignore_ament_install'
[1.596s] Level 1:colcon.colcon_core.package_identification:_identify(ros2_ws/src/VINS-Fusion-ROS2-humble/config/vi_car) by extensions ['colcon_pkg']
[1.596s] Level 1:colcon.colcon_core.package_identification:_identify(ros2_ws/src/VINS-Fusion-ROS2-humble/config/vi_car) by extension 'colcon_pkg'
[1.596s] Level 1:colcon.colcon_core.package_identification:_identify(ros2_ws/src/VINS-Fusion-ROS2-humble/config/vi_car) by extensions ['colcon_meta']
[1.596s] Level 1:colcon.colcon_core.package_identification:_identify(ros2_ws/src/VINS-Fusion-ROS2-humble/config/vi_car) by extension 'colcon_meta'
[1.596s] Level 1:colcon.colcon_core.package_identification:_identify(ros2_ws/src/VINS-Fusion-ROS2-humble/config/vi_car) by extensions ['ros']
[1.596s] Level 1:colcon.colcon_core.package_identification:_identify(ros2_ws/src/VINS-Fusion-ROS2-humble/config/vi_car) by extension 'ros'
[1.596s] Level 1:colcon.colcon_core.package_identification:_identify(ros2_ws/src/VINS-Fusion-ROS2-humble/config/vi_car) by extensions ['cmake', 'python']
[1.597s] Level 1:colcon.colcon_core.package_identification:_identify(ros2_ws/src/VINS-Fusion-ROS2-humble/config/vi_car) by extension 'cmake'
[1.597s] Level 1:colcon.colcon_core.package_identification:_identify(ros2_ws/src/VINS-Fusion-ROS2-humble/config/vi_car) by extension 'python'
[1.597s] Level 1:colcon.colcon_core.package_identification:_identify(ros2_ws/src/VINS-Fusion-ROS2-humble/config/vi_car) by extensions ['python_setup_py']
[1.597s] Level 1:colcon.colcon_core.package_identification:_identify(ros2_ws/src/VINS-Fusion-ROS2-humble/config/vi_car) by extension 'python_setup_py'
[1.597s] Level 1:colcon.colcon_core.package_identification:_identify(ros2_ws/src/VINS-Fusion-ROS2-humble/docker) by extensions ['ignore', 'ignore_ament_install']
[1.597s] Level 1:colcon.colcon_core.package_identification:_identify(ros2_ws/src/VINS-Fusion-ROS2-humble/docker) by extension 'ignore'
[1.597s] Level 1:colcon.colcon_core.package_identification:_identify(ros2_ws/src/VINS-Fusion-ROS2-humble/docker) by extension 'ignore_ament_install'
[1.597s] Level 1:colcon.colcon_core.package_identification:_identify(ros2_ws/src/VINS-Fusion-ROS2-humble/docker) by extensions ['colcon_pkg']
[1.597s] Level 1:colcon.colcon_core.package_identification:_identify(ros2_ws/src/VINS-Fusion-ROS2-humble/docker) by extension 'colcon_pkg'
[1.598s] Level 1:colcon.colcon_core.package_identification:_identify(ros2_ws/src/VINS-Fusion-ROS2-humble/docker) by extensions ['colcon_meta']
[1.598s] Level 1:colcon.colcon_core.package_identification:_identify(ros2_ws/src/VINS-Fusion-ROS2-humble/docker) by extension 'colcon_meta'
[1.598s] Level 1:colcon.colcon_core.package_identification:_identify(ros2_ws/src/VINS-Fusion-ROS2-humble/docker) by extensions ['ros']
[1.598s] Level 1:colcon.colcon_core.package_identification:_identify(ros2_ws/src/VINS-Fusion-ROS2-humble/docker) by extension 'ros'
[1.598s] Level 1:colcon.colcon_core.package_identification:_identify(ros2_ws/src/VINS-Fusion-ROS2-humble/docker) by extensions ['cmake', 'python']
[1.598s] Level 1:colcon.colcon_core.package_identification:_identify(ros2_ws/src/VINS-Fusion-ROS2-humble/docker) by extension 'cmake'
[1.598s] Level 1:colcon.colcon_core.package_identification:_identify(ros2_ws/src/VINS-Fusion-ROS2-humble/docker) by extension 'python'
[1.598s] Level 1:colcon.colcon_core.package_identification:_identify(ros2_ws/src/VINS-Fusion-ROS2-humble/docker) by extensions ['python_setup_py']
[1.598s] Level 1:colcon.colcon_core.package_identification:_identify(ros2_ws/src/VINS-Fusion-ROS2-humble/docker) by extension 'python_setup_py'
[1.599s] Level 1:colcon.colcon_core.package_identification:_identify(ros2_ws/src/VINS-Fusion-ROS2-humble/global_fusion) by extensions ['ignore', 'ignore_ament_install']
[1.599s] Level 1:colcon.colcon_core.package_identification:_identify(ros2_ws/src/VINS-Fusion-ROS2-humble/global_fusion) by extension 'ignore'
[1.599s] Level 1:colcon.colcon_core.package_identification:_identify(ros2_ws/src/VINS-Fusion-ROS2-humble/global_fusion) by extension 'ignore_ament_install'
[1.599s] Level 1:colcon.colcon_core.package_identification:_identify(ros2_ws/src/VINS-Fusion-ROS2-humble/global_fusion) by extensions ['colcon_pkg']
[1.599s] Level 1:colcon.colcon_core.package_identification:_identify(ros2_ws/src/VINS-Fusion-ROS2-humble/global_fusion) by extension 'colcon_pkg'
[1.599s] Level 1:colcon.colcon_core.package_identification:_identify(ros2_ws/src/VINS-Fusion-ROS2-humble/global_fusion) by extensions ['colcon_meta']
[1.599s] Level 1:colcon.colcon_core.package_identification:_identify(ros2_ws/src/VINS-Fusion-ROS2-humble/global_fusion) by extension 'colcon_meta'
[1.599s] Level 1:colcon.colcon_core.package_identification:_identify(ros2_ws/src/VINS-Fusion-ROS2-humble/global_fusion) by extensions ['ros']
[1.599s] Level 1:colcon.colcon_core.package_identification:_identify(ros2_ws/src/VINS-Fusion-ROS2-humble/global_fusion) by extension 'ros'
[1.602s] DEBUG:colcon.colcon_core.package_identification:Package 'ros2_ws/src/VINS-Fusion-ROS2-humble/global_fusion' with type 'ros.ament_cmake' and name 'global_fusion'
[1.602s] Level 1:colcon.colcon_core.package_identification:_identify(ros2_ws/src/VINS-Fusion-ROS2-humble/loop_fusion) by extensions ['ignore', 'ignore_ament_install']
[1.602s] Level 1:colcon.colcon_core.package_identification:_identify(ros2_ws/src/VINS-Fusion-ROS2-humble/loop_fusion) by extension 'ignore'
[1.602s] Level 1:colcon.colcon_core.package_identification:_identify(ros2_ws/src/VINS-Fusion-ROS2-humble/loop_fusion) by extension 'ignore_ament_install'
[1.602s] Level 1:colcon.colcon_core.package_identification:_identify(ros2_ws/src/VINS-Fusion-ROS2-humble/loop_fusion) by extensions ['colcon_pkg']
[1.602s] Level 1:colcon.colcon_core.package_identification:_identify(ros2_ws/src/VINS-Fusion-ROS2-humble/loop_fusion) by extension 'colcon_pkg'
[1.602s] Level 1:colcon.colcon_core.package_identification:_identify(ros2_ws/src/VINS-Fusion-ROS2-humble/loop_fusion) by extensions ['colcon_meta']
[1.603s] Level 1:colcon.colcon_core.package_identification:_identify(ros2_ws/src/VINS-Fusion-ROS2-humble/loop_fusion) by extension 'colcon_meta'
[1.603s] Level 1:colcon.colcon_core.package_identification:_identify(ros2_ws/src/VINS-Fusion-ROS2-humble/loop_fusion) by extensions ['ros']
[1.603s] Level 1:colcon.colcon_core.package_identification:_identify(ros2_ws/src/VINS-Fusion-ROS2-humble/loop_fusion) by extension 'ros'
[1.605s] DEBUG:colcon.colcon_core.package_identification:Package 'ros2_ws/src/VINS-Fusion-ROS2-humble/loop_fusion' with type 'ros.ament_cmake' and name 'loop_fusion'
[1.605s] Level 1:colcon.colcon_core.package_identification:_identify(ros2_ws/src/VINS-Fusion-ROS2-humble/rcpputils) by extensions ['ignore', 'ignore_ament_install']
[1.605s] Level 1:colcon.colcon_core.package_identification:_identify(ros2_ws/src/VINS-Fusion-ROS2-humble/rcpputils) by extension 'ignore'
[1.605s] Level 1:colcon.colcon_core.package_identification:_identify(ros2_ws/src/VINS-Fusion-ROS2-humble/rcpputils) by extension 'ignore_ament_install'
[1.606s] Level 1:colcon.colcon_core.package_identification:_identify(ros2_ws/src/VINS-Fusion-ROS2-humble/rcpputils) by extensions ['colcon_pkg']
[1.606s] Level 1:colcon.colcon_core.package_identification:_identify(ros2_ws/src/VINS-Fusion-ROS2-humble/rcpputils) by extension 'colcon_pkg'
[1.606s] Level 1:colcon.colcon_core.package_identification:_identify(ros2_ws/src/VINS-Fusion-ROS2-humble/rcpputils) by extensions ['colcon_meta']
[1.606s] Level 1:colcon.colcon_core.package_identification:_identify(ros2_ws/src/VINS-Fusion-ROS2-humble/rcpputils) by extension 'colcon_meta'
[1.606s] Level 1:colcon.colcon_core.package_identification:_identify(ros2_ws/src/VINS-Fusion-ROS2-humble/rcpputils) by extensions ['ros']
[1.606s] Level 1:colcon.colcon_core.package_identification:_identify(ros2_ws/src/VINS-Fusion-ROS2-humble/rcpputils) by extension 'ros'
[1.606s] Level 1:colcon.colcon_core.package_identification:_identify(ros2_ws/src/VINS-Fusion-ROS2-humble/rcpputils) by extensions ['cmake', 'python']
[1.606s] Level 1:colcon.colcon_core.package_identification:_identify(ros2_ws/src/VINS-Fusion-ROS2-humble/rcpputils) by extension 'cmake'
[1.606s] Level 1:colcon.colcon_core.package_identification:_identify(ros2_ws/src/VINS-Fusion-ROS2-humble/rcpputils) by extension 'python'
[1.606s] Level 1:colcon.colcon_core.package_identification:_identify(ros2_ws/src/VINS-Fusion-ROS2-humble/rcpputils) by extensions ['python_setup_py']
[1.607s] Level 1:colcon.colcon_core.package_identification:_identify(ros2_ws/src/VINS-Fusion-ROS2-humble/rcpputils) by extension 'python_setup_py'
[1.607s] Level 1:colcon.colcon_core.package_identification:_identify(ros2_ws/src/VINS-Fusion-ROS2-humble/support_files) by extensions ['ignore', 'ignore_ament_install']
[1.607s] Level 1:colcon.colcon_core.package_identification:_identify(ros2_ws/src/VINS-Fusion-ROS2-humble/support_files) by extension 'ignore'
[1.607s] Level 1:colcon.colcon_core.package_identification:_identify(ros2_ws/src/VINS-Fusion-ROS2-humble/support_files) by extension 'ignore_ament_install'
[1.607s] Level 1:colcon.colcon_core.package_identification:_identify(ros2_ws/src/VINS-Fusion-ROS2-humble/support_files) by extensions ['colcon_pkg']
[1.607s] Level 1:colcon.colcon_core.package_identification:_identify(ros2_ws/src/VINS-Fusion-ROS2-humble/support_files) by extension 'colcon_pkg'
[1.607s] Level 1:colcon.colcon_core.package_identification:_identify(ros2_ws/src/VINS-Fusion-ROS2-humble/support_files) by extensions ['colcon_meta']
[1.607s] Level 1:colcon.colcon_core.package_identification:_identify(ros2_ws/src/VINS-Fusion-ROS2-humble/support_files) by extension 'colcon_meta'
[1.607s] Level 1:colcon.colcon_core.package_identification:_identify(ros2_ws/src/VINS-Fusion-ROS2-humble/support_files) by extensions ['ros']
[1.608s] Level 1:colcon.colcon_core.package_identification:_identify(ros2_ws/src/VINS-Fusion-ROS2-humble/support_files) by extension 'ros'
[1.608s] Level 1:colcon.colcon_core.package_identification:_identify(ros2_ws/src/VINS-Fusion-ROS2-humble/support_files) by extensions ['cmake', 'python']
[1.608s] Level 1:colcon.colcon_core.package_identification:_identify(ros2_ws/src/VINS-Fusion-ROS2-humble/support_files) by extension 'cmake'
[1.608s] Level 1:colcon.colcon_core.package_identification:_identify(ros2_ws/src/VINS-Fusion-ROS2-humble/support_files) by extension 'python'
[1.608s] Level 1:colcon.colcon_core.package_identification:_identify(ros2_ws/src/VINS-Fusion-ROS2-humble/support_files) by extensions ['python_setup_py']
[1.608s] Level 1:colcon.colcon_core.package_identification:_identify(ros2_ws/src/VINS-Fusion-ROS2-humble/support_files) by extension 'python_setup_py'
[1.608s] Level 1:colcon.colcon_core.package_identification:_identify(ros2_ws/src/VINS-Fusion-ROS2-humble/support_files/image) by extensions ['ignore', 'ignore_ament_install']
[1.608s] Level 1:colcon.colcon_core.package_identification:_identify(ros2_ws/src/VINS-Fusion-ROS2-humble/support_files/image) by extension 'ignore'
[1.609s] Level 1:colcon.colcon_core.package_identification:_identify(ros2_ws/src/VINS-Fusion-ROS2-humble/support_files/image) by extension 'ignore_ament_install'
[1.609s] Level 1:colcon.colcon_core.package_identification:_identify(ros2_ws/src/VINS-Fusion-ROS2-humble/support_files/image) by extensions ['colcon_pkg']
[1.609s] Level 1:colcon.colcon_core.package_identification:_identify(ros2_ws/src/VINS-Fusion-ROS2-humble/support_files/image) by extension 'colcon_pkg'
[1.609s] Level 1:colcon.colcon_core.package_identification:_identify(ros2_ws/src/VINS-Fusion-ROS2-humble/support_files/image) by extensions ['colcon_meta']
[1.609s] Level 1:colcon.colcon_core.package_identification:_identify(ros2_ws/src/VINS-Fusion-ROS2-humble/support_files/image) by extension 'colcon_meta'
[1.609s] Level 1:colcon.colcon_core.package_identification:_identify(ros2_ws/src/VINS-Fusion-ROS2-humble/support_files/image) by extensions ['ros']
[1.609s] Level 1:colcon.colcon_core.package_identification:_identify(ros2_ws/src/VINS-Fusion-ROS2-humble/support_files/image) by extension 'ros'
[1.609s] Level 1:colcon.colcon_core.package_identification:_identify(ros2_ws/src/VINS-Fusion-ROS2-humble/support_files/image) by extensions ['cmake', 'python']
[1.609s] Level 1:colcon.colcon_core.package_identification:_identify(ros2_ws/src/VINS-Fusion-ROS2-humble/support_files/image) by extension 'cmake'
[1.609s] Level 1:colcon.colcon_core.package_identification:_identify(ros2_ws/src/VINS-Fusion-ROS2-humble/support_files/image) by extension 'python'
[1.610s] Level 1:colcon.colcon_core.package_identification:_identify(ros2_ws/src/VINS-Fusion-ROS2-humble/support_files/image) by extensions ['python_setup_py']
[1.610s] Level 1:colcon.colcon_core.package_identification:_identify(ros2_ws/src/VINS-Fusion-ROS2-humble/support_files/image) by extension 'python_setup_py'
[1.610s] Level 1:colcon.colcon_core.package_identification:_identify(ros2_ws/src/VINS-Fusion-ROS2-humble/vins) by extensions ['ignore', 'ignore_ament_install']
[1.610s] Level 1:colcon.colcon_core.package_identification:_identify(ros2_ws/src/VINS-Fusion-ROS2-humble/vins) by extension 'ignore'
[1.610s] Level 1:colcon.colcon_core.package_identification:_identify(ros2_ws/src/VINS-Fusion-ROS2-humble/vins) by extension 'ignore_ament_install'
[1.610s] Level 1:colcon.colcon_core.package_identification:_identify(ros2_ws/src/VINS-Fusion-ROS2-humble/vins) by extensions ['colcon_pkg']
[1.610s] Level 1:colcon.colcon_core.package_identification:_identify(ros2_ws/src/VINS-Fusion-ROS2-humble/vins) by extension 'colcon_pkg'
[1.610s] Level 1:colcon.colcon_core.package_identification:_identify(ros2_ws/src/VINS-Fusion-ROS2-humble/vins) by extensions ['colcon_meta']
[1.610s] Level 1:colcon.colcon_core.package_identification:_identify(ros2_ws/src/VINS-Fusion-ROS2-humble/vins) by extension 'colcon_meta'
[1.611s] Level 1:colcon.colcon_core.package_identification:_identify(ros2_ws/src/VINS-Fusion-ROS2-humble/vins) by extensions ['ros']
[1.611s] Level 1:colcon.colcon_core.package_identification:_identify(ros2_ws/src/VINS-Fusion-ROS2-humble/vins) by extension 'ros'
[1.613s] DEBUG:colcon.colcon_core.package_identification:Package 'ros2_ws/src/VINS-Fusion-ROS2-humble/vins' with type 'ros.ament_cmake' and name 'vins'
[1.614s] Level 1:colcon.colcon_core.package_identification:_identify(ros2_ws/src/depthai-ros) by extensions ['ignore', 'ignore_ament_install']
[1.614s] Level 1:colcon.colcon_core.package_identification:_identify(ros2_ws/src/depthai-ros) by extension 'ignore'
[1.614s] Level 1:colcon.colcon_core.package_identification:_identify(ros2_ws/src/depthai-ros) by extension 'ignore_ament_install'
[1.614s] Level 1:colcon.colcon_core.package_identification:_identify(ros2_ws/src/depthai-ros) by extensions ['colcon_pkg']
[1.614s] Level 1:colcon.colcon_core.package_identification:_identify(ros2_ws/src/depthai-ros) by extension 'colcon_pkg'
[1.614s] Level 1:colcon.colcon_core.package_identification:_identify(ros2_ws/src/depthai-ros) by extensions ['colcon_meta']
[1.614s] Level 1:colcon.colcon_core.package_identification:_identify(ros2_ws/src/depthai-ros) by extension 'colcon_meta'
[1.615s] Level 1:colcon.colcon_core.package_identification:_identify(ros2_ws/src/depthai-ros) by extensions ['ros']
[1.615s] Level 1:colcon.colcon_core.package_identification:_identify(ros2_ws/src/depthai-ros) by extension 'ros'
[1.615s] Level 1:colcon.colcon_core.package_identification:_identify(ros2_ws/src/depthai-ros) by extensions ['cmake', 'python']
[1.615s] Level 1:colcon.colcon_core.package_identification:_identify(ros2_ws/src/depthai-ros) by extension 'cmake'
[1.615s] Level 1:colcon.colcon_core.package_identification:_identify(ros2_ws/src/depthai-ros) by extension 'python'
[1.615s] Level 1:colcon.colcon_core.package_identification:_identify(ros2_ws/src/depthai-ros) by extensions ['python_setup_py']
[1.615s] Level 1:colcon.colcon_core.package_identification:_identify(ros2_ws/src/depthai-ros) by extension 'python_setup_py'
[1.615s] Level 1:colcon.colcon_core.package_identification:_identify(ros2_ws/src/depthai-ros/depthai-ros) by extensions ['ignore', 'ignore_ament_install']
[1.616s] Level 1:colcon.colcon_core.package_identification:_identify(ros2_ws/src/depthai-ros/depthai-ros) by extension 'ignore'
[1.616s] Level 1:colcon.colcon_core.package_identification:_identify(ros2_ws/src/depthai-ros/depthai-ros) by extension 'ignore_ament_install'
[1.616s] Level 1:colcon.colcon_core.package_identification:_identify(ros2_ws/src/depthai-ros/depthai-ros) by extensions ['colcon_pkg']
[1.616s] Level 1:colcon.colcon_core.package_identification:_identify(ros2_ws/src/depthai-ros/depthai-ros) by extension 'colcon_pkg'
[1.616s] Level 1:colcon.colcon_core.package_identification:_identify(ros2_ws/src/depthai-ros/depthai-ros) by extensions ['colcon_meta']
[1.616s] Level 1:colcon.colcon_core.package_identification:_identify(ros2_ws/src/depthai-ros/depthai-ros) by extension 'colcon_meta'
[1.616s] Level 1:colcon.colcon_core.package_identification:_identify(ros2_ws/src/depthai-ros/depthai-ros) by extensions ['ros']
[1.616s] Level 1:colcon.colcon_core.package_identification:_identify(ros2_ws/src/depthai-ros/depthai-ros) by extension 'ros'
[1.636s] DEBUG:colcon.colcon_core.package_identification:Package 'ros2_ws/src/depthai-ros/depthai-ros' with type 'ros.ament_cmake' and name 'depthai-ros'
[1.636s] Level 1:colcon.colcon_core.package_identification:_identify(ros2_ws/src/depthai-ros/depthai_bridge) by extensions ['ignore', 'ignore_ament_install']
[1.637s] Level 1:colcon.colcon_core.package_identification:_identify(ros2_ws/src/depthai-ros/depthai_bridge) by extension 'ignore'
[1.637s] Level 1:colcon.colcon_core.package_identification:_identify(ros2_ws/src/depthai-ros/depthai_bridge) by extension 'ignore_ament_install'
[1.637s] Level 1:colcon.colcon_core.package_identification:_identify(ros2_ws/src/depthai-ros/depthai_bridge) by extensions ['colcon_pkg']
[1.637s] Level 1:colcon.colcon_core.package_identification:_identify(ros2_ws/src/depthai-ros/depthai_bridge) by extension 'colcon_pkg'
[1.637s] Level 1:colcon.colcon_core.package_identification:_identify(ros2_ws/src/depthai-ros/depthai_bridge) by extensions ['colcon_meta']
[1.637s] Level 1:colcon.colcon_core.package_identification:_identify(ros2_ws/src/depthai-ros/depthai_bridge) by extension 'colcon_meta'
[1.638s] Level 1:colcon.colcon_core.package_identification:_identify(ros2_ws/src/depthai-ros/depthai_bridge) by extensions ['ros']
[1.638s] Level 1:colcon.colcon_core.package_identification:_identify(ros2_ws/src/depthai-ros/depthai_bridge) by extension 'ros'
[1.643s] DEBUG:colcon.colcon_core.package_identification:Package 'ros2_ws/src/depthai-ros/depthai_bridge' with type 'ros.ament_cmake' and name 'depthai_bridge'
[1.643s] Level 1:colcon.colcon_core.package_identification:_identify(ros2_ws/src/depthai-ros/depthai_descriptions) by extensions ['ignore', 'ignore_ament_install']
[1.643s] Level 1:colcon.colcon_core.package_identification:_identify(ros2_ws/src/depthai-ros/depthai_descriptions) by extension 'ignore'
[1.643s] Level 1:colcon.colcon_core.package_identification:_identify(ros2_ws/src/depthai-ros/depthai_descriptions) by extension 'ignore_ament_install'
[1.643s] Level 1:colcon.colcon_core.package_identification:_identify(ros2_ws/src/depthai-ros/depthai_descriptions) by extensions ['colcon_pkg']
[1.643s] Level 1:colcon.colcon_core.package_identification:_identify(ros2_ws/src/depthai-ros/depthai_descriptions) by extension 'colcon_pkg'
[1.643s] Level 1:colcon.colcon_core.package_identification:_identify(ros2_ws/src/depthai-ros/depthai_descriptions) by extensions ['colcon_meta']
[1.644s] Level 1:colcon.colcon_core.package_identification:_identify(ros2_ws/src/depthai-ros/depthai_descriptions) by extension 'colcon_meta'
[1.644s] Level 1:colcon.colcon_core.package_identification:_identify(ros2_ws/src/depthai-ros/depthai_descriptions) by extensions ['ros']
[1.644s] Level 1:colcon.colcon_core.package_identification:_identify(ros2_ws/src/depthai-ros/depthai_descriptions) by extension 'ros'
[1.645s] DEBUG:colcon.colcon_core.package_identification:Package 'ros2_ws/src/depthai-ros/depthai_descriptions' with type 'ros.ament_cmake' and name 'depthai_descriptions'
[1.645s] Level 1:colcon.colcon_core.package_identification:_identify(ros2_ws/src/depthai-ros/depthai_examples) by extensions ['ignore', 'ignore_ament_install']
[1.645s] Level 1:colcon.colcon_core.package_identification:_identify(ros2_ws/src/depthai-ros/depthai_examples) by extension 'ignore'
[1.646s] Level 1:colcon.colcon_core.package_identification:_identify(ros2_ws/src/depthai-ros/depthai_examples) by extension 'ignore_ament_install'
[1.646s] Level 1:colcon.colcon_core.package_identification:_identify(ros2_ws/src/depthai-ros/depthai_examples) by extensions ['colcon_pkg']
[1.646s] Level 1:colcon.colcon_core.package_identification:_identify(ros2_ws/src/depthai-ros/depthai_examples) by extension 'colcon_pkg'
[1.646s] Level 1:colcon.colcon_core.package_identification:_identify(ros2_ws/src/depthai-ros/depthai_examples) by extensions ['colcon_meta']
[1.646s] Level 1:colcon.colcon_core.package_identification:_identify(ros2_ws/src/depthai-ros/depthai_examples) by extension 'colcon_meta'
[1.646s] Level 1:colcon.colcon_core.package_identification:_identify(ros2_ws/src/depthai-ros/depthai_examples) by extensions ['ros']
[1.646s] Level 1:colcon.colcon_core.package_identification:_identify(ros2_ws/src/depthai-ros/depthai_examples) by extension 'ros'
[1.653s] DEBUG:colcon.colcon_core.package_identification:Package 'ros2_ws/src/depthai-ros/depthai_examples' with type 'ros.ament_cmake' and name 'depthai_examples'
[1.653s] Level 1:colcon.colcon_core.package_identification:_identify(ros2_ws/src/depthai-ros/depthai_filters) by extensions ['ignore', 'ignore_ament_install']
[1.653s] Level 1:colcon.colcon_core.package_identification:_identify(ros2_ws/src/depthai-ros/depthai_filters) by extension 'ignore'
[1.654s] Level 1:colcon.colcon_core.package_identification:_identify(ros2_ws/src/depthai-ros/depthai_filters) by extension 'ignore_ament_install'
[1.654s] Level 1:colcon.colcon_core.package_identification:_identify(ros2_ws/src/depthai-ros/depthai_filters) by extensions ['colcon_pkg']
[1.654s] Level 1:colcon.colcon_core.package_identification:_identify(ros2_ws/src/depthai-ros/depthai_filters) by extension 'colcon_pkg'
[1.655s] Level 1:colcon.colcon_core.package_identification:_identify(ros2_ws/src/depthai-ros/depthai_filters) by extensions ['colcon_meta']
[1.655s] Level 1:colcon.colcon_core.package_identification:_identify(ros2_ws/src/depthai-ros/depthai_filters) by extension 'colcon_meta'
[1.655s] Level 1:colcon.colcon_core.package_identification:_identify(ros2_ws/src/depthai-ros/depthai_filters) by extensions ['ros']
[1.655s] Level 1:colcon.colcon_core.package_identification:_identify(ros2_ws/src/depthai-ros/depthai_filters) by extension 'ros'
[1.658s] DEBUG:colcon.colcon_core.package_identification:Package 'ros2_ws/src/depthai-ros/depthai_filters' with type 'ros.ament_cmake' and name 'depthai_filters'
[1.658s] Level 1:colcon.colcon_core.package_identification:_identify(ros2_ws/src/depthai-ros/depthai_ros_driver) by extensions ['ignore', 'ignore_ament_install']
[1.659s] Level 1:colcon.colcon_core.package_identification:_identify(ros2_ws/src/depthai-ros/depthai_ros_driver) by extension 'ignore'
[1.659s] Level 1:colcon.colcon_core.package_identification:_identify(ros2_ws/src/depthai-ros/depthai_ros_driver) by extension 'ignore_ament_install'
[1.659s] Level 1:colcon.colcon_core.package_identification:_identify(ros2_ws/src/depthai-ros/depthai_ros_driver) by extensions ['colcon_pkg']
[1.659s] Level 1:colcon.colcon_core.package_identification:_identify(ros2_ws/src/depthai-ros/depthai_ros_driver) by extension 'colcon_pkg'
[1.659s] Level 1:colcon.colcon_core.package_identification:_identify(ros2_ws/src/depthai-ros/depthai_ros_driver) by extensions ['colcon_meta']
[1.659s] Level 1:colcon.colcon_core.package_identification:_identify(ros2_ws/src/depthai-ros/depthai_ros_driver) by extension 'colcon_meta'
[1.659s] Level 1:colcon.colcon_core.package_identification:_identify(ros2_ws/src/depthai-ros/depthai_ros_driver) by extensions ['ros']
[1.659s] Level 1:colcon.colcon_core.package_identification:_identify(ros2_ws/src/depthai-ros/depthai_ros_driver) by extension 'ros'
[1.664s] DEBUG:colcon.colcon_core.package_identification:Package 'ros2_ws/src/depthai-ros/depthai_ros_driver' with type 'ros.ament_cmake' and name 'depthai_ros_driver'
[1.664s] Level 1:colcon.colcon_core.package_identification:_identify(ros2_ws/src/depthai-ros/depthai_ros_msgs) by extensions ['ignore', 'ignore_ament_install']
[1.665s] Level 1:colcon.colcon_core.package_identification:_identify(ros2_ws/src/depthai-ros/depthai_ros_msgs) by extension 'ignore'
[1.665s] Level 1:colcon.colcon_core.package_identification:_identify(ros2_ws/src/depthai-ros/depthai_ros_msgs) by extension 'ignore_ament_install'
[1.665s] Level 1:colcon.colcon_core.package_identification:_identify(ros2_ws/src/depthai-ros/depthai_ros_msgs) by extensions ['colcon_pkg']
[1.665s] Level 1:colcon.colcon_core.package_identification:_identify(ros2_ws/src/depthai-ros/depthai_ros_msgs) by extension 'colcon_pkg'
[1.665s] Level 1:colcon.colcon_core.package_identification:_identify(ros2_ws/src/depthai-ros/depthai_ros_msgs) by extensions ['colcon_meta']
[1.665s] Level 1:colcon.colcon_core.package_identification:_identify(ros2_ws/src/depthai-ros/depthai_ros_msgs) by extension 'colcon_meta'
[1.665s] Level 1:colcon.colcon_core.package_identification:_identify(ros2_ws/src/depthai-ros/depthai_ros_msgs) by extensions ['ros']
[1.665s] Level 1:colcon.colcon_core.package_identification:_identify(ros2_ws/src/depthai-ros/depthai_ros_msgs) by extension 'ros'
[1.668s] DEBUG:colcon.colcon_core.package_identification:Package 'ros2_ws/src/depthai-ros/depthai_ros_msgs' with type 'ros.ament_cmake' and name 'depthai_ros_msgs'
[1.668s] Level 1:colcon.colcon_core.package_identification:_identify(ros2_ws/src/install) by extensions ['ignore', 'ignore_ament_install']
[1.668s] Level 1:colcon.colcon_core.package_identification:_identify(ros2_ws/src/install) by extension 'ignore'
[1.669s] Level 1:colcon.colcon_core.package_identification:_identify(ros2_ws/src/install) ignored
[1.669s] Level 1:colcon.colcon_core.package_identification:_identify(ros2_ws/src/log) by extensions ['ignore', 'ignore_ament_install']
[1.669s] Level 1:colcon.colcon_core.package_identification:_identify(ros2_ws/src/log) by extension 'ignore'
[1.669s] Level 1:colcon.colcon_core.package_identification:_identify(ros2_ws/src/log) ignored
[1.670s] Level 1:colcon.colcon_core.package_identification:_identify(ros2_ws/src/rtabmap) by extensions ['ignore', 'ignore_ament_install']
[1.670s] Level 1:colcon.colcon_core.package_identification:_identify(ros2_ws/src/rtabmap) by extension 'ignore'
[1.670s] Level 1:colcon.colcon_core.package_identification:_identify(ros2_ws/src/rtabmap) by extension 'ignore_ament_install'
[1.670s] Level 1:colcon.colcon_core.package_identification:_identify(ros2_ws/src/rtabmap) by extensions ['colcon_pkg']
[1.670s] Level 1:colcon.colcon_core.package_identification:_identify(ros2_ws/src/rtabmap) by extension 'colcon_pkg'
[1.670s] Level 1:colcon.colcon_core.package_identification:_identify(ros2_ws/src/rtabmap) by extensions ['colcon_meta']
[1.670s] Level 1:colcon.colcon_core.package_identification:_identify(ros2_ws/src/rtabmap) by extension 'colcon_meta'
[1.670s] Level 1:colcon.colcon_core.package_identification:_identify(ros2_ws/src/rtabmap) by extensions ['ros']
[1.671s] Level 1:colcon.colcon_core.package_identification:_identify(ros2_ws/src/rtabmap) by extension 'ros'
[1.673s] DEBUG:colcon.colcon_core.package_identification:Package 'ros2_ws/src/rtabmap' with type 'ros.cmake' and name 'rtabmap'
[1.674s] Level 1:colcon.colcon_core.package_identification:_identify(ros2_ws/src/rtabmap_ros) by extensions ['ignore', 'ignore_ament_install']
[1.674s] Level 1:colcon.colcon_core.package_identification:_identify(ros2_ws/src/rtabmap_ros) by extension 'ignore'
[1.674s] Level 1:colcon.colcon_core.package_identification:_identify(ros2_ws/src/rtabmap_ros) by extension 'ignore_ament_install'
[1.674s] Level 1:colcon.colcon_core.package_identification:_identify(ros2_ws/src/rtabmap_ros) by extensions ['colcon_pkg']
[1.674s] Level 1:colcon.colcon_core.package_identification:_identify(ros2_ws/src/rtabmap_ros) by extension 'colcon_pkg'
[1.674s] Level 1:colcon.colcon_core.package_identification:_identify(ros2_ws/src/rtabmap_ros) by extensions ['colcon_meta']
[1.674s] Level 1:colcon.colcon_core.package_identification:_identify(ros2_ws/src/rtabmap_ros) by extension 'colcon_meta'
[1.675s] Level 1:colcon.colcon_core.package_identification:_identify(ros2_ws/src/rtabmap_ros) by extensions ['ros']
[1.675s] Level 1:colcon.colcon_core.package_identification:_identify(ros2_ws/src/rtabmap_ros) by extension 'ros'
[1.675s] Level 1:colcon.colcon_core.package_identification:_identify(ros2_ws/src/rtabmap_ros) by extensions ['cmake', 'python']
[1.675s] Level 1:colcon.colcon_core.package_identification:_identify(ros2_ws/src/rtabmap_ros) by extension 'cmake'
[1.675s] Level 1:colcon.colcon_core.package_identification:_identify(ros2_ws/src/rtabmap_ros) by extension 'python'
[1.675s] Level 1:colcon.colcon_core.package_identification:_identify(ros2_ws/src/rtabmap_ros) by extensions ['python_setup_py']
[1.675s] Level 1:colcon.colcon_core.package_identification:_identify(ros2_ws/src/rtabmap_ros) by extension 'python_setup_py'
[1.676s] Level 1:colcon.colcon_core.package_identification:_identify(ros2_ws/src/rtabmap_ros/docker) by extensions ['ignore', 'ignore_ament_install']
[1.676s] Level 1:colcon.colcon_core.package_identification:_identify(ros2_ws/src/rtabmap_ros/docker) by extension 'ignore'
[1.676s] Level 1:colcon.colcon_core.package_identification:_identify(ros2_ws/src/rtabmap_ros/docker) by extension 'ignore_ament_install'
[1.676s] Level 1:colcon.colcon_core.package_identification:_identify(ros2_ws/src/rtabmap_ros/docker) by extensions ['colcon_pkg']
[1.676s] Level 1:colcon.colcon_core.package_identification:_identify(ros2_ws/src/rtabmap_ros/docker) by extension 'colcon_pkg'
[1.676s] Level 1:colcon.colcon_core.package_identification:_identify(ros2_ws/src/rtabmap_ros/docker) by extensions ['colcon_meta']
[1.676s] Level 1:colcon.colcon_core.package_identification:_identify(ros2_ws/src/rtabmap_ros/docker) by extension 'colcon_meta'
[1.676s] Level 1:colcon.colcon_core.package_identification:_identify(ros2_ws/src/rtabmap_ros/docker) by extensions ['ros']
[1.676s] Level 1:colcon.colcon_core.package_identification:_identify(ros2_ws/src/rtabmap_ros/docker) by extension 'ros'
[1.677s] Level 1:colcon.colcon_core.package_identification:_identify(ros2_ws/src/rtabmap_ros/docker) by extensions ['cmake', 'python']
[1.677s] Level 1:colcon.colcon_core.package_identification:_identify(ros2_ws/src/rtabmap_ros/docker) by extension 'cmake'
[1.677s] Level 1:colcon.colcon_core.package_identification:_identify(ros2_ws/src/rtabmap_ros/docker) by extension 'python'
[1.677s] Level 1:colcon.colcon_core.package_identification:_identify(ros2_ws/src/rtabmap_ros/docker) by extensions ['python_setup_py']
[1.677s] Level 1:colcon.colcon_core.package_identification:_identify(ros2_ws/src/rtabmap_ros/docker) by extension 'python_setup_py'
[1.677s] Level 1:colcon.colcon_core.package_identification:_identify(ros2_ws/src/rtabmap_ros/docker/foxy) by extensions ['ignore', 'ignore_ament_install']
[1.677s] Level 1:colcon.colcon_core.package_identification:_identify(ros2_ws/src/rtabmap_ros/docker/foxy) by extension 'ignore'
[1.677s] Level 1:colcon.colcon_core.package_identification:_identify(ros2_ws/src/rtabmap_ros/docker/foxy) by extension 'ignore_ament_install'
[1.678s] Level 1:colcon.colcon_core.package_identification:_identify(ros2_ws/src/rtabmap_ros/docker/foxy) by extensions ['colcon_pkg']
[1.678s] Level 1:colcon.colcon_core.package_identification:_identify(ros2_ws/src/rtabmap_ros/docker/foxy) by extension 'colcon_pkg'
[1.678s] Level 1:colcon.colcon_core.package_identification:_identify(ros2_ws/src/rtabmap_ros/docker/foxy) by extensions ['colcon_meta']
[1.678s] Level 1:colcon.colcon_core.package_identification:_identify(ros2_ws/src/rtabmap_ros/docker/foxy) by extension 'colcon_meta'
[1.678s] Level 1:colcon.colcon_core.package_identification:_identify(ros2_ws/src/rtabmap_ros/docker/foxy) by extensions ['ros']
[1.678s] Level 1:colcon.colcon_core.package_identification:_identify(ros2_ws/src/rtabmap_ros/docker/foxy) by extension 'ros'
[1.678s] Level 1:colcon.colcon_core.package_identification:_identify(ros2_ws/src/rtabmap_ros/docker/foxy) by extensions ['cmake', 'python']
[1.678s] Level 1:colcon.colcon_core.package_identification:_identify(ros2_ws/src/rtabmap_ros/docker/foxy) by extension 'cmake'
[1.678s] Level 1:colcon.colcon_core.package_identification:_identify(ros2_ws/src/rtabmap_ros/docker/foxy) by extension 'python'
[1.678s] Level 1:colcon.colcon_core.package_identification:_identify(ros2_ws/src/rtabmap_ros/docker/foxy) by extensions ['python_setup_py']
[1.679s] Level 1:colcon.colcon_core.package_identification:_identify(ros2_ws/src/rtabmap_ros/docker/foxy) by extension 'python_setup_py'
[1.679s] Level 1:colcon.colcon_core.package_identification:_identify(ros2_ws/src/rtabmap_ros/docker/foxy/latest) by extensions ['ignore', 'ignore_ament_install']
[1.679s] Level 1:colcon.colcon_core.package_identification:_identify(ros2_ws/src/rtabmap_ros/docker/foxy/latest) by extension 'ignore'
[1.679s] Level 1:colcon.colcon_core.package_identification:_identify(ros2_ws/src/rtabmap_ros/docker/foxy/latest) by extension 'ignore_ament_install'
[1.679s] Level 1:colcon.colcon_core.package_identification:_identify(ros2_ws/src/rtabmap_ros/docker/foxy/latest) by extensions ['colcon_pkg']
[1.679s] Level 1:colcon.colcon_core.package_identification:_identify(ros2_ws/src/rtabmap_ros/docker/foxy/latest) by extension 'colcon_pkg'
[1.679s] Level 1:colcon.colcon_core.package_identification:_identify(ros2_ws/src/rtabmap_ros/docker/foxy/latest) by extensions ['colcon_meta']
[1.679s] Level 1:colcon.colcon_core.package_identification:_identify(ros2_ws/src/rtabmap_ros/docker/foxy/latest) by extension 'colcon_meta'
[1.680s] Level 1:colcon.colcon_core.package_identification:_identify(ros2_ws/src/rtabmap_ros/docker/foxy/latest) by extensions ['ros']
[1.680s] Level 1:colcon.colcon_core.package_identification:_identify(ros2_ws/src/rtabmap_ros/docker/foxy/latest) by extension 'ros'
[1.680s] Level 1:colcon.colcon_core.package_identification:_identify(ros2_ws/src/rtabmap_ros/docker/foxy/latest) by extensions ['cmake', 'python']
[1.680s] Level 1:colcon.colcon_core.package_identification:_identify(ros2_ws/src/rtabmap_ros/docker/foxy/latest) by extension 'cmake'
[1.680s] Level 1:colcon.colcon_core.package_identification:_identify(ros2_ws/src/rtabmap_ros/docker/foxy/latest) by extension 'python'
[1.680s] Level 1:colcon.colcon_core.package_identification:_identify(ros2_ws/src/rtabmap_ros/docker/foxy/latest) by extensions ['python_setup_py']
[1.680s] Level 1:colcon.colcon_core.package_identification:_identify(ros2_ws/src/rtabmap_ros/docker/foxy/latest) by extension 'python_setup_py'
[1.680s] Level 1:colcon.colcon_core.package_identification:_identify(ros2_ws/src/rtabmap_ros/docker/foxy/latest/hooks) by extensions ['ignore', 'ignore_ament_install']
[1.681s] Level 1:colcon.colcon_core.package_identification:_identify(ros2_ws/src/rtabmap_ros/docker/foxy/latest/hooks) by extension 'ignore'
[1.681s] Level 1:colcon.colcon_core.package_identification:_identify(ros2_ws/src/rtabmap_ros/docker/foxy/latest/hooks) by extension 'ignore_ament_install'
[1.681s] Level 1:colcon.colcon_core.package_identification:_identify(ros2_ws/src/rtabmap_ros/docker/foxy/latest/hooks) by extensions ['colcon_pkg']
[1.681s] Level 1:colcon.colcon_core.package_identification:_identify(ros2_ws/src/rtabmap_ros/docker/foxy/latest/hooks) by extension 'colcon_pkg'
[1.681s] Level 1:colcon.colcon_core.package_identification:_identify(ros2_ws/src/rtabmap_ros/docker/foxy/latest/hooks) by extensions ['colcon_meta']
[1.681s] Level 1:colcon.colcon_core.package_identification:_identify(ros2_ws/src/rtabmap_ros/docker/foxy/latest/hooks) by extension 'colcon_meta'
[1.681s] Level 1:colcon.colcon_core.package_identification:_identify(ros2_ws/src/rtabmap_ros/docker/foxy/latest/hooks) by extensions ['ros']
[1.681s] Level 1:colcon.colcon_core.package_identification:_identify(ros2_ws/src/rtabmap_ros/docker/foxy/latest/hooks) by extension 'ros'
[1.681s] Level 1:colcon.colcon_core.package_identification:_identify(ros2_ws/src/rtabmap_ros/docker/foxy/latest/hooks) by extensions ['cmake', 'python']
[1.681s] Level 1:colcon.colcon_core.package_identification:_identify(ros2_ws/src/rtabmap_ros/docker/foxy/latest/hooks) by extension 'cmake'
[1.682s] Level 1:colcon.colcon_core.package_identification:_identify(ros2_ws/src/rtabmap_ros/docker/foxy/latest/hooks) by extension 'python'
[1.682s] Level 1:colcon.colcon_core.package_identification:_identify(ros2_ws/src/rtabmap_ros/docker/foxy/latest/hooks) by extensions ['python_setup_py']
[1.682s] Level 1:colcon.colcon_core.package_identification:_identify(ros2_ws/src/rtabmap_ros/docker/foxy/latest/hooks) by extension 'python_setup_py'
[1.682s] Level 1:colcon.colcon_core.package_identification:_identify(ros2_ws/src/rtabmap_ros/docker/humble) by extensions ['ignore', 'ignore_ament_install']
[1.682s] Level 1:colcon.colcon_core.package_identification:_identify(ros2_ws/src/rtabmap_ros/docker/humble) by extension 'ignore'
[1.682s] Level 1:colcon.colcon_core.package_identification:_identify(ros2_ws/src/rtabmap_ros/docker/humble) by extension 'ignore_ament_install'
[1.682s] Level 1:colcon.colcon_core.package_identification:_identify(ros2_ws/src/rtabmap_ros/docker/humble) by extensions ['colcon_pkg']
[1.682s] Level 1:colcon.colcon_core.package_identification:_identify(ros2_ws/src/rtabmap_ros/docker/humble) by extension 'colcon_pkg'
[1.683s] Level 1:colcon.colcon_core.package_identification:_identify(ros2_ws/src/rtabmap_ros/docker/humble) by extensions ['colcon_meta']
[1.683s] Level 1:colcon.colcon_core.package_identification:_identify(ros2_ws/src/rtabmap_ros/docker/humble) by extension 'colcon_meta'
[1.683s] Level 1:colcon.colcon_core.package_identification:_identify(ros2_ws/src/rtabmap_ros/docker/humble) by extensions ['ros']
[1.683s] Level 1:colcon.colcon_core.package_identification:_identify(ros2_ws/src/rtabmap_ros/docker/humble) by extension 'ros'
[1.683s] Level 1:colcon.colcon_core.package_identification:_identify(ros2_ws/src/rtabmap_ros/docker/humble) by extensions ['cmake', 'python']
[1.683s] Level 1:colcon.colcon_core.package_identification:_identify(ros2_ws/src/rtabmap_ros/docker/humble) by extension 'cmake'
[1.683s] Level 1:colcon.colcon_core.package_identification:_identify(ros2_ws/src/rtabmap_ros/docker/humble) by extension 'python'
[1.683s] Level 1:colcon.colcon_core.package_identification:_identify(ros2_ws/src/rtabmap_ros/docker/humble) by extensions ['python_setup_py']
[1.683s] Level 1:colcon.colcon_core.package_identification:_identify(ros2_ws/src/rtabmap_ros/docker/humble) by extension 'python_setup_py'
[1.683s] Level 1:colcon.colcon_core.package_identification:_identify(ros2_ws/src/rtabmap_ros/docker/humble/latest) by extensions ['ignore', 'ignore_ament_install']
[1.684s] Level 1:colcon.colcon_core.package_identification:_identify(ros2_ws/src/rtabmap_ros/docker/humble/latest) by extension 'ignore'
[1.684s] Level 1:colcon.colcon_core.package_identification:_identify(ros2_ws/src/rtabmap_ros/docker/humble/latest) by extension 'ignore_ament_install'
[1.684s] Level 1:colcon.colcon_core.package_identification:_identify(ros2_ws/src/rtabmap_ros/docker/humble/latest) by extensions ['colcon_pkg']
[1.684s] Level 1:colcon.colcon_core.package_identification:_identify(ros2_ws/src/rtabmap_ros/docker/humble/latest) by extension 'colcon_pkg'
[1.684s] Level 1:colcon.colcon_core.package_identification:_identify(ros2_ws/src/rtabmap_ros/docker/humble/latest) by extensions ['colcon_meta']
[1.684s] Level 1:colcon.colcon_core.package_identification:_identify(ros2_ws/src/rtabmap_ros/docker/humble/latest) by extension 'colcon_meta'
[1.684s] Level 1:colcon.colcon_core.package_identification:_identify(ros2_ws/src/rtabmap_ros/docker/humble/latest) by extensions ['ros']
[1.684s] Level 1:colcon.colcon_core.package_identification:_identify(ros2_ws/src/rtabmap_ros/docker/humble/latest) by extension 'ros'
[1.684s] Level 1:colcon.colcon_core.package_identification:_identify(ros2_ws/src/rtabmap_ros/docker/humble/latest) by extensions ['cmake', 'python']
[1.685s] Level 1:colcon.colcon_core.package_identification:_identify(ros2_ws/src/rtabmap_ros/docker/humble/latest) by extension 'cmake'
[1.685s] Level 1:colcon.colcon_core.package_identification:_identify(ros2_ws/src/rtabmap_ros/docker/humble/latest) by extension 'python'
[1.685s] Level 1:colcon.colcon_core.package_identification:_identify(ros2_ws/src/rtabmap_ros/docker/humble/latest) by extensions ['python_setup_py']
[1.685s] Level 1:colcon.colcon_core.package_identification:_identify(ros2_ws/src/rtabmap_ros/docker/humble/latest) by extension 'python_setup_py'
[1.685s] Level 1:colcon.colcon_core.package_identification:_identify(ros2_ws/src/rtabmap_ros/docker/indigo) by extensions ['ignore', 'ignore_ament_install']
[1.685s] Level 1:colcon.colcon_core.package_identification:_identify(ros2_ws/src/rtabmap_ros/docker/indigo) by extension 'ignore'
[1.685s] Level 1:colcon.colcon_core.package_identification:_identify(ros2_ws/src/rtabmap_ros/docker/indigo) by extension 'ignore_ament_install'
[1.685s] Level 1:colcon.colcon_core.package_identification:_identify(ros2_ws/src/rtabmap_ros/docker/indigo) by extensions ['colcon_pkg']
[1.685s] Level 1:colcon.colcon_core.package_identification:_identify(ros2_ws/src/rtabmap_ros/docker/indigo) by extension 'colcon_pkg'
[1.686s] Level 1:colcon.colcon_core.package_identification:_identify(ros2_ws/src/rtabmap_ros/docker/indigo) by extensions ['colcon_meta']
[1.686s] Level 1:colcon.colcon_core.package_identification:_identify(ros2_ws/src/rtabmap_ros/docker/indigo) by extension 'colcon_meta'
[1.686s] Level 1:colcon.colcon_core.package_identification:_identify(ros2_ws/src/rtabmap_ros/docker/indigo) by extensions ['ros']
[1.686s] Level 1:colcon.colcon_core.package_identification:_identify(ros2_ws/src/rtabmap_ros/docker/indigo) by extension 'ros'
[1.686s] Level 1:colcon.colcon_core.package_identification:_identify(ros2_ws/src/rtabmap_ros/docker/indigo) by extensions ['cmake', 'python']
[1.686s] Level 1:colcon.colcon_core.package_identification:_identify(ros2_ws/src/rtabmap_ros/docker/indigo) by extension 'cmake'
[1.686s] Level 1:colcon.colcon_core.package_identification:_identify(ros2_ws/src/rtabmap_ros/docker/indigo) by extension 'python'
[1.686s] Level 1:colcon.colcon_core.package_identification:_identify(ros2_ws/src/rtabmap_ros/docker/indigo) by extensions ['python_setup_py']
[1.686s] Level 1:colcon.colcon_core.package_identification:_identify(ros2_ws/src/rtabmap_ros/docker/indigo) by extension 'python_setup_py'
[1.687s] Level 1:colcon.colcon_core.package_identification:_identify(ros2_ws/src/rtabmap_ros/docker/indigo/latest) by extensions ['ignore', 'ignore_ament_install']
[1.687s] Level 1:colcon.colcon_core.package_identification:_identify(ros2_ws/src/rtabmap_ros/docker/indigo/latest) by extension 'ignore'
[1.687s] Level 1:colcon.colcon_core.package_identification:_identify(ros2_ws/src/rtabmap_ros/docker/indigo/latest) by extension 'ignore_ament_install'
[1.687s] Level 1:colcon.colcon_core.package_identification:_identify(ros2_ws/src/rtabmap_ros/docker/indigo/latest) by extensions ['colcon_pkg']
[1.687s] Level 1:colcon.colcon_core.package_identification:_identify(ros2_ws/src/rtabmap_ros/docker/indigo/latest) by extension 'colcon_pkg'
[1.687s] Level 1:colcon.colcon_core.package_identification:_identify(ros2_ws/src/rtabmap_ros/docker/indigo/latest) by extensions ['colcon_meta']
[1.687s] Level 1:colcon.colcon_core.package_identification:_identify(ros2_ws/src/rtabmap_ros/docker/indigo/latest) by extension 'colcon_meta'
[1.687s] Level 1:colcon.colcon_core.package_identification:_identify(ros2_ws/src/rtabmap_ros/docker/indigo/latest) by extensions ['ros']
[1.687s] Level 1:colcon.colcon_core.package_identification:_identify(ros2_ws/src/rtabmap_ros/docker/indigo/latest) by extension 'ros'
[1.688s] Level 1:colcon.colcon_core.package_identification:_identify(ros2_ws/src/rtabmap_ros/docker/indigo/latest) by extensions ['cmake', 'python']
[1.688s] Level 1:colcon.colcon_core.package_identification:_identify(ros2_ws/src/rtabmap_ros/docker/indigo/latest) by extension 'cmake'
[1.688s] Level 1:colcon.colcon_core.package_identification:_identify(ros2_ws/src/rtabmap_ros/docker/indigo/latest) by extension 'python'
[1.688s] Level 1:colcon.colcon_core.package_identification:_identify(ros2_ws/src/rtabmap_ros/docker/indigo/latest) by extensions ['python_setup_py']
[1.688s] Level 1:colcon.colcon_core.package_identification:_identify(ros2_ws/src/rtabmap_ros/docker/indigo/latest) by extension 'python_setup_py'
[1.688s] Level 1:colcon.colcon_core.package_identification:_identify(ros2_ws/src/rtabmap_ros/docker/indigo/latest/hooks) by extensions ['ignore', 'ignore_ament_install']
[1.688s] Level 1:colcon.colcon_core.package_identification:_identify(ros2_ws/src/rtabmap_ros/docker/indigo/latest/hooks) by extension 'ignore'
[1.688s] Level 1:colcon.colcon_core.package_identification:_identify(ros2_ws/src/rtabmap_ros/docker/indigo/latest/hooks) by extension 'ignore_ament_install'
[1.688s] Level 1:colcon.colcon_core.package_identification:_identify(ros2_ws/src/rtabmap_ros/docker/indigo/latest/hooks) by extensions ['colcon_pkg']
[1.689s] Level 1:colcon.colcon_core.package_identification:_identify(ros2_ws/src/rtabmap_ros/docker/indigo/latest/hooks) by extension 'colcon_pkg'
[1.689s] Level 1:colcon.colcon_core.package_identification:_identify(ros2_ws/src/rtabmap_ros/docker/indigo/latest/hooks) by extensions ['colcon_meta']
[1.689s] Level 1:colcon.colcon_core.package_identification:_identify(ros2_ws/src/rtabmap_ros/docker/indigo/latest/hooks) by extension 'colcon_meta'
[1.689s] Level 1:colcon.colcon_core.package_identification:_identify(ros2_ws/src/rtabmap_ros/docker/indigo/latest/hooks) by extensions ['ros']
[1.689s] Level 1:colcon.colcon_core.package_identification:_identify(ros2_ws/src/rtabmap_ros/docker/indigo/latest/hooks) by extension 'ros'
[1.689s] Level 1:colcon.colcon_core.package_identification:_identify(ros2_ws/src/rtabmap_ros/docker/indigo/latest/hooks) by extensions ['cmake', 'python']
[1.689s] Level 1:colcon.colcon_core.package_identification:_identify(ros2_ws/src/rtabmap_ros/docker/indigo/latest/hooks) by extension 'cmake'
[1.689s] Level 1:colcon.colcon_core.package_identification:_identify(ros2_ws/src/rtabmap_ros/docker/indigo/latest/hooks) by extension 'python'
[1.689s] Level 1:colcon.colcon_core.package_identification:_identify(ros2_ws/src/rtabmap_ros/docker/indigo/latest/hooks) by extensions ['python_setup_py']
[1.689s] Level 1:colcon.colcon_core.package_identification:_identify(ros2_ws/src/rtabmap_ros/docker/indigo/latest/hooks) by extension 'python_setup_py'
[1.690s] Level 1:colcon.colcon_core.package_identification:_identify(ros2_ws/src/rtabmap_ros/docker/iron) by extensions ['ignore', 'ignore_ament_install']
[1.690s] Level 1:colcon.colcon_core.package_identification:_identify(ros2_ws/src/rtabmap_ros/docker/iron) by extension 'ignore'
[1.690s] Level 1:colcon.colcon_core.package_identification:_identify(ros2_ws/src/rtabmap_ros/docker/iron) by extension 'ignore_ament_install'
[1.690s] Level 1:colcon.colcon_core.package_identification:_identify(ros2_ws/src/rtabmap_ros/docker/iron) by extensions ['colcon_pkg']
[1.690s] Level 1:colcon.colcon_core.package_identification:_identify(ros2_ws/src/rtabmap_ros/docker/iron) by extension 'colcon_pkg'
[1.690s] Level 1:colcon.colcon_core.package_identification:_identify(ros2_ws/src/rtabmap_ros/docker/iron) by extensions ['colcon_meta']
[1.690s] Level 1:colcon.colcon_core.package_identification:_identify(ros2_ws/src/rtabmap_ros/docker/iron) by extension 'colcon_meta'
[1.690s] Level 1:colcon.colcon_core.package_identification:_identify(ros2_ws/src/rtabmap_ros/docker/iron) by extensions ['ros']
[1.690s] Level 1:colcon.colcon_core.package_identification:_identify(ros2_ws/src/rtabmap_ros/docker/iron) by extension 'ros'
[1.691s] Level 1:colcon.colcon_core.package_identification:_identify(ros2_ws/src/rtabmap_ros/docker/iron) by extensions ['cmake', 'python']
[1.691s] Level 1:colcon.colcon_core.package_identification:_identify(ros2_ws/src/rtabmap_ros/docker/iron) by extension 'cmake'
[1.691s] Level 1:colcon.colcon_core.package_identification:_identify(ros2_ws/src/rtabmap_ros/docker/iron) by extension 'python'
[1.691s] Level 1:colcon.colcon_core.package_identification:_identify(ros2_ws/src/rtabmap_ros/docker/iron) by extensions ['python_setup_py']
[1.691s] Level 1:colcon.colcon_core.package_identification:_identify(ros2_ws/src/rtabmap_ros/docker/iron) by extension 'python_setup_py'
[1.691s] Level 1:colcon.colcon_core.package_identification:_identify(ros2_ws/src/rtabmap_ros/docker/iron/latest) by extensions ['ignore', 'ignore_ament_install']
[1.691s] Level 1:colcon.colcon_core.package_identification:_identify(ros2_ws/src/rtabmap_ros/docker/iron/latest) by extension 'ignore'
[1.691s] Level 1:colcon.colcon_core.package_identification:_identify(ros2_ws/src/rtabmap_ros/docker/iron/latest) by extension 'ignore_ament_install'
[1.691s] Level 1:colcon.colcon_core.package_identification:_identify(ros2_ws/src/rtabmap_ros/docker/iron/latest) by extensions ['colcon_pkg']
[1.692s] Level 1:colcon.colcon_core.package_identification:_identify(ros2_ws/src/rtabmap_ros/docker/iron/latest) by extension 'colcon_pkg'
[1.692s] Level 1:colcon.colcon_core.package_identification:_identify(ros2_ws/src/rtabmap_ros/docker/iron/latest) by extensions ['colcon_meta']
[1.692s] Level 1:colcon.colcon_core.package_identification:_identify(ros2_ws/src/rtabmap_ros/docker/iron/latest) by extension 'colcon_meta'
[1.692s] Level 1:colcon.colcon_core.package_identification:_identify(ros2_ws/src/rtabmap_ros/docker/iron/latest) by extensions ['ros']
[1.692s] Level 1:colcon.colcon_core.package_identification:_identify(ros2_ws/src/rtabmap_ros/docker/iron/latest) by extension 'ros'
[1.692s] Level 1:colcon.colcon_core.package_identification:_identify(ros2_ws/src/rtabmap_ros/docker/iron/latest) by extensions ['cmake', 'python']
[1.692s] Level 1:colcon.colcon_core.package_identification:_identify(ros2_ws/src/rtabmap_ros/docker/iron/latest) by extension 'cmake'
[1.692s] Level 1:colcon.colcon_core.package_identification:_identify(ros2_ws/src/rtabmap_ros/docker/iron/latest) by extension 'python'
[1.692s] Level 1:colcon.colcon_core.package_identification:_identify(ros2_ws/src/rtabmap_ros/docker/iron/latest) by extensions ['python_setup_py']
[1.692s] Level 1:colcon.colcon_core.package_identification:_identify(ros2_ws/src/rtabmap_ros/docker/iron/latest) by extension 'python_setup_py'
[1.693s] Level 1:colcon.colcon_core.package_identification:_identify(ros2_ws/src/rtabmap_ros/docker/jazzy) by extensions ['ignore', 'ignore_ament_install']
[1.693s] Level 1:colcon.colcon_core.package_identification:_identify(ros2_ws/src/rtabmap_ros/docker/jazzy) by extension 'ignore'
[1.693s] Level 1:colcon.colcon_core.package_identification:_identify(ros2_ws/src/rtabmap_ros/docker/jazzy) by extension 'ignore_ament_install'
[1.693s] Level 1:colcon.colcon_core.package_identification:_identify(ros2_ws/src/rtabmap_ros/docker/jazzy) by extensions ['colcon_pkg']
[1.693s] Level 1:colcon.colcon_core.package_identification:_identify(ros2_ws/src/rtabmap_ros/docker/jazzy) by extension 'colcon_pkg'
[1.693s] Level 1:colcon.colcon_core.package_identification:_identify(ros2_ws/src/rtabmap_ros/docker/jazzy) by extensions ['colcon_meta']
[1.693s] Level 1:colcon.colcon_core.package_identification:_identify(ros2_ws/src/rtabmap_ros/docker/jazzy) by extension 'colcon_meta'
[1.693s] Level 1:colcon.colcon_core.package_identification:_identify(ros2_ws/src/rtabmap_ros/docker/jazzy) by extensions ['ros']
[1.693s] Level 1:colcon.colcon_core.package_identification:_identify(ros2_ws/src/rtabmap_ros/docker/jazzy) by extension 'ros'
[1.694s] Level 1:colcon.colcon_core.package_identification:_identify(ros2_ws/src/rtabmap_ros/docker/jazzy) by extensions ['cmake', 'python']
[1.694s] Level 1:colcon.colcon_core.package_identification:_identify(ros2_ws/src/rtabmap_ros/docker/jazzy) by extension 'cmake'
[1.694s] Level 1:colcon.colcon_core.package_identification:_identify(ros2_ws/src/rtabmap_ros/docker/jazzy) by extension 'python'
[1.694s] Level 1:colcon.colcon_core.package_identification:_identify(ros2_ws/src/rtabmap_ros/docker/jazzy) by extensions ['python_setup_py']
[1.694s] Level 1:colcon.colcon_core.package_identification:_identify(ros2_ws/src/rtabmap_ros/docker/jazzy) by extension 'python_setup_py'
[1.694s] Level 1:colcon.colcon_core.package_identification:_identify(ros2_ws/src/rtabmap_ros/docker/jazzy/latest) by extensions ['ignore', 'ignore_ament_install']
[1.694s] Level 1:colcon.colcon_core.package_identification:_identify(ros2_ws/src/rtabmap_ros/docker/jazzy/latest) by extension 'ignore'
[1.694s] Level 1:colcon.colcon_core.package_identification:_identify(ros2_ws/src/rtabmap_ros/docker/jazzy/latest) by extension 'ignore_ament_install'
[1.694s] Level 1:colcon.colcon_core.package_identification:_identify(ros2_ws/src/rtabmap_ros/docker/jazzy/latest) by extensions ['colcon_pkg']
[1.695s] Level 1:colcon.colcon_core.package_identification:_identify(ros2_ws/src/rtabmap_ros/docker/jazzy/latest) by extension 'colcon_pkg'
[1.695s] Level 1:colcon.colcon_core.package_identification:_identify(ros2_ws/src/rtabmap_ros/docker/jazzy/latest) by extensions ['colcon_meta']
[1.695s] Level 1:colcon.colcon_core.package_identification:_identify(ros2_ws/src/rtabmap_ros/docker/jazzy/latest) by extension 'colcon_meta'
[1.695s] Level 1:colcon.colcon_core.package_identification:_identify(ros2_ws/src/rtabmap_ros/docker/jazzy/latest) by extensions ['ros']
[1.695s] Level 1:colcon.colcon_core.package_identification:_identify(ros2_ws/src/rtabmap_ros/docker/jazzy/latest) by extension 'ros'
[1.695s] Level 1:colcon.colcon_core.package_identification:_identify(ros2_ws/src/rtabmap_ros/docker/jazzy/latest) by extensions ['cmake', 'python']
[1.695s] Level 1:colcon.colcon_core.package_identification:_identify(ros2_ws/src/rtabmap_ros/docker/jazzy/latest) by extension 'cmake'
[1.695s] Level 1:colcon.colcon_core.package_identification:_identify(ros2_ws/src/rtabmap_ros/docker/jazzy/latest) by extension 'python'
[1.695s] Level 1:colcon.colcon_core.package_identification:_identify(ros2_ws/src/rtabmap_ros/docker/jazzy/latest) by extensions ['python_setup_py']
[1.695s] Level 1:colcon.colcon_core.package_identification:_identify(ros2_ws/src/rtabmap_ros/docker/jazzy/latest) by extension 'python_setup_py'
[1.696s] Level 1:colcon.colcon_core.package_identification:_identify(ros2_ws/src/rtabmap_ros/docker/jazzy/superpoint) by extensions ['ignore', 'ignore_ament_install']
[1.696s] Level 1:colcon.colcon_core.package_identification:_identify(ros2_ws/src/rtabmap_ros/docker/jazzy/superpoint) by extension 'ignore'
[1.696s] Level 1:colcon.colcon_core.package_identification:_identify(ros2_ws/src/rtabmap_ros/docker/jazzy/superpoint) by extension 'ignore_ament_install'
[1.696s] Level 1:colcon.colcon_core.package_identification:_identify(ros2_ws/src/rtabmap_ros/docker/jazzy/superpoint) by extensions ['colcon_pkg']
[1.696s] Level 1:colcon.colcon_core.package_identification:_identify(ros2_ws/src/rtabmap_ros/docker/jazzy/superpoint) by extension 'colcon_pkg'
[1.696s] Level 1:colcon.colcon_core.package_identification:_identify(ros2_ws/src/rtabmap_ros/docker/jazzy/superpoint) by extensions ['colcon_meta']
[1.696s] Level 1:colcon.colcon_core.package_identification:_identify(ros2_ws/src/rtabmap_ros/docker/jazzy/superpoint) by extension 'colcon_meta'
[1.696s] Level 1:colcon.colcon_core.package_identification:_identify(ros2_ws/src/rtabmap_ros/docker/jazzy/superpoint) by extensions ['ros']
[1.696s] Level 1:colcon.colcon_core.package_identification:_identify(ros2_ws/src/rtabmap_ros/docker/jazzy/superpoint) by extension 'ros'
[1.697s] Level 1:colcon.colcon_core.package_identification:_identify(ros2_ws/src/rtabmap_ros/docker/jazzy/superpoint) by extensions ['cmake', 'python']
[1.697s] Level 1:colcon.colcon_core.package_identification:_identify(ros2_ws/src/rtabmap_ros/docker/jazzy/superpoint) by extension 'cmake'
[1.697s] Level 1:colcon.colcon_core.package_identification:_identify(ros2_ws/src/rtabmap_ros/docker/jazzy/superpoint) by extension 'python'
[1.697s] Level 1:colcon.colcon_core.package_identification:_identify(ros2_ws/src/rtabmap_ros/docker/jazzy/superpoint) by extensions ['python_setup_py']
[1.697s] Level 1:colcon.colcon_core.package_identification:_identify(ros2_ws/src/rtabmap_ros/docker/jazzy/superpoint) by extension 'python_setup_py'
[1.697s] Level 1:colcon.colcon_core.package_identification:_identify(ros2_ws/src/rtabmap_ros/docker/kilted) by extensions ['ignore', 'ignore_ament_install']
[1.697s] Level 1:colcon.colcon_core.package_identification:_identify(ros2_ws/src/rtabmap_ros/docker/kilted) by extension 'ignore'
[1.697s] Level 1:colcon.colcon_core.package_identification:_identify(ros2_ws/src/rtabmap_ros/docker/kilted) by extension 'ignore_ament_install'
[1.697s] Level 1:colcon.colcon_core.package_identification:_identify(ros2_ws/src/rtabmap_ros/docker/kilted) by extensions ['colcon_pkg']
[1.698s] Level 1:colcon.colcon_core.package_identification:_identify(ros2_ws/src/rtabmap_ros/docker/kilted) by extension 'colcon_pkg'
[1.698s] Level 1:colcon.colcon_core.package_identification:_identify(ros2_ws/src/rtabmap_ros/docker/kilted) by extensions ['colcon_meta']
[1.698s] Level 1:colcon.colcon_core.package_identification:_identify(ros2_ws/src/rtabmap_ros/docker/kilted) by extension 'colcon_meta'
[1.698s] Level 1:colcon.colcon_core.package_identification:_identify(ros2_ws/src/rtabmap_ros/docker/kilted) by extensions ['ros']
[1.698s] Level 1:colcon.colcon_core.package_identification:_identify(ros2_ws/src/rtabmap_ros/docker/kilted) by extension 'ros'
[1.698s] Level 1:colcon.colcon_core.package_identification:_identify(ros2_ws/src/rtabmap_ros/docker/kilted) by extensions ['cmake', 'python']
[1.698s] Level 1:colcon.colcon_core.package_identification:_identify(ros2_ws/src/rtabmap_ros/docker/kilted) by extension 'cmake'
[1.698s] Level 1:colcon.colcon_core.package_identification:_identify(ros2_ws/src/rtabmap_ros/docker/kilted) by extension 'python'
[1.698s] Level 1:colcon.colcon_core.package_identification:_identify(ros2_ws/src/rtabmap_ros/docker/kilted) by extensions ['python_setup_py']
[1.698s] Level 1:colcon.colcon_core.package_identification:_identify(ros2_ws/src/rtabmap_ros/docker/kilted) by extension 'python_setup_py'
[1.699s] Level 1:colcon.colcon_core.package_identification:_identify(ros2_ws/src/rtabmap_ros/docker/kilted/latest) by extensions ['ignore', 'ignore_ament_install']
[1.699s] Level 1:colcon.colcon_core.package_identification:_identify(ros2_ws/src/rtabmap_ros/docker/kilted/latest) by extension 'ignore'
[1.699s] Level 1:colcon.colcon_core.package_identification:_identify(ros2_ws/src/rtabmap_ros/docker/kilted/latest) by extension 'ignore_ament_install'
[1.699s] Level 1:colcon.colcon_core.package_identification:_identify(ros2_ws/src/rtabmap_ros/docker/kilted/latest) by extensions ['colcon_pkg']
[1.699s] Level 1:colcon.colcon_core.package_identification:_identify(ros2_ws/src/rtabmap_ros/docker/kilted/latest) by extension 'colcon_pkg'
[1.699s] Level 1:colcon.colcon_core.package_identification:_identify(ros2_ws/src/rtabmap_ros/docker/kilted/latest) by extensions ['colcon_meta']
[1.699s] Level 1:colcon.colcon_core.package_identification:_identify(ros2_ws/src/rtabmap_ros/docker/kilted/latest) by extension 'colcon_meta'
[1.699s] Level 1:colcon.colcon_core.package_identification:_identify(ros2_ws/src/rtabmap_ros/docker/kilted/latest) by extensions ['ros']
[1.699s] Level 1:colcon.colcon_core.package_identification:_identify(ros2_ws/src/rtabmap_ros/docker/kilted/latest) by extension 'ros'
[1.700s] Level 1:colcon.colcon_core.package_identification:_identify(ros2_ws/src/rtabmap_ros/docker/kilted/latest) by extensions ['cmake', 'python']
[1.700s] Level 1:colcon.colcon_core.package_identification:_identify(ros2_ws/src/rtabmap_ros/docker/kilted/latest) by extension 'cmake'
[1.700s] Level 1:colcon.colcon_core.package_identification:_identify(ros2_ws/src/rtabmap_ros/docker/kilted/latest) by extension 'python'
[1.700s] Level 1:colcon.colcon_core.package_identification:_identify(ros2_ws/src/rtabmap_ros/docker/kilted/latest) by extensions ['python_setup_py']
[1.700s] Level 1:colcon.colcon_core.package_identification:_identify(ros2_ws/src/rtabmap_ros/docker/kilted/latest) by extension 'python_setup_py'
[1.700s] Level 1:colcon.colcon_core.package_identification:_identify(ros2_ws/src/rtabmap_ros/docker/kinetic) by extensions ['ignore', 'ignore_ament_install']
[1.700s] Level 1:colcon.colcon_core.package_identification:_identify(ros2_ws/src/rtabmap_ros/docker/kinetic) by extension 'ignore'
[1.700s] Level 1:colcon.colcon_core.package_identification:_identify(ros2_ws/src/rtabmap_ros/docker/kinetic) by extension 'ignore_ament_install'
[1.700s] Level 1:colcon.colcon_core.package_identification:_identify(ros2_ws/src/rtabmap_ros/docker/kinetic) by extensions ['colcon_pkg']
[1.700s] Level 1:colcon.colcon_core.package_identification:_identify(ros2_ws/src/rtabmap_ros/docker/kinetic) by extension 'colcon_pkg'
[1.701s] Level 1:colcon.colcon_core.package_identification:_identify(ros2_ws/src/rtabmap_ros/docker/kinetic) by extensions ['colcon_meta']
[1.701s] Level 1:colcon.colcon_core.package_identification:_identify(ros2_ws/src/rtabmap_ros/docker/kinetic) by extension 'colcon_meta'
[1.701s] Level 1:colcon.colcon_core.package_identification:_identify(ros2_ws/src/rtabmap_ros/docker/kinetic) by extensions ['ros']
[1.701s] Level 1:colcon.colcon_core.package_identification:_identify(ros2_ws/src/rtabmap_ros/docker/kinetic) by extension 'ros'
[1.701s] Level 1:colcon.colcon_core.package_identification:_identify(ros2_ws/src/rtabmap_ros/docker/kinetic) by extensions ['cmake', 'python']
[1.701s] Level 1:colcon.colcon_core.package_identification:_identify(ros2_ws/src/rtabmap_ros/docker/kinetic) by extension 'cmake'
[1.701s] Level 1:colcon.colcon_core.package_identification:_identify(ros2_ws/src/rtabmap_ros/docker/kinetic) by extension 'python'
[1.701s] Level 1:colcon.colcon_core.package_identification:_identify(ros2_ws/src/rtabmap_ros/docker/kinetic) by extensions ['python_setup_py']
[1.701s] Level 1:colcon.colcon_core.package_identification:_identify(ros2_ws/src/rtabmap_ros/docker/kinetic) by extension 'python_setup_py'
[1.701s] Level 1:colcon.colcon_core.package_identification:_identify(ros2_ws/src/rtabmap_ros/docker/kinetic/latest) by extensions ['ignore', 'ignore_ament_install']
[1.702s] Level 1:colcon.colcon_core.package_identification:_identify(ros2_ws/src/rtabmap_ros/docker/kinetic/latest) by extension 'ignore'
[1.702s] Level 1:colcon.colcon_core.package_identification:_identify(ros2_ws/src/rtabmap_ros/docker/kinetic/latest) by extension 'ignore_ament_install'
[1.702s] Level 1:colcon.colcon_core.package_identification:_identify(ros2_ws/src/rtabmap_ros/docker/kinetic/latest) by extensions ['colcon_pkg']
[1.702s] Level 1:colcon.colcon_core.package_identification:_identify(ros2_ws/src/rtabmap_ros/docker/kinetic/latest) by extension 'colcon_pkg'
[1.702s] Level 1:colcon.colcon_core.package_identification:_identify(ros2_ws/src/rtabmap_ros/docker/kinetic/latest) by extensions ['colcon_meta']
[1.702s] Level 1:colcon.colcon_core.package_identification:_identify(ros2_ws/src/rtabmap_ros/docker/kinetic/latest) by extension 'colcon_meta'
[1.702s] Level 1:colcon.colcon_core.package_identification:_identify(ros2_ws/src/rtabmap_ros/docker/kinetic/latest) by extensions ['ros']
[1.702s] Level 1:colcon.colcon_core.package_identification:_identify(ros2_ws/src/rtabmap_ros/docker/kinetic/latest) by extension 'ros'
[1.703s] Level 1:colcon.colcon_core.package_identification:_identify(ros2_ws/src/rtabmap_ros/docker/kinetic/latest) by extensions ['cmake', 'python']
[1.703s] Level 1:colcon.colcon_core.package_identification:_identify(ros2_ws/src/rtabmap_ros/docker/kinetic/latest) by extension 'cmake'
[1.703s] Level 1:colcon.colcon_core.package_identification:_identify(ros2_ws/src/rtabmap_ros/docker/kinetic/latest) by extension 'python'
[1.703s] Level 1:colcon.colcon_core.package_identification:_identify(ros2_ws/src/rtabmap_ros/docker/kinetic/latest) by extensions ['python_setup_py']
[1.703s] Level 1:colcon.colcon_core.package_identification:_identify(ros2_ws/src/rtabmap_ros/docker/kinetic/latest) by extension 'python_setup_py'
[1.703s] Level 1:colcon.colcon_core.package_identification:_identify(ros2_ws/src/rtabmap_ros/docker/kinetic/latest/hooks) by extensions ['ignore', 'ignore_ament_install']
[1.703s] Level 1:colcon.colcon_core.package_identification:_identify(ros2_ws/src/rtabmap_ros/docker/kinetic/latest/hooks) by extension 'ignore'
[1.703s] Level 1:colcon.colcon_core.package_identification:_identify(ros2_ws/src/rtabmap_ros/docker/kinetic/latest/hooks) by extension 'ignore_ament_install'
[1.704s] Level 1:colcon.colcon_core.package_identification:_identify(ros2_ws/src/rtabmap_ros/docker/kinetic/latest/hooks) by extensions ['colcon_pkg']
[1.704s] Level 1:colcon.colcon_core.package_identification:_identify(ros2_ws/src/rtabmap_ros/docker/kinetic/latest/hooks) by extension 'colcon_pkg'
[1.704s] Level 1:colcon.colcon_core.package_identification:_identify(ros2_ws/src/rtabmap_ros/docker/kinetic/latest/hooks) by extensions ['colcon_meta']
[1.704s] Level 1:colcon.colcon_core.package_identification:_identify(ros2_ws/src/rtabmap_ros/docker/kinetic/latest/hooks) by extension 'colcon_meta'
[1.704s] Level 1:colcon.colcon_core.package_identification:_identify(ros2_ws/src/rtabmap_ros/docker/kinetic/latest/hooks) by extensions ['ros']
[1.704s] Level 1:colcon.colcon_core.package_identification:_identify(ros2_ws/src/rtabmap_ros/docker/kinetic/latest/hooks) by extension 'ros'
[1.704s] Level 1:colcon.colcon_core.package_identification:_identify(ros2_ws/src/rtabmap_ros/docker/kinetic/latest/hooks) by extensions ['cmake', 'python']
[1.704s] Level 1:colcon.colcon_core.package_identification:_identify(ros2_ws/src/rtabmap_ros/docker/kinetic/latest/hooks) by extension 'cmake'
[1.704s] Level 1:colcon.colcon_core.package_identification:_identify(ros2_ws/src/rtabmap_ros/docker/kinetic/latest/hooks) by extension 'python'
[1.704s] Level 1:colcon.colcon_core.package_identification:_identify(ros2_ws/src/rtabmap_ros/docker/kinetic/latest/hooks) by extensions ['python_setup_py']
[1.704s] Level 1:colcon.colcon_core.package_identification:_identify(ros2_ws/src/rtabmap_ros/docker/kinetic/latest/hooks) by extension 'python_setup_py'
[1.705s] Level 1:colcon.colcon_core.package_identification:_identify(ros2_ws/src/rtabmap_ros/docker/melodic) by extensions ['ignore', 'ignore_ament_install']
[1.705s] Level 1:colcon.colcon_core.package_identification:_identify(ros2_ws/src/rtabmap_ros/docker/melodic) by extension 'ignore'
[1.705s] Level 1:colcon.colcon_core.package_identification:_identify(ros2_ws/src/rtabmap_ros/docker/melodic) by extension 'ignore_ament_install'
[1.705s] Level 1:colcon.colcon_core.package_identification:_identify(ros2_ws/src/rtabmap_ros/docker/melodic) by extensions ['colcon_pkg']
[1.705s] Level 1:colcon.colcon_core.package_identification:_identify(ros2_ws/src/rtabmap_ros/docker/melodic) by extension 'colcon_pkg'
[1.705s] Level 1:colcon.colcon_core.package_identification:_identify(ros2_ws/src/rtabmap_ros/docker/melodic) by extensions ['colcon_meta']
[1.705s] Level 1:colcon.colcon_core.package_identification:_identify(ros2_ws/src/rtabmap_ros/docker/melodic) by extension 'colcon_meta'
[1.705s] Level 1:colcon.colcon_core.package_identification:_identify(ros2_ws/src/rtabmap_ros/docker/melodic) by extensions ['ros']
[1.705s] Level 1:colcon.colcon_core.package_identification:_identify(ros2_ws/src/rtabmap_ros/docker/melodic) by extension 'ros'
[1.706s] Level 1:colcon.colcon_core.package_identification:_identify(ros2_ws/src/rtabmap_ros/docker/melodic) by extensions ['cmake', 'python']
[1.706s] Level 1:colcon.colcon_core.package_identification:_identify(ros2_ws/src/rtabmap_ros/docker/melodic) by extension 'cmake'
[1.706s] Level 1:colcon.colcon_core.package_identification:_identify(ros2_ws/src/rtabmap_ros/docker/melodic) by extension 'python'
[1.706s] Level 1:colcon.colcon_core.package_identification:_identify(ros2_ws/src/rtabmap_ros/docker/melodic) by extensions ['python_setup_py']
[1.706s] Level 1:colcon.colcon_core.package_identification:_identify(ros2_ws/src/rtabmap_ros/docker/melodic) by extension 'python_setup_py'
[1.706s] Level 1:colcon.colcon_core.package_identification:_identify(ros2_ws/src/rtabmap_ros/docker/melodic/latest) by extensions ['ignore', 'ignore_ament_install']
[1.706s] Level 1:colcon.colcon_core.package_identification:_identify(ros2_ws/src/rtabmap_ros/docker/melodic/latest) by extension 'ignore'
[1.706s] Level 1:colcon.colcon_core.package_identification:_identify(ros2_ws/src/rtabmap_ros/docker/melodic/latest) by extension 'ignore_ament_install'
[1.707s] Level 1:colcon.colcon_core.package_identification:_identify(ros2_ws/src/rtabmap_ros/docker/melodic/latest) by extensions ['colcon_pkg']
[1.707s] Level 1:colcon.colcon_core.package_identification:_identify(ros2_ws/src/rtabmap_ros/docker/melodic/latest) by extension 'colcon_pkg'
[1.707s] Level 1:colcon.colcon_core.package_identification:_identify(ros2_ws/src/rtabmap_ros/docker/melodic/latest) by extensions ['colcon_meta']
[1.707s] Level 1:colcon.colcon_core.package_identification:_identify(ros2_ws/src/rtabmap_ros/docker/melodic/latest) by extension 'colcon_meta'
[1.707s] Level 1:colcon.colcon_core.package_identification:_identify(ros2_ws/src/rtabmap_ros/docker/melodic/latest) by extensions ['ros']
[1.707s] Level 1:colcon.colcon_core.package_identification:_identify(ros2_ws/src/rtabmap_ros/docker/melodic/latest) by extension 'ros'
[1.707s] Level 1:colcon.colcon_core.package_identification:_identify(ros2_ws/src/rtabmap_ros/docker/melodic/latest) by extensions ['cmake', 'python']
[1.707s] Level 1:colcon.colcon_core.package_identification:_identify(ros2_ws/src/rtabmap_ros/docker/melodic/latest) by extension 'cmake'
[1.707s] Level 1:colcon.colcon_core.package_identification:_identify(ros2_ws/src/rtabmap_ros/docker/melodic/latest) by extension 'python'
[1.707s] Level 1:colcon.colcon_core.package_identification:_identify(ros2_ws/src/rtabmap_ros/docker/melodic/latest) by extensions ['python_setup_py']
[1.707s] Level 1:colcon.colcon_core.package_identification:_identify(ros2_ws/src/rtabmap_ros/docker/melodic/latest) by extension 'python_setup_py'
[1.708s] Level 1:colcon.colcon_core.package_identification:_identify(ros2_ws/src/rtabmap_ros/docker/melodic/latest/hooks) by extensions ['ignore', 'ignore_ament_install']
[1.708s] Level 1:colcon.colcon_core.package_identification:_identify(ros2_ws/src/rtabmap_ros/docker/melodic/latest/hooks) by extension 'ignore'
[1.708s] Level 1:colcon.colcon_core.package_identification:_identify(ros2_ws/src/rtabmap_ros/docker/melodic/latest/hooks) by extension 'ignore_ament_install'
[1.708s] Level 1:colcon.colcon_core.package_identification:_identify(ros2_ws/src/rtabmap_ros/docker/melodic/latest/hooks) by extensions ['colcon_pkg']
[1.708s] Level 1:colcon.colcon_core.package_identification:_identify(ros2_ws/src/rtabmap_ros/docker/melodic/latest/hooks) by extension 'colcon_pkg'
[1.708s] Level 1:colcon.colcon_core.package_identification:_identify(ros2_ws/src/rtabmap_ros/docker/melodic/latest/hooks) by extensions ['colcon_meta']
[1.708s] Level 1:colcon.colcon_core.package_identification:_identify(ros2_ws/src/rtabmap_ros/docker/melodic/latest/hooks) by extension 'colcon_meta'
[1.708s] Level 1:colcon.colcon_core.package_identification:_identify(ros2_ws/src/rtabmap_ros/docker/melodic/latest/hooks) by extensions ['ros']
[1.708s] Level 1:colcon.colcon_core.package_identification:_identify(ros2_ws/src/rtabmap_ros/docker/melodic/latest/hooks) by extension 'ros'
[1.709s] Level 1:colcon.colcon_core.package_identification:_identify(ros2_ws/src/rtabmap_ros/docker/melodic/latest/hooks) by extensions ['cmake', 'python']
[1.709s] Level 1:colcon.colcon_core.package_identification:_identify(ros2_ws/src/rtabmap_ros/docker/melodic/latest/hooks) by extension 'cmake'
[1.709s] Level 1:colcon.colcon_core.package_identification:_identify(ros2_ws/src/rtabmap_ros/docker/melodic/latest/hooks) by extension 'python'
[1.709s] Level 1:colcon.colcon_core.package_identification:_identify(ros2_ws/src/rtabmap_ros/docker/melodic/latest/hooks) by extensions ['python_setup_py']
[1.709s] Level 1:colcon.colcon_core.package_identification:_identify(ros2_ws/src/rtabmap_ros/docker/melodic/latest/hooks) by extension 'python_setup_py'
[1.709s] Level 1:colcon.colcon_core.package_identification:_identify(ros2_ws/src/rtabmap_ros/docker/noetic) by extensions ['ignore', 'ignore_ament_install']
[1.709s] Level 1:colcon.colcon_core.package_identification:_identify(ros2_ws/src/rtabmap_ros/docker/noetic) by extension 'ignore'
[1.709s] Level 1:colcon.colcon_core.package_identification:_identify(ros2_ws/src/rtabmap_ros/docker/noetic) by extension 'ignore_ament_install'
[1.710s] Level 1:colcon.colcon_core.package_identification:_identify(ros2_ws/src/rtabmap_ros/docker/noetic) by extensions ['colcon_pkg']
[1.710s] Level 1:colcon.colcon_core.package_identification:_identify(ros2_ws/src/rtabmap_ros/docker/noetic) by extension 'colcon_pkg'
[1.710s] Level 1:colcon.colcon_core.package_identification:_identify(ros2_ws/src/rtabmap_ros/docker/noetic) by extensions ['colcon_meta']
[1.710s] Level 1:colcon.colcon_core.package_identification:_identify(ros2_ws/src/rtabmap_ros/docker/noetic) by extension 'colcon_meta'
[1.710s] Level 1:colcon.colcon_core.package_identification:_identify(ros2_ws/src/rtabmap_ros/docker/noetic) by extensions ['ros']
[1.710s] Level 1:colcon.colcon_core.package_identification:_identify(ros2_ws/src/rtabmap_ros/docker/noetic) by extension 'ros'
[1.710s] Level 1:colcon.colcon_core.package_identification:_identify(ros2_ws/src/rtabmap_ros/docker/noetic) by extensions ['cmake', 'python']
[1.710s] Level 1:colcon.colcon_core.package_identification:_identify(ros2_ws/src/rtabmap_ros/docker/noetic) by extension 'cmake'
[1.710s] Level 1:colcon.colcon_core.package_identification:_identify(ros2_ws/src/rtabmap_ros/docker/noetic) by extension 'python'
[1.710s] Level 1:colcon.colcon_core.package_identification:_identify(ros2_ws/src/rtabmap_ros/docker/noetic) by extensions ['python_setup_py']
[1.710s] Level 1:colcon.colcon_core.package_identification:_identify(ros2_ws/src/rtabmap_ros/docker/noetic) by extension 'python_setup_py'
[1.711s] Level 1:colcon.colcon_core.package_identification:_identify(ros2_ws/src/rtabmap_ros/docker/noetic/latest) by extensions ['ignore', 'ignore_ament_install']
[1.711s] Level 1:colcon.colcon_core.package_identification:_identify(ros2_ws/src/rtabmap_ros/docker/noetic/latest) by extension 'ignore'
[1.711s] Level 1:colcon.colcon_core.package_identification:_identify(ros2_ws/src/rtabmap_ros/docker/noetic/latest) by extension 'ignore_ament_install'
[1.711s] Level 1:colcon.colcon_core.package_identification:_identify(ros2_ws/src/rtabmap_ros/docker/noetic/latest) by extensions ['colcon_pkg']
[1.711s] Level 1:colcon.colcon_core.package_identification:_identify(ros2_ws/src/rtabmap_ros/docker/noetic/latest) by extension 'colcon_pkg'
[1.711s] Level 1:colcon.colcon_core.package_identification:_identify(ros2_ws/src/rtabmap_ros/docker/noetic/latest) by extensions ['colcon_meta']
[1.711s] Level 1:colcon.colcon_core.package_identification:_identify(ros2_ws/src/rtabmap_ros/docker/noetic/latest) by extension 'colcon_meta'
[1.711s] Level 1:colcon.colcon_core.package_identification:_identify(ros2_ws/src/rtabmap_ros/docker/noetic/latest) by extensions ['ros']
[1.711s] Level 1:colcon.colcon_core.package_identification:_identify(ros2_ws/src/rtabmap_ros/docker/noetic/latest) by extension 'ros'
[1.712s] Level 1:colcon.colcon_core.package_identification:_identify(ros2_ws/src/rtabmap_ros/docker/noetic/latest) by extensions ['cmake', 'python']
[1.712s] Level 1:colcon.colcon_core.package_identification:_identify(ros2_ws/src/rtabmap_ros/docker/noetic/latest) by extension 'cmake'
[1.712s] Level 1:colcon.colcon_core.package_identification:_identify(ros2_ws/src/rtabmap_ros/docker/noetic/latest) by extension 'python'
[1.712s] Level 1:colcon.colcon_core.package_identification:_identify(ros2_ws/src/rtabmap_ros/docker/noetic/latest) by extensions ['python_setup_py']
[1.712s] Level 1:colcon.colcon_core.package_identification:_identify(ros2_ws/src/rtabmap_ros/docker/noetic/latest) by extension 'python_setup_py'
[1.712s] Level 1:colcon.colcon_core.package_identification:_identify(ros2_ws/src/rtabmap_ros/docker/noetic/latest/hooks) by extensions ['ignore', 'ignore_ament_install']
[1.712s] Level 1:colcon.colcon_core.package_identification:_identify(ros2_ws/src/rtabmap_ros/docker/noetic/latest/hooks) by extension 'ignore'
[1.712s] Level 1:colcon.colcon_core.package_identification:_identify(ros2_ws/src/rtabmap_ros/docker/noetic/latest/hooks) by extension 'ignore_ament_install'
[1.713s] Level 1:colcon.colcon_core.package_identification:_identify(ros2_ws/src/rtabmap_ros/docker/noetic/latest/hooks) by extensions ['colcon_pkg']
[1.713s] Level 1:colcon.colcon_core.package_identification:_identify(ros2_ws/src/rtabmap_ros/docker/noetic/latest/hooks) by extension 'colcon_pkg'
[1.713s] Level 1:colcon.colcon_core.package_identification:_identify(ros2_ws/src/rtabmap_ros/docker/noetic/latest/hooks) by extensions ['colcon_meta']
[1.713s] Level 1:colcon.colcon_core.package_identification:_identify(ros2_ws/src/rtabmap_ros/docker/noetic/latest/hooks) by extension 'colcon_meta'
[1.713s] Level 1:colcon.colcon_core.package_identification:_identify(ros2_ws/src/rtabmap_ros/docker/noetic/latest/hooks) by extensions ['ros']
[1.713s] Level 1:colcon.colcon_core.package_identification:_identify(ros2_ws/src/rtabmap_ros/docker/noetic/latest/hooks) by extension 'ros'
[1.713s] Level 1:colcon.colcon_core.package_identification:_identify(ros2_ws/src/rtabmap_ros/docker/noetic/latest/hooks) by extensions ['cmake', 'python']
[1.713s] Level 1:colcon.colcon_core.package_identification:_identify(ros2_ws/src/rtabmap_ros/docker/noetic/latest/hooks) by extension 'cmake'
[1.713s] Level 1:colcon.colcon_core.package_identification:_identify(ros2_ws/src/rtabmap_ros/docker/noetic/latest/hooks) by extension 'python'
[1.713s] Level 1:colcon.colcon_core.package_identification:_identify(ros2_ws/src/rtabmap_ros/docker/noetic/latest/hooks) by extensions ['python_setup_py']
[1.713s] Level 1:colcon.colcon_core.package_identification:_identify(ros2_ws/src/rtabmap_ros/docker/noetic/latest/hooks) by extension 'python_setup_py'
[1.714s] Level 1:colcon.colcon_core.package_identification:_identify(ros2_ws/src/rtabmap_ros/docker/noetic/superpoint) by extensions ['ignore', 'ignore_ament_install']
[1.714s] Level 1:colcon.colcon_core.package_identification:_identify(ros2_ws/src/rtabmap_ros/docker/noetic/superpoint) by extension 'ignore'
[1.714s] Level 1:colcon.colcon_core.package_identification:_identify(ros2_ws/src/rtabmap_ros/docker/noetic/superpoint) by extension 'ignore_ament_install'
[1.714s] Level 1:colcon.colcon_core.package_identification:_identify(ros2_ws/src/rtabmap_ros/docker/noetic/superpoint) by extensions ['colcon_pkg']
[1.714s] Level 1:colcon.colcon_core.package_identification:_identify(ros2_ws/src/rtabmap_ros/docker/noetic/superpoint) by extension 'colcon_pkg'
[1.714s] Level 1:colcon.colcon_core.package_identification:_identify(ros2_ws/src/rtabmap_ros/docker/noetic/superpoint) by extensions ['colcon_meta']
[1.714s] Level 1:colcon.colcon_core.package_identification:_identify(ros2_ws/src/rtabmap_ros/docker/noetic/superpoint) by extension 'colcon_meta'
[1.714s] Level 1:colcon.colcon_core.package_identification:_identify(ros2_ws/src/rtabmap_ros/docker/noetic/superpoint) by extensions ['ros']
[1.714s] Level 1:colcon.colcon_core.package_identification:_identify(ros2_ws/src/rtabmap_ros/docker/noetic/superpoint) by extension 'ros'
[1.715s] Level 1:colcon.colcon_core.package_identification:_identify(ros2_ws/src/rtabmap_ros/docker/noetic/superpoint) by extensions ['cmake', 'python']
[1.715s] Level 1:colcon.colcon_core.package_identification:_identify(ros2_ws/src/rtabmap_ros/docker/noetic/superpoint) by extension 'cmake'
[1.715s] Level 1:colcon.colcon_core.package_identification:_identify(ros2_ws/src/rtabmap_ros/docker/noetic/superpoint) by extension 'python'
[1.715s] Level 1:colcon.colcon_core.package_identification:_identify(ros2_ws/src/rtabmap_ros/docker/noetic/superpoint) by extensions ['python_setup_py']
[1.715s] Level 1:colcon.colcon_core.package_identification:_identify(ros2_ws/src/rtabmap_ros/docker/noetic/superpoint) by extension 'python_setup_py'
[1.715s] Level 1:colcon.colcon_core.package_identification:_identify(ros2_ws/src/rtabmap_ros/rtabmap_conversions) by extensions ['ignore', 'ignore_ament_install']
[1.715s] Level 1:colcon.colcon_core.package_identification:_identify(ros2_ws/src/rtabmap_ros/rtabmap_conversions) by extension 'ignore'
[1.715s] Level 1:colcon.colcon_core.package_identification:_identify(ros2_ws/src/rtabmap_ros/rtabmap_conversions) by extension 'ignore_ament_install'
[1.716s] Level 1:colcon.colcon_core.package_identification:_identify(ros2_ws/src/rtabmap_ros/rtabmap_conversions) by extensions ['colcon_pkg']
[1.716s] Level 1:colcon.colcon_core.package_identification:_identify(ros2_ws/src/rtabmap_ros/rtabmap_conversions) by extension 'colcon_pkg'
[1.716s] Level 1:colcon.colcon_core.package_identification:_identify(ros2_ws/src/rtabmap_ros/rtabmap_conversions) by extensions ['colcon_meta']
[1.716s] Level 1:colcon.colcon_core.package_identification:_identify(ros2_ws/src/rtabmap_ros/rtabmap_conversions) by extension 'colcon_meta'
[1.716s] Level 1:colcon.colcon_core.package_identification:_identify(ros2_ws/src/rtabmap_ros/rtabmap_conversions) by extensions ['ros']
[1.716s] Level 1:colcon.colcon_core.package_identification:_identify(ros2_ws/src/rtabmap_ros/rtabmap_conversions) by extension 'ros'
[1.721s] DEBUG:colcon.colcon_core.package_identification:Package 'ros2_ws/src/rtabmap_ros/rtabmap_conversions' with type 'ros.ament_cmake' and name 'rtabmap_conversions'
[1.721s] Level 1:colcon.colcon_core.package_identification:_identify(ros2_ws/src/rtabmap_ros/rtabmap_costmap_plugins) by extensions ['ignore', 'ignore_ament_install']
[1.721s] Level 1:colcon.colcon_core.package_identification:_identify(ros2_ws/src/rtabmap_ros/rtabmap_costmap_plugins) by extension 'ignore'
[1.722s] Level 1:colcon.colcon_core.package_identification:_identify(ros2_ws/src/rtabmap_ros/rtabmap_costmap_plugins) by extension 'ignore_ament_install'
[1.722s] Level 1:colcon.colcon_core.package_identification:_identify(ros2_ws/src/rtabmap_ros/rtabmap_costmap_plugins) by extensions ['colcon_pkg']
[1.722s] Level 1:colcon.colcon_core.package_identification:_identify(ros2_ws/src/rtabmap_ros/rtabmap_costmap_plugins) by extension 'colcon_pkg'
[1.722s] Level 1:colcon.colcon_core.package_identification:_identify(ros2_ws/src/rtabmap_ros/rtabmap_costmap_plugins) by extensions ['colcon_meta']
[1.722s] Level 1:colcon.colcon_core.package_identification:_identify(ros2_ws/src/rtabmap_ros/rtabmap_costmap_plugins) by extension 'colcon_meta'
[1.722s] Level 1:colcon.colcon_core.package_identification:_identify(ros2_ws/src/rtabmap_ros/rtabmap_costmap_plugins) by extensions ['ros']
[1.722s] Level 1:colcon.colcon_core.package_identification:_identify(ros2_ws/src/rtabmap_ros/rtabmap_costmap_plugins) by extension 'ros'
[1.724s] DEBUG:colcon.colcon_core.package_identification:Package 'ros2_ws/src/rtabmap_ros/rtabmap_costmap_plugins' with type 'ros.ament_cmake' and name 'rtabmap_costmap_plugins'
[1.724s] Level 1:colcon.colcon_core.package_identification:_identify(ros2_ws/src/rtabmap_ros/rtabmap_demos) by extensions ['ignore', 'ignore_ament_install']
[1.724s] Level 1:colcon.colcon_core.package_identification:_identify(ros2_ws/src/rtabmap_ros/rtabmap_demos) by extension 'ignore'
[1.725s] Level 1:colcon.colcon_core.package_identification:_identify(ros2_ws/src/rtabmap_ros/rtabmap_demos) by extension 'ignore_ament_install'
[1.725s] Level 1:colcon.colcon_core.package_identification:_identify(ros2_ws/src/rtabmap_ros/rtabmap_demos) by extensions ['colcon_pkg']
[1.725s] Level 1:colcon.colcon_core.package_identification:_identify(ros2_ws/src/rtabmap_ros/rtabmap_demos) by extension 'colcon_pkg'
[1.725s] Level 1:colcon.colcon_core.package_identification:_identify(ros2_ws/src/rtabmap_ros/rtabmap_demos) by extensions ['colcon_meta']
[1.725s] Level 1:colcon.colcon_core.package_identification:_identify(ros2_ws/src/rtabmap_ros/rtabmap_demos) by extension 'colcon_meta'
[1.725s] Level 1:colcon.colcon_core.package_identification:_identify(ros2_ws/src/rtabmap_ros/rtabmap_demos) by extensions ['ros']
[1.725s] Level 1:colcon.colcon_core.package_identification:_identify(ros2_ws/src/rtabmap_ros/rtabmap_demos) by extension 'ros'
[1.727s] DEBUG:colcon.colcon_core.package_identification:Package 'ros2_ws/src/rtabmap_ros/rtabmap_demos' with type 'ros.ament_cmake' and name 'rtabmap_demos'
[1.727s] Level 1:colcon.colcon_core.package_identification:_identify(ros2_ws/src/rtabmap_ros/rtabmap_examples) by extensions ['ignore', 'ignore_ament_install']
[1.727s] Level 1:colcon.colcon_core.package_identification:_identify(ros2_ws/src/rtabmap_ros/rtabmap_examples) by extension 'ignore'
[1.727s] Level 1:colcon.colcon_core.package_identification:_identify(ros2_ws/src/rtabmap_ros/rtabmap_examples) by extension 'ignore_ament_install'
[1.727s] Level 1:colcon.colcon_core.package_identification:_identify(ros2_ws/src/rtabmap_ros/rtabmap_examples) by extensions ['colcon_pkg']
[1.728s] Level 1:colcon.colcon_core.package_identification:_identify(ros2_ws/src/rtabmap_ros/rtabmap_examples) by extension 'colcon_pkg'
[1.728s] Level 1:colcon.colcon_core.package_identification:_identify(ros2_ws/src/rtabmap_ros/rtabmap_examples) by extensions ['colcon_meta']
[1.728s] Level 1:colcon.colcon_core.package_identification:_identify(ros2_ws/src/rtabmap_ros/rtabmap_examples) by extension 'colcon_meta'
[1.728s] Level 1:colcon.colcon_core.package_identification:_identify(ros2_ws/src/rtabmap_ros/rtabmap_examples) by extensions ['ros']
[1.728s] Level 1:colcon.colcon_core.package_identification:_identify(ros2_ws/src/rtabmap_ros/rtabmap_examples) by extension 'ros'
[1.729s] DEBUG:colcon.colcon_core.package_identification:Package 'ros2_ws/src/rtabmap_ros/rtabmap_examples' with type 'ros.ament_cmake' and name 'rtabmap_examples'
[1.730s] Level 1:colcon.colcon_core.package_identification:_identify(ros2_ws/src/rtabmap_ros/rtabmap_launch) by extensions ['ignore', 'ignore_ament_install']
[1.730s] Level 1:colcon.colcon_core.package_identification:_identify(ros2_ws/src/rtabmap_ros/rtabmap_launch) by extension 'ignore'
[1.730s] Level 1:colcon.colcon_core.package_identification:_identify(ros2_ws/src/rtabmap_ros/rtabmap_launch) by extension 'ignore_ament_install'
[1.730s] Level 1:colcon.colcon_core.package_identification:_identify(ros2_ws/src/rtabmap_ros/rtabmap_launch) by extensions ['colcon_pkg']
[1.730s] Level 1:colcon.colcon_core.package_identification:_identify(ros2_ws/src/rtabmap_ros/rtabmap_launch) by extension 'colcon_pkg'
[1.730s] Level 1:colcon.colcon_core.package_identification:_identify(ros2_ws/src/rtabmap_ros/rtabmap_launch) by extensions ['colcon_meta']
[1.730s] Level 1:colcon.colcon_core.package_identification:_identify(ros2_ws/src/rtabmap_ros/rtabmap_launch) by extension 'colcon_meta'
[1.730s] Level 1:colcon.colcon_core.package_identification:_identify(ros2_ws/src/rtabmap_ros/rtabmap_launch) by extensions ['ros']
[1.731s] Level 1:colcon.colcon_core.package_identification:_identify(ros2_ws/src/rtabmap_ros/rtabmap_launch) by extension 'ros'
[1.732s] DEBUG:colcon.colcon_core.package_identification:Package 'ros2_ws/src/rtabmap_ros/rtabmap_launch' with type 'ros.ament_cmake' and name 'rtabmap_launch'
[1.732s] Level 1:colcon.colcon_core.package_identification:_identify(ros2_ws/src/rtabmap_ros/rtabmap_msgs) by extensions ['ignore', 'ignore_ament_install']
[1.733s] Level 1:colcon.colcon_core.package_identification:_identify(ros2_ws/src/rtabmap_ros/rtabmap_msgs) by extension 'ignore'
[1.733s] Level 1:colcon.colcon_core.package_identification:_identify(ros2_ws/src/rtabmap_ros/rtabmap_msgs) by extension 'ignore_ament_install'
[1.733s] Level 1:colcon.colcon_core.package_identification:_identify(ros2_ws/src/rtabmap_ros/rtabmap_msgs) by extensions ['colcon_pkg']
[1.733s] Level 1:colcon.colcon_core.package_identification:_identify(ros2_ws/src/rtabmap_ros/rtabmap_msgs) by extension 'colcon_pkg'
[1.733s] Level 1:colcon.colcon_core.package_identification:_identify(ros2_ws/src/rtabmap_ros/rtabmap_msgs) by extensions ['colcon_meta']
[1.733s] Level 1:colcon.colcon_core.package_identification:_identify(ros2_ws/src/rtabmap_ros/rtabmap_msgs) by extension 'colcon_meta'
[1.733s] Level 1:colcon.colcon_core.package_identification:_identify(ros2_ws/src/rtabmap_ros/rtabmap_msgs) by extensions ['ros']
[1.733s] Level 1:colcon.colcon_core.package_identification:_identify(ros2_ws/src/rtabmap_ros/rtabmap_msgs) by extension 'ros'
[1.735s] DEBUG:colcon.colcon_core.package_identification:Package 'ros2_ws/src/rtabmap_ros/rtabmap_msgs' with type 'ros.ament_cmake' and name 'rtabmap_msgs'
[1.735s] Level 1:colcon.colcon_core.package_identification:_identify(ros2_ws/src/rtabmap_ros/rtabmap_odom) by extensions ['ignore', 'ignore_ament_install']
[1.736s] Level 1:colcon.colcon_core.package_identification:_identify(ros2_ws/src/rtabmap_ros/rtabmap_odom) by extension 'ignore'
[1.736s] Level 1:colcon.colcon_core.package_identification:_identify(ros2_ws/src/rtabmap_ros/rtabmap_odom) by extension 'ignore_ament_install'
[1.736s] Level 1:colcon.colcon_core.package_identification:_identify(ros2_ws/src/rtabmap_ros/rtabmap_odom) by extensions ['colcon_pkg']
[1.736s] Level 1:colcon.colcon_core.package_identification:_identify(ros2_ws/src/rtabmap_ros/rtabmap_odom) by extension 'colcon_pkg'
[1.736s] Level 1:colcon.colcon_core.package_identification:_identify(ros2_ws/src/rtabmap_ros/rtabmap_odom) by extensions ['colcon_meta']
[1.736s] Level 1:colcon.colcon_core.package_identification:_identify(ros2_ws/src/rtabmap_ros/rtabmap_odom) by extension 'colcon_meta'
[1.736s] Level 1:colcon.colcon_core.package_identification:_identify(ros2_ws/src/rtabmap_ros/rtabmap_odom) by extensions ['ros']
[1.736s] Level 1:colcon.colcon_core.package_identification:_identify(ros2_ws/src/rtabmap_ros/rtabmap_odom) by extension 'ros'
[1.740s] DEBUG:colcon.colcon_core.package_identification:Package 'ros2_ws/src/rtabmap_ros/rtabmap_odom' with type 'ros.ament_cmake' and name 'rtabmap_odom'
[1.740s] Level 1:colcon.colcon_core.package_identification:_identify(ros2_ws/src/rtabmap_ros/rtabmap_python) by extensions ['ignore', 'ignore_ament_install']
[1.740s] Level 1:colcon.colcon_core.package_identification:_identify(ros2_ws/src/rtabmap_ros/rtabmap_python) by extension 'ignore'
[1.740s] Level 1:colcon.colcon_core.package_identification:_identify(ros2_ws/src/rtabmap_ros/rtabmap_python) by extension 'ignore_ament_install'
[1.740s] Level 1:colcon.colcon_core.package_identification:_identify(ros2_ws/src/rtabmap_ros/rtabmap_python) by extensions ['colcon_pkg']
[1.740s] Level 1:colcon.colcon_core.package_identification:_identify(ros2_ws/src/rtabmap_ros/rtabmap_python) by extension 'colcon_pkg'
[1.740s] Level 1:colcon.colcon_core.package_identification:_identify(ros2_ws/src/rtabmap_ros/rtabmap_python) by extensions ['colcon_meta']
[1.741s] Level 1:colcon.colcon_core.package_identification:_identify(ros2_ws/src/rtabmap_ros/rtabmap_python) by extension 'colcon_meta'
[1.741s] Level 1:colcon.colcon_core.package_identification:_identify(ros2_ws/src/rtabmap_ros/rtabmap_python) by extensions ['ros']
[1.741s] Level 1:colcon.colcon_core.package_identification:_identify(ros2_ws/src/rtabmap_ros/rtabmap_python) by extension 'ros'
[1.743s] DEBUG:colcon.colcon_core.package_identification:Package 'ros2_ws/src/rtabmap_ros/rtabmap_python' with type 'ros.ament_python' and name 'rtabmap_python'
[1.743s] Level 1:colcon.colcon_core.package_identification:_identify(ros2_ws/src/rtabmap_ros/rtabmap_ros) by extensions ['ignore', 'ignore_ament_install']
[1.743s] Level 1:colcon.colcon_core.package_identification:_identify(ros2_ws/src/rtabmap_ros/rtabmap_ros) by extension 'ignore'
[1.743s] Level 1:colcon.colcon_core.package_identification:_identify(ros2_ws/src/rtabmap_ros/rtabmap_ros) by extension 'ignore_ament_install'
[1.743s] Level 1:colcon.colcon_core.package_identification:_identify(ros2_ws/src/rtabmap_ros/rtabmap_ros) by extensions ['colcon_pkg']
[1.743s] Level 1:colcon.colcon_core.package_identification:_identify(ros2_ws/src/rtabmap_ros/rtabmap_ros) by extension 'colcon_pkg'
[1.743s] Level 1:colcon.colcon_core.package_identification:_identify(ros2_ws/src/rtabmap_ros/rtabmap_ros) by extensions ['colcon_meta']
[1.744s] Level 1:colcon.colcon_core.package_identification:_identify(ros2_ws/src/rtabmap_ros/rtabmap_ros) by extension 'colcon_meta'
[1.744s] Level 1:colcon.colcon_core.package_identification:_identify(ros2_ws/src/rtabmap_ros/rtabmap_ros) by extensions ['ros']
[1.744s] Level 1:colcon.colcon_core.package_identification:_identify(ros2_ws/src/rtabmap_ros/rtabmap_ros) by extension 'ros'
[1.745s] DEBUG:colcon.colcon_core.package_identification:Package 'ros2_ws/src/rtabmap_ros/rtabmap_ros' with type 'ros.ament_cmake' and name 'rtabmap_ros'
[1.745s] Level 1:colcon.colcon_core.package_identification:_identify(ros2_ws/src/rtabmap_ros/rtabmap_rviz_plugins) by extensions ['ignore', 'ignore_ament_install']
[1.746s] Level 1:colcon.colcon_core.package_identification:_identify(ros2_ws/src/rtabmap_ros/rtabmap_rviz_plugins) by extension 'ignore'
[1.746s] Level 1:colcon.colcon_core.package_identification:_identify(ros2_ws/src/rtabmap_ros/rtabmap_rviz_plugins) by extension 'ignore_ament_install'
[1.746s] Level 1:colcon.colcon_core.package_identification:_identify(ros2_ws/src/rtabmap_ros/rtabmap_rviz_plugins) by extensions ['colcon_pkg']
[1.746s] Level 1:colcon.colcon_core.package_identification:_identify(ros2_ws/src/rtabmap_ros/rtabmap_rviz_plugins) by extension 'colcon_pkg'
[1.746s] Level 1:colcon.colcon_core.package_identification:_identify(ros2_ws/src/rtabmap_ros/rtabmap_rviz_plugins) by extensions ['colcon_meta']
[1.746s] Level 1:colcon.colcon_core.package_identification:_identify(ros2_ws/src/rtabmap_ros/rtabmap_rviz_plugins) by extension 'colcon_meta'
[1.746s] Level 1:colcon.colcon_core.package_identification:_identify(ros2_ws/src/rtabmap_ros/rtabmap_rviz_plugins) by extensions ['ros']
[1.746s] Level 1:colcon.colcon_core.package_identification:_identify(ros2_ws/src/rtabmap_ros/rtabmap_rviz_plugins) by extension 'ros'
[1.749s] DEBUG:colcon.colcon_core.package_identification:Package 'ros2_ws/src/rtabmap_ros/rtabmap_rviz_plugins' with type 'ros.ament_cmake' and name 'rtabmap_rviz_plugins'
[1.749s] Level 1:colcon.colcon_core.package_identification:_identify(ros2_ws/src/rtabmap_ros/rtabmap_slam) by extensions ['ignore', 'ignore_ament_install']
[1.749s] Level 1:colcon.colcon_core.package_identification:_identify(ros2_ws/src/rtabmap_ros/rtabmap_slam) by extension 'ignore'
[1.749s] Level 1:colcon.colcon_core.package_identification:_identify(ros2_ws/src/rtabmap_ros/rtabmap_slam) by extension 'ignore_ament_install'
[1.750s] Level 1:colcon.colcon_core.package_identification:_identify(ros2_ws/src/rtabmap_ros/rtabmap_slam) by extensions ['colcon_pkg']
[1.750s] Level 1:colcon.colcon_core.package_identification:_identify(ros2_ws/src/rtabmap_ros/rtabmap_slam) by extension 'colcon_pkg'
[1.750s] Level 1:colcon.colcon_core.package_identification:_identify(ros2_ws/src/rtabmap_ros/rtabmap_slam) by extensions ['colcon_meta']
[1.750s] Level 1:colcon.colcon_core.package_identification:_identify(ros2_ws/src/rtabmap_ros/rtabmap_slam) by extension 'colcon_meta'
[1.750s] Level 1:colcon.colcon_core.package_identification:_identify(ros2_ws/src/rtabmap_ros/rtabmap_slam) by extensions ['ros']
[1.750s] Level 1:colcon.colcon_core.package_identification:_identify(ros2_ws/src/rtabmap_ros/rtabmap_slam) by extension 'ros'
[1.754s] DEBUG:colcon.colcon_core.package_identification:Package 'ros2_ws/src/rtabmap_ros/rtabmap_slam' with type 'ros.ament_cmake' and name 'rtabmap_slam'
[1.754s] Level 1:colcon.colcon_core.package_identification:_identify(ros2_ws/src/rtabmap_ros/rtabmap_sync) by extensions ['ignore', 'ignore_ament_install']
[1.754s] Level 1:colcon.colcon_core.package_identification:_identify(ros2_ws/src/rtabmap_ros/rtabmap_sync) by extension 'ignore'
[1.754s] Level 1:colcon.colcon_core.package_identification:_identify(ros2_ws/src/rtabmap_ros/rtabmap_sync) by extension 'ignore_ament_install'
[1.755s] Level 1:colcon.colcon_core.package_identification:_identify(ros2_ws/src/rtabmap_ros/rtabmap_sync) by extensions ['colcon_pkg']
[1.755s] Level 1:colcon.colcon_core.package_identification:_identify(ros2_ws/src/rtabmap_ros/rtabmap_sync) by extension 'colcon_pkg'
[1.755s] Level 1:colcon.colcon_core.package_identification:_identify(ros2_ws/src/rtabmap_ros/rtabmap_sync) by extensions ['colcon_meta']
[1.755s] Level 1:colcon.colcon_core.package_identification:_identify(ros2_ws/src/rtabmap_ros/rtabmap_sync) by extension 'colcon_meta'
[1.755s] Level 1:colcon.colcon_core.package_identification:_identify(ros2_ws/src/rtabmap_ros/rtabmap_sync) by extensions ['ros']
[1.755s] Level 1:colcon.colcon_core.package_identification:_identify(ros2_ws/src/rtabmap_ros/rtabmap_sync) by extension 'ros'
[1.757s] DEBUG:colcon.colcon_core.package_identification:Package 'ros2_ws/src/rtabmap_ros/rtabmap_sync' with type 'ros.ament_cmake' and name 'rtabmap_sync'
[1.758s] Level 1:colcon.colcon_core.package_identification:_identify(ros2_ws/src/rtabmap_ros/rtabmap_util) by extensions ['ignore', 'ignore_ament_install']
[1.758s] Level 1:colcon.colcon_core.package_identification:_identify(ros2_ws/src/rtabmap_ros/rtabmap_util) by extension 'ignore'
[1.758s] Level 1:colcon.colcon_core.package_identification:_identify(ros2_ws/src/rtabmap_ros/rtabmap_util) by extension 'ignore_ament_install'
[1.758s] Level 1:colcon.colcon_core.package_identification:_identify(ros2_ws/src/rtabmap_ros/rtabmap_util) by extensions ['colcon_pkg']
[1.758s] Level 1:colcon.colcon_core.package_identification:_identify(ros2_ws/src/rtabmap_ros/rtabmap_util) by extension 'colcon_pkg'
[1.758s] Level 1:colcon.colcon_core.package_identification:_identify(ros2_ws/src/rtabmap_ros/rtabmap_util) by extensions ['colcon_meta']
[1.758s] Level 1:colcon.colcon_core.package_identification:_identify(ros2_ws/src/rtabmap_ros/rtabmap_util) by extension 'colcon_meta'
[1.758s] Level 1:colcon.colcon_core.package_identification:_identify(ros2_ws/src/rtabmap_ros/rtabmap_util) by extensions ['ros']
[1.759s] Level 1:colcon.colcon_core.package_identification:_identify(ros2_ws/src/rtabmap_ros/rtabmap_util) by extension 'ros'
[1.763s] DEBUG:colcon.colcon_core.package_identification:Package 'ros2_ws/src/rtabmap_ros/rtabmap_util' with type 'ros.ament_cmake' and name 'rtabmap_util'
[1.763s] Level 1:colcon.colcon_core.package_identification:_identify(ros2_ws/src/rtabmap_ros/rtabmap_viz) by extensions ['ignore', 'ignore_ament_install']
[1.763s] Level 1:colcon.colcon_core.package_identification:_identify(ros2_ws/src/rtabmap_ros/rtabmap_viz) by extension 'ignore'
[1.763s] Level 1:colcon.colcon_core.package_identification:_identify(ros2_ws/src/rtabmap_ros/rtabmap_viz) by extension 'ignore_ament_install'
[1.763s] Level 1:colcon.colcon_core.package_identification:_identify(ros2_ws/src/rtabmap_ros/rtabmap_viz) by extensions ['colcon_pkg']
[1.763s] Level 1:colcon.colcon_core.package_identification:_identify(ros2_ws/src/rtabmap_ros/rtabmap_viz) by extension 'colcon_pkg'
[1.764s] Level 1:colcon.colcon_core.package_identification:_identify(ros2_ws/src/rtabmap_ros/rtabmap_viz) by extensions ['colcon_meta']
[1.764s] Level 1:colcon.colcon_core.package_identification:_identify(ros2_ws/src/rtabmap_ros/rtabmap_viz) by extension 'colcon_meta'
[1.764s] Level 1:colcon.colcon_core.package_identification:_identify(ros2_ws/src/rtabmap_ros/rtabmap_viz) by extensions ['ros']
[1.764s] Level 1:colcon.colcon_core.package_identification:_identify(ros2_ws/src/rtabmap_ros/rtabmap_viz) by extension 'ros'
[1.766s] DEBUG:colcon.colcon_core.package_identification:Package 'ros2_ws/src/rtabmap_ros/rtabmap_viz' with type 'ros.ament_cmake' and name 'rtabmap_viz'
[1.766s] Level 1:colcon.colcon_core.package_identification:_identify(ros2_ws/src/vio_perception_pipeline) by extensions ['ignore', 'ignore_ament_install']
[1.767s] Level 1:colcon.colcon_core.package_identification:_identify(ros2_ws/src/vio_perception_pipeline) by extension 'ignore'
[1.767s] Level 1:colcon.colcon_core.package_identification:_identify(ros2_ws/src/vio_perception_pipeline) by extension 'ignore_ament_install'
[1.767s] Level 1:colcon.colcon_core.package_identification:_identify(ros2_ws/src/vio_perception_pipeline) by extensions ['colcon_pkg']
[1.767s] Level 1:colcon.colcon_core.package_identification:_identify(ros2_ws/src/vio_perception_pipeline) by extension 'colcon_pkg'
[1.767s] Level 1:colcon.colcon_core.package_identification:_identify(ros2_ws/src/vio_perception_pipeline) by extensions ['colcon_meta']
[1.767s] Level 1:colcon.colcon_core.package_identification:_identify(ros2_ws/src/vio_perception_pipeline) by extension 'colcon_meta'
[1.767s] Level 1:colcon.colcon_core.package_identification:_identify(ros2_ws/src/vio_perception_pipeline) by extensions ['ros']
[1.767s] Level 1:colcon.colcon_core.package_identification:_identify(ros2_ws/src/vio_perception_pipeline) by extension 'ros'
[1.769s] DEBUG:colcon.colcon_core.package_identification:Package 'ros2_ws/src/vio_perception_pipeline' with type 'ros.ament_python' and name 'vio_perception_pipeline'
[1.769s] Level 1:colcon.colcon_core.package_identification:_identify(ros2_ws/src/vision_opencv) by extensions ['ignore', 'ignore_ament_install']
[1.769s] Level 1:colcon.colcon_core.package_identification:_identify(ros2_ws/src/vision_opencv) by extension 'ignore'
[1.769s] Level 1:colcon.colcon_core.package_identification:_identify(ros2_ws/src/vision_opencv) by extension 'ignore_ament_install'
[1.769s] Level 1:colcon.colcon_core.package_identification:_identify(ros2_ws/src/vision_opencv) by extensions ['colcon_pkg']
[1.769s] Level 1:colcon.colcon_core.package_identification:_identify(ros2_ws/src/vision_opencv) by extension 'colcon_pkg'
[1.769s] Level 1:colcon.colcon_core.package_identification:_identify(ros2_ws/src/vision_opencv) by extensions ['colcon_meta']
[1.769s] Level 1:colcon.colcon_core.package_identification:_identify(ros2_ws/src/vision_opencv) by extension 'colcon_meta'
[1.770s] Level 1:colcon.colcon_core.package_identification:_identify(ros2_ws/src/vision_opencv) by extensions ['ros']
[1.770s] Level 1:colcon.colcon_core.package_identification:_identify(ros2_ws/src/vision_opencv) by extension 'ros'
[1.770s] Level 1:colcon.colcon_core.package_identification:_identify(ros2_ws/src/vision_opencv) by extensions ['cmake', 'python']
[1.770s] Level 1:colcon.colcon_core.package_identification:_identify(ros2_ws/src/vision_opencv) by extension 'cmake'
[1.770s] Level 1:colcon.colcon_core.package_identification:_identify(ros2_ws/src/vision_opencv) by extension 'python'
[1.770s] Level 1:colcon.colcon_core.package_identification:_identify(ros2_ws/src/vision_opencv) by extensions ['python_setup_py']
[1.770s] Level 1:colcon.colcon_core.package_identification:_identify(ros2_ws/src/vision_opencv) by extension 'python_setup_py'
[1.770s] Level 1:colcon.colcon_core.package_identification:_identify(ros2_ws/src/vision_opencv/cv_bridge) by extensions ['ignore', 'ignore_ament_install']
[1.771s] Level 1:colcon.colcon_core.package_identification:_identify(ros2_ws/src/vision_opencv/cv_bridge) by extension 'ignore'
[1.771s] Level 1:colcon.colcon_core.package_identification:_identify(ros2_ws/src/vision_opencv/cv_bridge) by extension 'ignore_ament_install'
[1.771s] Level 1:colcon.colcon_core.package_identification:_identify(ros2_ws/src/vision_opencv/cv_bridge) by extensions ['colcon_pkg']
[1.771s] Level 1:colcon.colcon_core.package_identification:_identify(ros2_ws/src/vision_opencv/cv_bridge) by extension 'colcon_pkg'
[1.771s] Level 1:colcon.colcon_core.package_identification:_identify(ros2_ws/src/vision_opencv/cv_bridge) by extensions ['colcon_meta']
[1.771s] Level 1:colcon.colcon_core.package_identification:_identify(ros2_ws/src/vision_opencv/cv_bridge) by extension 'colcon_meta'
[1.771s] Level 1:colcon.colcon_core.package_identification:_identify(ros2_ws/src/vision_opencv/cv_bridge) by extensions ['ros']
[1.771s] Level 1:colcon.colcon_core.package_identification:_identify(ros2_ws/src/vision_opencv/cv_bridge) by extension 'ros'
[1.773s] DEBUG:colcon.colcon_core.package_identification:Package 'ros2_ws/src/vision_opencv/cv_bridge' with type 'ros.ament_cmake' and name 'cv_bridge'
[1.774s] Level 1:colcon.colcon_core.package_identification:_identify(ros2_ws/src/vision_opencv/image_geometry) by extensions ['ignore', 'ignore_ament_install']
[1.774s] Level 1:colcon.colcon_core.package_identification:_identify(ros2_ws/src/vision_opencv/image_geometry) by extension 'ignore'
[1.774s] Level 1:colcon.colcon_core.package_identification:_identify(ros2_ws/src/vision_opencv/image_geometry) by extension 'ignore_ament_install'
[1.774s] Level 1:colcon.colcon_core.package_identification:_identify(ros2_ws/src/vision_opencv/image_geometry) by extensions ['colcon_pkg']
[1.774s] Level 1:colcon.colcon_core.package_identification:_identify(ros2_ws/src/vision_opencv/image_geometry) by extension 'colcon_pkg'
[1.774s] Level 1:colcon.colcon_core.package_identification:_identify(ros2_ws/src/vision_opencv/image_geometry) by extensions ['colcon_meta']
[1.774s] Level 1:colcon.colcon_core.package_identification:_identify(ros2_ws/src/vision_opencv/image_geometry) by extension 'colcon_meta'
[1.774s] Level 1:colcon.colcon_core.package_identification:_identify(ros2_ws/src/vision_opencv/image_geometry) by extensions ['ros']
[1.774s] Level 1:colcon.colcon_core.package_identification:_identify(ros2_ws/src/vision_opencv/image_geometry) by extension 'ros'
[1.776s] DEBUG:colcon.colcon_core.package_identification:Package 'ros2_ws/src/vision_opencv/image_geometry' with type 'ros.ament_cmake' and name 'image_geometry'
[1.776s] Level 1:colcon.colcon_core.package_identification:_identify(ros2_ws/src/vision_opencv/opencv_tests) by extensions ['ignore', 'ignore_ament_install']
[1.777s] Level 1:colcon.colcon_core.package_identification:_identify(ros2_ws/src/vision_opencv/opencv_tests) by extension 'ignore'
[1.777s] Level 1:colcon.colcon_core.package_identification:_identify(ros2_ws/src/vision_opencv/opencv_tests) by extension 'ignore_ament_install'
[1.777s] Level 1:colcon.colcon_core.package_identification:_identify(ros2_ws/src/vision_opencv/opencv_tests) by extensions ['colcon_pkg']
[1.777s] Level 1:colcon.colcon_core.package_identification:_identify(ros2_ws/src/vision_opencv/opencv_tests) by extension 'colcon_pkg'
[1.777s] Level 1:colcon.colcon_core.package_identification:_identify(ros2_ws/src/vision_opencv/opencv_tests) by extensions ['colcon_meta']
[1.777s] Level 1:colcon.colcon_core.package_identification:_identify(ros2_ws/src/vision_opencv/opencv_tests) by extension 'colcon_meta'
[1.777s] Level 1:colcon.colcon_core.package_identification:_identify(ros2_ws/src/vision_opencv/opencv_tests) by extensions ['ros']
[1.777s] Level 1:colcon.colcon_core.package_identification:_identify(ros2_ws/src/vision_opencv/opencv_tests) by extension 'ros'
[1.779s] DEBUG:colcon.colcon_core.package_identification:Package 'ros2_ws/src/vision_opencv/opencv_tests' with type 'ros.ament_python' and name 'opencv_tests'
[1.779s] Level 1:colcon.colcon_core.package_identification:_identify(ros2_ws/src/vision_opencv/vision_opencv) by extensions ['ignore', 'ignore_ament_install']
[1.779s] Level 1:colcon.colcon_core.package_identification:_identify(ros2_ws/src/vision_opencv/vision_opencv) by extension 'ignore'
[1.779s] Level 1:colcon.colcon_core.package_identification:_identify(ros2_ws/src/vision_opencv/vision_opencv) by extension 'ignore_ament_install'
[1.779s] Level 1:colcon.colcon_core.package_identification:_identify(ros2_ws/src/vision_opencv/vision_opencv) by extensions ['colcon_pkg']
[1.779s] Level 1:colcon.colcon_core.package_identification:_identify(ros2_ws/src/vision_opencv/vision_opencv) by extension 'colcon_pkg'
[1.779s] Level 1:colcon.colcon_core.package_identification:_identify(ros2_ws/src/vision_opencv/vision_opencv) by extensions ['colcon_meta']
[1.780s] Level 1:colcon.colcon_core.package_identification:_identify(ros2_ws/src/vision_opencv/vision_opencv) by extension 'colcon_meta'
[1.780s] Level 1:colcon.colcon_core.package_identification:_identify(ros2_ws/src/vision_opencv/vision_opencv) by extensions ['ros']
[1.780s] Level 1:colcon.colcon_core.package_identification:_identify(ros2_ws/src/vision_opencv/vision_opencv) by extension 'ros'
[1.781s] DEBUG:colcon.colcon_core.package_identification:Package 'ros2_ws/src/vision_opencv/vision_opencv' with type 'ros.ament_cmake' and name 'vision_opencv'
[1.781s] Level 1:colcon.colcon_core.package_identification:_identify(ros2_ws/workspace) by extensions ['ignore', 'ignore_ament_install']
[1.781s] Level 1:colcon.colcon_core.package_identification:_identify(ros2_ws/workspace) by extension 'ignore'
[1.782s] Level 1:colcon.colcon_core.package_identification:_identify(ros2_ws/workspace) by extension 'ignore_ament_install'
[1.782s] Level 1:colcon.colcon_core.package_identification:_identify(ros2_ws/workspace) by extensions ['colcon_pkg']
[1.782s] Level 1:colcon.colcon_core.package_identification:_identify(ros2_ws/workspace) by extension 'colcon_pkg'
[1.782s] Level 1:colcon.colcon_core.package_identification:_identify(ros2_ws/workspace) by extensions ['colcon_meta']
[1.782s] Level 1:colcon.colcon_core.package_identification:_identify(ros2_ws/workspace) by extension 'colcon_meta'
[1.782s] Level 1:colcon.colcon_core.package_identification:_identify(ros2_ws/workspace) by extensions ['ros']
[1.782s] Level 1:colcon.colcon_core.package_identification:_identify(ros2_ws/workspace) by extension 'ros'
[1.782s] Level 1:colcon.colcon_core.package_identification:_identify(ros2_ws/workspace) by extensions ['cmake', 'python']
[1.782s] Level 1:colcon.colcon_core.package_identification:_identify(ros2_ws/workspace) by extension 'cmake'
[1.782s] Level 1:colcon.colcon_core.package_identification:_identify(ros2_ws/workspace) by extension 'python'
[1.783s] Level 1:colcon.colcon_core.package_identification:_identify(ros2_ws/workspace) by extensions ['python_setup_py']
[1.783s] Level 1:colcon.colcon_core.package_identification:_identify(ros2_ws/workspace) by extension 'python_setup_py'
[1.783s] Level 1:colcon.colcon_core.package_identification:_identify(ros2_ws/workspace/opencv-4.10.0) by extensions ['ignore', 'ignore_ament_install']
[1.783s] Level 1:colcon.colcon_core.package_identification:_identify(ros2_ws/workspace/opencv-4.10.0) by extension 'ignore'
[1.783s] Level 1:colcon.colcon_core.package_identification:_identify(ros2_ws/workspace/opencv-4.10.0) ignored
[1.783s] Level 1:colcon.colcon_core.package_identification:_identify(ros2_ws/workspace/opencv_contrib-4.10.0) by extensions ['ignore', 'ignore_ament_install']
[1.784s] Level 1:colcon.colcon_core.package_identification:_identify(ros2_ws/workspace/opencv_contrib-4.10.0) by extension 'ignore'
[1.784s] Level 1:colcon.colcon_core.package_identification:_identify(ros2_ws/workspace/opencv_contrib-4.10.0) ignored
[1.784s] Level 1:colcon.colcon_core.package_discovery:discover_packages(recursive) using defaults
[1.784s] Level 1:colcon.colcon_core.package_discovery:discover_packages(ignore) discover
[1.784s] Level 1:colcon.colcon_core.package_discovery:discover_packages(ignore) using defaults
[1.784s] Level 1:colcon.colcon_core.package_discovery:discover_packages(path) discover
[1.784s] Level 1:colcon.colcon_core.package_discovery:discover_packages(path) using defaults
[1.893s] INFO:colcon.colcon_core.package_selection:Skipping not selected package 'cv_bridge' in 'ros2_ws/src/vision_opencv/cv_bridge'
[1.893s] INFO:colcon.colcon_core.package_selection:Skipping not selected package 'depthai_descriptions' in 'ros2_ws/src/depthai-ros/depthai_descriptions'
[1.893s] INFO:colcon.colcon_core.package_selection:Skipping not selected package 'depthai_ros_msgs' in 'ros2_ws/src/depthai-ros/depthai_ros_msgs'
[1.893s] INFO:colcon.colcon_core.package_selection:Skipping not selected package 'global_fusion' in 'ros2_ws/src/VINS-Fusion-ROS2-humble/global_fusion'
[1.893s] INFO:colcon.colcon_core.package_selection:Skipping not selected package 'image_geometry' in 'ros2_ws/src/vision_opencv/image_geometry'
[1.893s] INFO:colcon.colcon_core.package_selection:Skipping not selected package 'rtabmap_costmap_plugins' in 'ros2_ws/src/rtabmap_ros/rtabmap_costmap_plugins'
[1.893s] INFO:colcon.colcon_core.package_selection:Skipping not selected package 'rtabmap_msgs' in 'ros2_ws/src/rtabmap_ros/rtabmap_msgs'
[1.893s] INFO:colcon.colcon_core.package_selection:Skipping not selected package 'rtabmap_python' in 'ros2_ws/src/rtabmap_ros/rtabmap_python'
[1.893s] INFO:colcon.colcon_core.package_selection:Skipping not selected package 'camera_models' in 'ros2_ws/src/VINS-Fusion-ROS2-humble/camera_models'
[1.893s] INFO:colcon.colcon_core.package_selection:Skipping not selected package 'depthai_bridge' in 'ros2_ws/src/depthai-ros/depthai_bridge'
[1.893s] INFO:colcon.colcon_core.package_selection:Skipping not selected package 'depthai_filters' in 'ros2_ws/src/depthai-ros/depthai_filters'
[1.893s] INFO:colcon.colcon_core.package_selection:Skipping not selected package 'opencv_tests' in 'ros2_ws/src/vision_opencv/opencv_tests'
[1.893s] INFO:colcon.colcon_core.package_selection:Skipping not selected package 'rtabmap' in 'ros2_ws/src/rtabmap'
[1.893s] INFO:colcon.colcon_core.package_selection:Skipping not selected package 'rtabmap_odom_cuda' in 'ros2_ws/rtabmap_odom_cuda'
[1.894s] INFO:colcon.colcon_core.package_selection:Skipping not selected package 'vision_opencv' in 'ros2_ws/src/vision_opencv/vision_opencv'
[1.894s] INFO:colcon.colcon_core.package_selection:Skipping not selected package 'depthai_examples' in 'ros2_ws/src/depthai-ros/depthai_examples'
[1.894s] INFO:colcon.colcon_core.package_selection:Skipping not selected package 'loop_fusion' in 'ros2_ws/src/VINS-Fusion-ROS2-humble/loop_fusion'
[1.894s] INFO:colcon.colcon_core.package_selection:Skipping not selected package 'rtabmap_conversions' in 'ros2_ws/src/rtabmap_ros/rtabmap_conversions'
[1.894s] INFO:colcon.colcon_core.package_selection:Skipping not selected package 'vins' in 'ros2_ws/src/VINS-Fusion-ROS2-humble/vins'
[1.894s] INFO:colcon.colcon_core.package_selection:Skipping not selected package 'depthai_ros_driver' in 'ros2_ws/src/depthai-ros/depthai_ros_driver'
[1.894s] INFO:colcon.colcon_core.package_selection:Skipping not selected package 'rtabmap_rviz_plugins' in 'ros2_ws/src/rtabmap_ros/rtabmap_rviz_plugins'
[1.894s] INFO:colcon.colcon_core.package_selection:Skipping not selected package 'rtabmap_sync' in 'ros2_ws/src/rtabmap_ros/rtabmap_sync'
[1.894s] INFO:colcon.colcon_core.package_selection:Skipping not selected package 'depthai-ros' in 'ros2_ws/src/depthai-ros/depthai-ros'
[1.894s] INFO:colcon.colcon_core.package_selection:Skipping not selected package 'rtabmap_util' in 'ros2_ws/src/rtabmap_ros/rtabmap_util'
[1.894s] INFO:colcon.colcon_core.package_selection:Skipping not selected package 'rtabmap_viz' in 'ros2_ws/src/rtabmap_ros/rtabmap_viz'
[1.894s] INFO:colcon.colcon_core.package_selection:Skipping not selected package 'rtabmap_odom' in 'ros2_ws/src/rtabmap_ros/rtabmap_odom'
[1.894s] INFO:colcon.colcon_core.package_selection:Skipping not selected package 'rtabmap_slam' in 'ros2_ws/src/rtabmap_ros/rtabmap_slam'
[1.894s] INFO:colcon.colcon_core.package_selection:Skipping not selected package 'rtabmap_demos' in 'ros2_ws/src/rtabmap_ros/rtabmap_demos'
[1.894s] INFO:colcon.colcon_core.package_selection:Skipping not selected package 'rtabmap_examples' in 'ros2_ws/src/rtabmap_ros/rtabmap_examples'
[1.894s] INFO:colcon.colcon_core.package_selection:Skipping not selected package 'rtabmap_launch' in 'ros2_ws/src/rtabmap_ros/rtabmap_launch'
[1.894s] INFO:colcon.colcon_core.package_selection:Skipping not selected package 'rtabmap_ros' in 'ros2_ws/src/rtabmap_ros/rtabmap_ros'
[1.899s] Level 1:colcon.colcon_core.package_discovery:discover_packages(prefix_path) check parameters
[1.899s] Level 1:colcon.colcon_core.package_discovery:discover_packages(prefix_path) discover
[1.909s] DEBUG:colcon.colcon_installed_package_information.package_discovery:Found 15 installed packages in /home/group7/Desktop/VIO_autonomous_drone/ros2_ws/install
[1.910s] DEBUG:colcon.colcon_installed_package_information.package_discovery:Found 5 installed packages in /home/group7/Desktop/Autonomous-Drone/ros2_ws/install
[1.913s] DEBUG:colcon.colcon_installed_package_information.package_discovery:Found 386 installed packages in /opt/ros/humble
[1.917s] Level 1:colcon.colcon_core.package_discovery:discover_packages(prefix_path) using defaults
[2.149s] Level 5:colcon.colcon_core.verb:set package 'vio_perception_pipeline' build argument 'cmake_args' from command line to 'None'
[2.149s] Level 5:colcon.colcon_core.verb:set package 'vio_perception_pipeline' build argument 'cmake_target' from command line to 'None'
[2.149s] Level 5:colcon.colcon_core.verb:set package 'vio_perception_pipeline' build argument 'cmake_target_skip_unavailable' from command line to 'False'
[2.149s] Level 5:colcon.colcon_core.verb:set package 'vio_perception_pipeline' build argument 'cmake_clean_cache' from command line to 'False'
[2.149s] Level 5:colcon.colcon_core.verb:set package 'vio_perception_pipeline' build argument 'cmake_clean_first' from command line to 'False'
[2.149s] Level 5:colcon.colcon_core.verb:set package 'vio_perception_pipeline' build argument 'cmake_force_configure' from command line to 'False'
[2.149s] Level 5:colcon.colcon_core.verb:set package 'vio_perception_pipeline' build argument 'ament_cmake_args' from command line to 'None'
[2.149s] Level 5:colcon.colcon_core.verb:set package 'vio_perception_pipeline' build argument 'catkin_cmake_args' from command line to 'None'
[2.149s] Level 5:colcon.colcon_core.verb:set package 'vio_perception_pipeline' build argument 'catkin_skip_building_tests' from command line to 'False'
[2.150s] DEBUG:colcon.colcon_core.verb:Building package 'vio_perception_pipeline' with the following arguments: {'ament_cmake_args': None, 'build_base': '/home/group7/Desktop/VIO_autonomous_drone/build/vio_perception_pipeline', 'catkin_cmake_args': None, 'catkin_skip_building_tests': False, 'cmake_args': None, 'cmake_clean_cache': False, 'cmake_clean_first': False, 'cmake_force_configure': False, 'cmake_target': None, 'cmake_target_skip_unavailable': False, 'install_base': '/home/group7/Desktop/VIO_autonomous_drone/install/vio_perception_pipeline', 'merge_install': False, 'path': '/home/group7/Desktop/VIO_autonomous_drone/ros2_ws/src/vio_perception_pipeline', 'symlink_install': False, 'test_result_base': None}
[2.150s] INFO:colcon.colcon_core.executor:Executing jobs using 'parallel' executor
[2.153s] DEBUG:colcon.colcon_parallel_executor.executor.parallel:run_until_complete
[2.153s] INFO:colcon.colcon_ros.task.ament_python.build:Building ROS package in '/home/group7/Desktop/VIO_autonomous_drone/ros2_ws/src/vio_perception_pipeline' with build type 'ament_python'
[2.154s] Level 1:colcon.colcon_core.shell:create_environment_hook('vio_perception_pipeline', 'ament_prefix_path')
[2.195s] INFO:colcon.colcon_core.plugin_system:Skipping extension 'colcon_core.shell.bat': Not used on non-Windows systems
[2.197s] INFO:colcon.colcon_core.shell:Creating environment hook '/home/group7/Desktop/VIO_autonomous_drone/install/vio_perception_pipeline/share/vio_perception_pipeline/hook/ament_prefix_path.ps1'
[2.202s] INFO:colcon.colcon_core.shell:Creating environment descriptor '/home/group7/Desktop/VIO_autonomous_drone/install/vio_perception_pipeline/share/vio_perception_pipeline/hook/ament_prefix_path.dsv'
[2.205s] INFO:colcon.colcon_core.shell:Creating environment hook '/home/group7/Desktop/VIO_autonomous_drone/install/vio_perception_pipeline/share/vio_perception_pipeline/hook/ament_prefix_path.sh'
[2.208s] INFO:colcon.colcon_core.shell:Skip shell extension 'powershell' for command environment: Not usable outside of PowerShell
[2.208s] DEBUG:colcon.colcon_core.shell:Skip shell extension 'dsv' for command environment
[2.223s] WARNING:colcon.colcon_core.shell:The following packages are in the workspace but haven't been built:
- cv_bridge
- depthai_descriptions
- depthai_ros_msgs
- image_geometry
- rtabmap_costmap_plugins
- rtabmap_msgs
- rtabmap_python
- depthai_bridge
- rtabmap
- depthai_examples
- rtabmap_conversions
- depthai_ros_driver
- rtabmap_rviz_plugins
- rtabmap_sync
- rtabmap_util
- rtabmap_viz
- rtabmap_odom
- rtabmap_slam
- rtabmap_demos
- rtabmap_examples
- rtabmap_launch
- rtabmap_ros
They are being used from the following locations instead:
- /opt/ros/humble
- /home/group7/Desktop/VIO_autonomous_drone/ros2_ws/install/depthai_descriptions
- /opt/ros/humble
- /opt/ros/humble
- /home/group7/Desktop/VIO_autonomous_drone/ros2_ws/install/rtabmap_costmap_plugins
- /opt/ros/humble
- /home/group7/Desktop/VIO_autonomous_drone/ros2_ws/install/rtabmap_python
- /opt/ros/humble
- /home/group7/Desktop/VIO_autonomous_drone/ros2_ws/install/rtabmap
- /opt/ros/humble
- /home/group7/Desktop/VIO_autonomous_drone/ros2_ws/install/rtabmap_conversions
- /opt/ros/humble
- /opt/ros/humble
- /opt/ros/humble
- /home/group7/Desktop/VIO_autonomous_drone/ros2_ws/install/rtabmap_util
- /home/group7/Desktop/VIO_autonomous_drone/ros2_ws/install/rtabmap_viz
- /home/group7/Desktop/VIO_autonomous_drone/ros2_ws/install/rtabmap_odom
- /home/group7/Desktop/VIO_autonomous_drone/ros2_ws/install/rtabmap_slam
- /opt/ros/humble
- /opt/ros/humble
- /opt/ros/humble
- /home/group7/Desktop/VIO_autonomous_drone/ros2_ws/install/rtabmap_ros
To suppress this warning ignore these packages in the workspace:
--packages-ignore cv_bridge depthai_descriptions depthai_ros_msgs image_geometry rtabmap_costmap_plugins rtabmap_msgs rtabmap_python depthai_bridge rtabmap depthai_examples rtabmap_conversions depthai_ros_driver rtabmap_rviz_plugins rtabmap_sync rtabmap_util rtabmap_viz rtabmap_odom rtabmap_slam rtabmap_demos rtabmap_examples rtabmap_launch rtabmap_ros
[2.849s] INFO:colcon.colcon_core.task.python.build:Building Python package in '/home/group7/Desktop/VIO_autonomous_drone/ros2_ws/src/vio_perception_pipeline'
[2.850s] INFO:colcon.colcon_core.shell:Skip shell extension 'powershell' for command environment: Not usable outside of PowerShell
[2.850s] DEBUG:colcon.colcon_core.shell:Skip shell extension 'dsv' for command environment
[3.999s] DEBUG:colcon.colcon_core.event_handler.log_command:Invoking command in '/home/group7/Desktop/VIO_autonomous_drone/ros2_ws/src/vio_perception_pipeline': PYTHONPATH=/home/group7/Desktop/VIO_autonomous_drone/build/vio_perception_pipeline/prefix_override:/usr/lib/python3/dist-packages/colcon_core/task/python/colcon_distutils_commands:/home/group7/Desktop/VIO_autonomous_drone/install/vio_perception_pipeline/lib/python3.10/site-packages:${PYTHONPATH} /usr/bin/python3 -W ignore:setup.py install is deprecated -W ignore:easy_install command is deprecated setup.py egg_info --egg-base ../../../build/vio_perception_pipeline build --build-base /home/group7/Desktop/VIO_autonomous_drone/build/vio_perception_pipeline/build install --record /home/group7/Desktop/VIO_autonomous_drone/build/vio_perception_pipeline/install.log --single-version-externally-managed install_data
[4.708s] DEBUG:colcon.colcon_core.event_handler.log_command:Invoked command in '/home/group7/Desktop/VIO_autonomous_drone/ros2_ws/src/vio_perception_pipeline' returned '0': PYTHONPATH=/home/group7/Desktop/VIO_autonomous_drone/build/vio_perception_pipeline/prefix_override:/usr/lib/python3/dist-packages/colcon_core/task/python/colcon_distutils_commands:/home/group7/Desktop/VIO_autonomous_drone/install/vio_perception_pipeline/lib/python3.10/site-packages:${PYTHONPATH} /usr/bin/python3 -W ignore:setup.py install is deprecated -W ignore:easy_install command is deprecated setup.py egg_info --egg-base ../../../build/vio_perception_pipeline build --build-base /home/group7/Desktop/VIO_autonomous_drone/build/vio_perception_pipeline/build install --record /home/group7/Desktop/VIO_autonomous_drone/build/vio_perception_pipeline/install.log --single-version-externally-managed install_data
[4.727s] Level 1:colcon.colcon_core.environment:checking '/home/group7/Desktop/VIO_autonomous_drone/install/vio_perception_pipeline' for CMake module files
[4.729s] Level 1:colcon.colcon_core.environment:checking '/home/group7/Desktop/VIO_autonomous_drone/install/vio_perception_pipeline' for CMake config files
[4.731s] Level 1:colcon.colcon_core.environment:checking '/home/group7/Desktop/VIO_autonomous_drone/install/vio_perception_pipeline/lib'
[4.731s] Level 1:colcon.colcon_core.environment:checking '/home/group7/Desktop/VIO_autonomous_drone/install/vio_perception_pipeline/bin'
[4.731s] Level 1:colcon.colcon_core.environment:checking '/home/group7/Desktop/VIO_autonomous_drone/install/vio_perception_pipeline/lib/pkgconfig/vio_perception_pipeline.pc'
[4.732s] Level 1:colcon.colcon_core.environment:checking '/home/group7/Desktop/VIO_autonomous_drone/install/vio_perception_pipeline/lib/python3.10/site-packages'
[4.732s] Level 1:colcon.colcon_core.shell:create_environment_hook('vio_perception_pipeline', 'pythonpath')
[4.733s] INFO:colcon.colcon_core.shell:Creating environment hook '/home/group7/Desktop/VIO_autonomous_drone/install/vio_perception_pipeline/share/vio_perception_pipeline/hook/pythonpath.ps1'
[4.734s] INFO:colcon.colcon_core.shell:Creating environment descriptor '/home/group7/Desktop/VIO_autonomous_drone/install/vio_perception_pipeline/share/vio_perception_pipeline/hook/pythonpath.dsv'
[4.735s] INFO:colcon.colcon_core.shell:Creating environment hook '/home/group7/Desktop/VIO_autonomous_drone/install/vio_perception_pipeline/share/vio_perception_pipeline/hook/pythonpath.sh'
[4.736s] Level 1:colcon.colcon_core.environment:checking '/home/group7/Desktop/VIO_autonomous_drone/install/vio_perception_pipeline/bin'
[4.736s] Level 1:colcon.colcon_core.environment:create_environment_scripts_only(vio_perception_pipeline)
[4.737s] INFO:colcon.colcon_core.shell:Creating package script '/home/group7/Desktop/VIO_autonomous_drone/install/vio_perception_pipeline/share/vio_perception_pipeline/package.ps1'
[4.742s] INFO:colcon.colcon_core.shell:Creating package descriptor '/home/group7/Desktop/VIO_autonomous_drone/install/vio_perception_pipeline/share/vio_perception_pipeline/package.dsv'
[4.745s] INFO:colcon.colcon_core.shell:Creating package script '/home/group7/Desktop/VIO_autonomous_drone/install/vio_perception_pipeline/share/vio_perception_pipeline/package.sh'
[4.748s] INFO:colcon.colcon_core.shell:Creating package script '/home/group7/Desktop/VIO_autonomous_drone/install/vio_perception_pipeline/share/vio_perception_pipeline/package.bash'
[4.752s] INFO:colcon.colcon_core.shell:Creating package script '/home/group7/Desktop/VIO_autonomous_drone/install/vio_perception_pipeline/share/vio_perception_pipeline/package.zsh'
[4.755s] Level 1:colcon.colcon_core.environment:create_file_with_runtime_dependencies(/home/group7/Desktop/VIO_autonomous_drone/install/vio_perception_pipeline/share/colcon-core/packages/vio_perception_pipeline)
[4.757s] DEBUG:colcon.colcon_parallel_executor.executor.parallel:closing loop
[4.759s] DEBUG:colcon.colcon_parallel_executor.executor.parallel:loop closed
[4.760s] DEBUG:colcon.colcon_parallel_executor.executor.parallel:run_until_complete finished with '0'
[4.760s] DEBUG:colcon.colcon_core.event_reactor:joining thread
[4.797s] INFO:colcon.colcon_core.plugin_system:Skipping extension 'colcon_notification.desktop_notification.terminal_notifier': Not used on non-Darwin systems
[4.797s] INFO:colcon.colcon_core.plugin_system:Skipping extension 'colcon_notification.desktop_notification.win32': Not used on non-Windows systems
[4.797s] INFO:colcon.colcon_notification.desktop_notification:Sending desktop notification using 'notify2'
[4.908s] DEBUG:colcon.colcon_core.event_reactor:joined thread
[4.910s] INFO:colcon.colcon_core.shell:Creating prefix script '/home/group7/Desktop/VIO_autonomous_drone/install/local_setup.ps1'
[4.915s] INFO:colcon.colcon_core.shell:Creating prefix util module '/home/group7/Desktop/VIO_autonomous_drone/install/_local_setup_util_ps1.py'
[4.921s] INFO:colcon.colcon_core.shell:Creating prefix chain script '/home/group7/Desktop/VIO_autonomous_drone/install/setup.ps1'
[4.929s] INFO:colcon.colcon_core.shell:Creating prefix script '/home/group7/Desktop/VIO_autonomous_drone/install/local_setup.sh'
[4.931s] INFO:colcon.colcon_core.shell:Creating prefix util module '/home/group7/Desktop/VIO_autonomous_drone/install/_local_setup_util_sh.py'
[4.933s] INFO:colcon.colcon_core.shell:Creating prefix chain script '/home/group7/Desktop/VIO_autonomous_drone/install/setup.sh'
[4.940s] INFO:colcon.colcon_core.shell:Creating prefix script '/home/group7/Desktop/VIO_autonomous_drone/install/local_setup.bash'
[4.942s] INFO:colcon.colcon_core.shell:Creating prefix chain script '/home/group7/Desktop/VIO_autonomous_drone/install/setup.bash'
[4.949s] INFO:colcon.colcon_core.shell:Creating prefix script '/home/group7/Desktop/VIO_autonomous_drone/install/local_setup.zsh'
[4.951s] INFO:colcon.colcon_core.shell:Creating prefix chain script '/home/group7/Desktop/VIO_autonomous_drone/install/setup.zsh'
