[0.288s] DEBUG:colcon:Command line arguments: ['/usr/bin/colcon', 'build', '--packages-select', 'vio_perception_pipeline', '--symlink-install']
[0.289s] DEBUG:colcon:Parsed command line arguments: Namespace(log_base=None, log_level=None, verb_name='build', build_base='build', install_base='install', merge_install=False, symlink_install=True, test_result_base=None, continue_on_error=False, executor='parallel', parallel_workers=6, event_handlers=None, ignore_user_meta=False, metas=['./colcon.meta'], base_paths=['.'], packages_ignore=None, packages_ignore_regex=None, paths=None, packages_up_to=None, packages_up_to_regex=None, packages_above=None, packages_above_and_dependencies=None, packages_above_depth=None, packages_select_by_dep=None, packages_skip_by_dep=None, packages_skip_up_to=None, packages_select_build_failed=False, packages_skip_build_finished=False, packages_select_test_failures=False, packages_skip_test_passed=False, packages_select=['vio_perception_pipeline'], packages_skip=None, packages_select_regex=None, packages_skip_regex=None, packages_start=None, packages_end=None, allow_overriding=[], cmake_args=None, cmake_target=None, cmake_target_skip_unavailable=False, cmake_clean_cache=False, cmake_clean_first=False, cmake_force_configure=False, ament_cmake_args=None, catkin_cmake_args=None, catkin_skip_building_tests=False, mixin_files=None, mixin=None, verb_parser=<colcon_mixin.mixin.mixin_argument.MixinArgumentDecorator object at 0xffff87fe5f00>, verb_extension=<colcon_core.verb.build.BuildVerb object at 0xffff88268220>, main=<bound method BuildVerb.main of <colcon_core.verb.build.BuildVerb object at 0xffff88268220>>, mixin_verb=('build',))
[0.671s] Level 1:colcon.colcon_core.package_discovery:discover_packages(colcon_meta) check parameters
[0.672s] Level 1:colcon.colcon_core.package_discovery:discover_packages(recursive) check parameters
[0.672s] Level 1:colcon.colcon_core.package_discovery:discover_packages(ignore) check parameters
[0.672s] Level 1:colcon.colcon_core.package_discovery:discover_packages(path) check parameters
[0.672s] Level 1:colcon.colcon_core.package_discovery:discover_packages(colcon_meta) discover
[0.672s] Level 1:colcon.colcon_core.package_discovery:discover_packages(recursive) discover
[0.672s] INFO:colcon.colcon_core.package_discovery:Crawling recursively for packages in '/home/group7/Desktop/VIO_autonomous_drone/ros2_ws'
[0.673s] Level 1:colcon.colcon_core.package_identification:_identify(.) by extensions ['ignore', 'ignore_ament_install']
[0.700s] Level 1:colcon.colcon_core.package_identification:_identify(.) by extension 'ignore'
[0.700s] Level 1:colcon.colcon_core.package_identification:_identify(.) by extension 'ignore_ament_install'
[0.701s] Level 1:colcon.colcon_core.package_identification:_identify(.) by extensions ['colcon_pkg']
[0.701s] Level 1:colcon.colcon_core.package_identification:_identify(.) by extension 'colcon_pkg'
[0.701s] Level 1:colcon.colcon_core.package_identification:_identify(.) by extensions ['colcon_meta']
[0.701s] Level 1:colcon.colcon_core.package_identification:_identify(.) by extension 'colcon_meta'
[0.701s] Level 1:colcon.colcon_core.package_identification:_identify(.) by extensions ['ros']
[0.701s] Level 1:colcon.colcon_core.package_identification:_identify(.) by extension 'ros'
[0.724s] Level 1:colcon.colcon_core.package_identification:_identify(.) by extensions ['cmake', 'python']
[0.724s] Level 1:colcon.colcon_core.package_identification:_identify(.) by extension 'cmake'
[0.725s] Level 1:colcon.colcon_core.package_identification:_identify(.) by extension 'python'
[0.725s] Level 1:colcon.colcon_core.package_identification:_identify(.) by extensions ['python_setup_py']
[0.725s] Level 1:colcon.colcon_core.package_identification:_identify(.) by extension 'python_setup_py'
[0.725s] Level 1:colcon.colcon_core.package_identification:_identify(build) by extensions ['ignore', 'ignore_ament_install']
[0.725s] Level 1:colcon.colcon_core.package_identification:_identify(build) by extension 'ignore'
[0.726s] Level 1:colcon.colcon_core.package_identification:_identify(build) ignored
[0.726s] Level 1:colcon.colcon_core.package_identification:_identify(install) by extensions ['ignore', 'ignore_ament_install']
[0.726s] Level 1:colcon.colcon_core.package_identification:_identify(install) by extension 'ignore'
[0.726s] Level 1:colcon.colcon_core.package_identification:_identify(install) ignored
[0.726s] Level 1:colcon.colcon_core.package_identification:_identify(log) by extensions ['ignore', 'ignore_ament_install']
[0.727s] Level 1:colcon.colcon_core.package_identification:_identify(log) by extension 'ignore'
[0.727s] Level 1:colcon.colcon_core.package_identification:_identify(log) ignored
[0.727s] Level 1:colcon.colcon_core.package_identification:_identify(rtabmap_odom_cuda) by extensions ['ignore', 'ignore_ament_install']
[0.727s] Level 1:colcon.colcon_core.package_identification:_identify(rtabmap_odom_cuda) by extension 'ignore'
[0.727s] Level 1:colcon.colcon_core.package_identification:_identify(rtabmap_odom_cuda) by extension 'ignore_ament_install'
[0.727s] Level 1:colcon.colcon_core.package_identification:_identify(rtabmap_odom_cuda) by extensions ['colcon_pkg']
[0.727s] Level 1:colcon.colcon_core.package_identification:_identify(rtabmap_odom_cuda) by extension 'colcon_pkg'
[0.728s] Level 1:colcon.colcon_core.package_identification:_identify(rtabmap_odom_cuda) by extensions ['colcon_meta']
[0.728s] Level 1:colcon.colcon_core.package_identification:_identify(rtabmap_odom_cuda) by extension 'colcon_meta'
[0.728s] Level 1:colcon.colcon_core.package_identification:_identify(rtabmap_odom_cuda) by extensions ['ros']
[0.728s] Level 1:colcon.colcon_core.package_identification:_identify(rtabmap_odom_cuda) by extension 'ros'
[0.735s] DEBUG:colcon.colcon_core.package_identification:Package 'rtabmap_odom_cuda' with type 'ros.ament_cmake' and name 'rtabmap_odom_cuda'
[0.735s] Level 1:colcon.colcon_core.package_identification:_identify(src) by extensions ['ignore', 'ignore_ament_install']
[0.735s] Level 1:colcon.colcon_core.package_identification:_identify(src) by extension 'ignore'
[0.736s] Level 1:colcon.colcon_core.package_identification:_identify(src) by extension 'ignore_ament_install'
[0.736s] Level 1:colcon.colcon_core.package_identification:_identify(src) by extensions ['colcon_pkg']
[0.736s] Level 1:colcon.colcon_core.package_identification:_identify(src) by extension 'colcon_pkg'
[0.736s] Level 1:colcon.colcon_core.package_identification:_identify(src) by extensions ['colcon_meta']
[0.736s] Level 1:colcon.colcon_core.package_identification:_identify(src) by extension 'colcon_meta'
[0.736s] Level 1:colcon.colcon_core.package_identification:_identify(src) by extensions ['ros']
[0.736s] Level 1:colcon.colcon_core.package_identification:_identify(src) by extension 'ros'
[0.736s] Level 1:colcon.colcon_core.package_identification:_identify(src) by extensions ['cmake', 'python']
[0.736s] Level 1:colcon.colcon_core.package_identification:_identify(src) by extension 'cmake'
[0.737s] Level 1:colcon.colcon_core.package_identification:_identify(src) by extension 'python'
[0.737s] Level 1:colcon.colcon_core.package_identification:_identify(src) by extensions ['python_setup_py']
[0.737s] Level 1:colcon.colcon_core.package_identification:_identify(src) by extension 'python_setup_py'
[0.737s] Level 1:colcon.colcon_core.package_identification:_identify(src/VINS-Fusion-ROS2-humble) by extensions ['ignore', 'ignore_ament_install']
[0.737s] Level 1:colcon.colcon_core.package_identification:_identify(src/VINS-Fusion-ROS2-humble) by extension 'ignore'
[0.737s] Level 1:colcon.colcon_core.package_identification:_identify(src/VINS-Fusion-ROS2-humble) by extension 'ignore_ament_install'
[0.737s] Level 1:colcon.colcon_core.package_identification:_identify(src/VINS-Fusion-ROS2-humble) by extensions ['colcon_pkg']
[0.737s] Level 1:colcon.colcon_core.package_identification:_identify(src/VINS-Fusion-ROS2-humble) by extension 'colcon_pkg'
[0.737s] Level 1:colcon.colcon_core.package_identification:_identify(src/VINS-Fusion-ROS2-humble) by extensions ['colcon_meta']
[0.738s] Level 1:colcon.colcon_core.package_identification:_identify(src/VINS-Fusion-ROS2-humble) by extension 'colcon_meta'
[0.738s] Level 1:colcon.colcon_core.package_identification:_identify(src/VINS-Fusion-ROS2-humble) by extensions ['ros']
[0.738s] Level 1:colcon.colcon_core.package_identification:_identify(src/VINS-Fusion-ROS2-humble) by extension 'ros'
[0.738s] Level 1:colcon.colcon_core.package_identification:_identify(src/VINS-Fusion-ROS2-humble) by extensions ['cmake', 'python']
[0.738s] Level 1:colcon.colcon_core.package_identification:_identify(src/VINS-Fusion-ROS2-humble) by extension 'cmake'
[0.738s] Level 1:colcon.colcon_core.package_identification:_identify(src/VINS-Fusion-ROS2-humble) by extension 'python'
[0.738s] Level 1:colcon.colcon_core.package_identification:_identify(src/VINS-Fusion-ROS2-humble) by extensions ['python_setup_py']
[0.738s] Level 1:colcon.colcon_core.package_identification:_identify(src/VINS-Fusion-ROS2-humble) by extension 'python_setup_py'
[0.738s] Level 1:colcon.colcon_core.package_identification:_identify(src/VINS-Fusion-ROS2-humble/camera_models) by extensions ['ignore', 'ignore_ament_install']
[0.739s] Level 1:colcon.colcon_core.package_identification:_identify(src/VINS-Fusion-ROS2-humble/camera_models) by extension 'ignore'
[0.739s] Level 1:colcon.colcon_core.package_identification:_identify(src/VINS-Fusion-ROS2-humble/camera_models) by extension 'ignore_ament_install'
[0.739s] Level 1:colcon.colcon_core.package_identification:_identify(src/VINS-Fusion-ROS2-humble/camera_models) by extensions ['colcon_pkg']
[0.739s] Level 1:colcon.colcon_core.package_identification:_identify(src/VINS-Fusion-ROS2-humble/camera_models) by extension 'colcon_pkg'
[0.739s] Level 1:colcon.colcon_core.package_identification:_identify(src/VINS-Fusion-ROS2-humble/camera_models) by extensions ['colcon_meta']
[0.739s] Level 1:colcon.colcon_core.package_identification:_identify(src/VINS-Fusion-ROS2-humble/camera_models) by extension 'colcon_meta'
[0.739s] Level 1:colcon.colcon_core.package_identification:_identify(src/VINS-Fusion-ROS2-humble/camera_models) by extensions ['ros']
[0.739s] Level 1:colcon.colcon_core.package_identification:_identify(src/VINS-Fusion-ROS2-humble/camera_models) by extension 'ros'
[0.741s] DEBUG:colcon.colcon_core.package_identification:Package 'src/VINS-Fusion-ROS2-humble/camera_models' with type 'ros.ament_cmake' and name 'camera_models'
[0.741s] Level 1:colcon.colcon_core.package_identification:_identify(src/VINS-Fusion-ROS2-humble/config) by extensions ['ignore', 'ignore_ament_install']
[0.741s] Level 1:colcon.colcon_core.package_identification:_identify(src/VINS-Fusion-ROS2-humble/config) by extension 'ignore'
[0.741s] Level 1:colcon.colcon_core.package_identification:_identify(src/VINS-Fusion-ROS2-humble/config) by extension 'ignore_ament_install'
[0.741s] Level 1:colcon.colcon_core.package_identification:_identify(src/VINS-Fusion-ROS2-humble/config) by extensions ['colcon_pkg']
[0.741s] Level 1:colcon.colcon_core.package_identification:_identify(src/VINS-Fusion-ROS2-humble/config) by extension 'colcon_pkg'
[0.742s] Level 1:colcon.colcon_core.package_identification:_identify(src/VINS-Fusion-ROS2-humble/config) by extensions ['colcon_meta']
[0.742s] Level 1:colcon.colcon_core.package_identification:_identify(src/VINS-Fusion-ROS2-humble/config) by extension 'colcon_meta'
[0.742s] Level 1:colcon.colcon_core.package_identification:_identify(src/VINS-Fusion-ROS2-humble/config) by extensions ['ros']
[0.742s] Level 1:colcon.colcon_core.package_identification:_identify(src/VINS-Fusion-ROS2-humble/config) by extension 'ros'
[0.742s] Level 1:colcon.colcon_core.package_identification:_identify(src/VINS-Fusion-ROS2-humble/config) by extensions ['cmake', 'python']
[0.742s] Level 1:colcon.colcon_core.package_identification:_identify(src/VINS-Fusion-ROS2-humble/config) by extension 'cmake'
[0.742s] Level 1:colcon.colcon_core.package_identification:_identify(src/VINS-Fusion-ROS2-humble/config) by extension 'python'
[0.742s] Level 1:colcon.colcon_core.package_identification:_identify(src/VINS-Fusion-ROS2-humble/config) by extensions ['python_setup_py']
[0.742s] Level 1:colcon.colcon_core.package_identification:_identify(src/VINS-Fusion-ROS2-humble/config) by extension 'python_setup_py'
[0.743s] Level 1:colcon.colcon_core.package_identification:_identify(src/VINS-Fusion-ROS2-humble/config/A3_ptgrey) by extensions ['ignore', 'ignore_ament_install']
[0.743s] Level 1:colcon.colcon_core.package_identification:_identify(src/VINS-Fusion-ROS2-humble/config/A3_ptgrey) by extension 'ignore'
[0.743s] Level 1:colcon.colcon_core.package_identification:_identify(src/VINS-Fusion-ROS2-humble/config/A3_ptgrey) by extension 'ignore_ament_install'
[0.743s] Level 1:colcon.colcon_core.package_identification:_identify(src/VINS-Fusion-ROS2-humble/config/A3_ptgrey) by extensions ['colcon_pkg']
[0.743s] Level 1:colcon.colcon_core.package_identification:_identify(src/VINS-Fusion-ROS2-humble/config/A3_ptgrey) by extension 'colcon_pkg'
[0.743s] Level 1:colcon.colcon_core.package_identification:_identify(src/VINS-Fusion-ROS2-humble/config/A3_ptgrey) by extensions ['colcon_meta']
[0.743s] Level 1:colcon.colcon_core.package_identification:_identify(src/VINS-Fusion-ROS2-humble/config/A3_ptgrey) by extension 'colcon_meta'
[0.743s] Level 1:colcon.colcon_core.package_identification:_identify(src/VINS-Fusion-ROS2-humble/config/A3_ptgrey) by extensions ['ros']
[0.743s] Level 1:colcon.colcon_core.package_identification:_identify(src/VINS-Fusion-ROS2-humble/config/A3_ptgrey) by extension 'ros'
[0.744s] Level 1:colcon.colcon_core.package_identification:_identify(src/VINS-Fusion-ROS2-humble/config/A3_ptgrey) by extensions ['cmake', 'python']
[0.744s] Level 1:colcon.colcon_core.package_identification:_identify(src/VINS-Fusion-ROS2-humble/config/A3_ptgrey) by extension 'cmake'
[0.744s] Level 1:colcon.colcon_core.package_identification:_identify(src/VINS-Fusion-ROS2-humble/config/A3_ptgrey) by extension 'python'
[0.744s] Level 1:colcon.colcon_core.package_identification:_identify(src/VINS-Fusion-ROS2-humble/config/A3_ptgrey) by extensions ['python_setup_py']
[0.744s] Level 1:colcon.colcon_core.package_identification:_identify(src/VINS-Fusion-ROS2-humble/config/A3_ptgrey) by extension 'python_setup_py'
[0.744s] Level 1:colcon.colcon_core.package_identification:_identify(src/VINS-Fusion-ROS2-humble/config/euroc) by extensions ['ignore', 'ignore_ament_install']
[0.744s] Level 1:colcon.colcon_core.package_identification:_identify(src/VINS-Fusion-ROS2-humble/config/euroc) by extension 'ignore'
[0.744s] Level 1:colcon.colcon_core.package_identification:_identify(src/VINS-Fusion-ROS2-humble/config/euroc) by extension 'ignore_ament_install'
[0.745s] Level 1:colcon.colcon_core.package_identification:_identify(src/VINS-Fusion-ROS2-humble/config/euroc) by extensions ['colcon_pkg']
[0.745s] Level 1:colcon.colcon_core.package_identification:_identify(src/VINS-Fusion-ROS2-humble/config/euroc) by extension 'colcon_pkg'
[0.745s] Level 1:colcon.colcon_core.package_identification:_identify(src/VINS-Fusion-ROS2-humble/config/euroc) by extensions ['colcon_meta']
[0.745s] Level 1:colcon.colcon_core.package_identification:_identify(src/VINS-Fusion-ROS2-humble/config/euroc) by extension 'colcon_meta'
[0.745s] Level 1:colcon.colcon_core.package_identification:_identify(src/VINS-Fusion-ROS2-humble/config/euroc) by extensions ['ros']
[0.745s] Level 1:colcon.colcon_core.package_identification:_identify(src/VINS-Fusion-ROS2-humble/config/euroc) by extension 'ros'
[0.745s] Level 1:colcon.colcon_core.package_identification:_identify(src/VINS-Fusion-ROS2-humble/config/euroc) by extensions ['cmake', 'python']
[0.745s] Level 1:colcon.colcon_core.package_identification:_identify(src/VINS-Fusion-ROS2-humble/config/euroc) by extension 'cmake'
[0.745s] Level 1:colcon.colcon_core.package_identification:_identify(src/VINS-Fusion-ROS2-humble/config/euroc) by extension 'python'
[0.745s] Level 1:colcon.colcon_core.package_identification:_identify(src/VINS-Fusion-ROS2-humble/config/euroc) by extensions ['python_setup_py']
[0.745s] Level 1:colcon.colcon_core.package_identification:_identify(src/VINS-Fusion-ROS2-humble/config/euroc) by extension 'python_setup_py'
[0.746s] Level 1:colcon.colcon_core.package_identification:_identify(src/VINS-Fusion-ROS2-humble/config/kitti_odom) by extensions ['ignore', 'ignore_ament_install']
[0.746s] Level 1:colcon.colcon_core.package_identification:_identify(src/VINS-Fusion-ROS2-humble/config/kitti_odom) by extension 'ignore'
[0.746s] Level 1:colcon.colcon_core.package_identification:_identify(src/VINS-Fusion-ROS2-humble/config/kitti_odom) by extension 'ignore_ament_install'
[0.746s] Level 1:colcon.colcon_core.package_identification:_identify(src/VINS-Fusion-ROS2-humble/config/kitti_odom) by extensions ['colcon_pkg']
[0.746s] Level 1:colcon.colcon_core.package_identification:_identify(src/VINS-Fusion-ROS2-humble/config/kitti_odom) by extension 'colcon_pkg'
[0.746s] Level 1:colcon.colcon_core.package_identification:_identify(src/VINS-Fusion-ROS2-humble/config/kitti_odom) by extensions ['colcon_meta']
[0.746s] Level 1:colcon.colcon_core.package_identification:_identify(src/VINS-Fusion-ROS2-humble/config/kitti_odom) by extension 'colcon_meta'
[0.746s] Level 1:colcon.colcon_core.package_identification:_identify(src/VINS-Fusion-ROS2-humble/config/kitti_odom) by extensions ['ros']
[0.746s] Level 1:colcon.colcon_core.package_identification:_identify(src/VINS-Fusion-ROS2-humble/config/kitti_odom) by extension 'ros'
[0.747s] Level 1:colcon.colcon_core.package_identification:_identify(src/VINS-Fusion-ROS2-humble/config/kitti_odom) by extensions ['cmake', 'python']
[0.747s] Level 1:colcon.colcon_core.package_identification:_identify(src/VINS-Fusion-ROS2-humble/config/kitti_odom) by extension 'cmake'
[0.747s] Level 1:colcon.colcon_core.package_identification:_identify(src/VINS-Fusion-ROS2-humble/config/kitti_odom) by extension 'python'
[0.747s] Level 1:colcon.colcon_core.package_identification:_identify(src/VINS-Fusion-ROS2-humble/config/kitti_odom) by extensions ['python_setup_py']
[0.747s] Level 1:colcon.colcon_core.package_identification:_identify(src/VINS-Fusion-ROS2-humble/config/kitti_odom) by extension 'python_setup_py'
[0.747s] Level 1:colcon.colcon_core.package_identification:_identify(src/VINS-Fusion-ROS2-humble/config/kitti_raw) by extensions ['ignore', 'ignore_ament_install']
[0.747s] Level 1:colcon.colcon_core.package_identification:_identify(src/VINS-Fusion-ROS2-humble/config/kitti_raw) by extension 'ignore'
[0.747s] Level 1:colcon.colcon_core.package_identification:_identify(src/VINS-Fusion-ROS2-humble/config/kitti_raw) by extension 'ignore_ament_install'
[0.748s] Level 1:colcon.colcon_core.package_identification:_identify(src/VINS-Fusion-ROS2-humble/config/kitti_raw) by extensions ['colcon_pkg']
[0.748s] Level 1:colcon.colcon_core.package_identification:_identify(src/VINS-Fusion-ROS2-humble/config/kitti_raw) by extension 'colcon_pkg'
[0.748s] Level 1:colcon.colcon_core.package_identification:_identify(src/VINS-Fusion-ROS2-humble/config/kitti_raw) by extensions ['colcon_meta']
[0.748s] Level 1:colcon.colcon_core.package_identification:_identify(src/VINS-Fusion-ROS2-humble/config/kitti_raw) by extension 'colcon_meta'
[0.748s] Level 1:colcon.colcon_core.package_identification:_identify(src/VINS-Fusion-ROS2-humble/config/kitti_raw) by extensions ['ros']
[0.748s] Level 1:colcon.colcon_core.package_identification:_identify(src/VINS-Fusion-ROS2-humble/config/kitti_raw) by extension 'ros'
[0.748s] Level 1:colcon.colcon_core.package_identification:_identify(src/VINS-Fusion-ROS2-humble/config/kitti_raw) by extensions ['cmake', 'python']
[0.748s] Level 1:colcon.colcon_core.package_identification:_identify(src/VINS-Fusion-ROS2-humble/config/kitti_raw) by extension 'cmake'
[0.748s] Level 1:colcon.colcon_core.package_identification:_identify(src/VINS-Fusion-ROS2-humble/config/kitti_raw) by extension 'python'
[0.748s] Level 1:colcon.colcon_core.package_identification:_identify(src/VINS-Fusion-ROS2-humble/config/kitti_raw) by extensions ['python_setup_py']
[0.748s] Level 1:colcon.colcon_core.package_identification:_identify(src/VINS-Fusion-ROS2-humble/config/kitti_raw) by extension 'python_setup_py'
[0.749s] Level 1:colcon.colcon_core.package_identification:_identify(src/VINS-Fusion-ROS2-humble/config/mynteye) by extensions ['ignore', 'ignore_ament_install']
[0.749s] Level 1:colcon.colcon_core.package_identification:_identify(src/VINS-Fusion-ROS2-humble/config/mynteye) by extension 'ignore'
[0.749s] Level 1:colcon.colcon_core.package_identification:_identify(src/VINS-Fusion-ROS2-humble/config/mynteye) by extension 'ignore_ament_install'
[0.749s] Level 1:colcon.colcon_core.package_identification:_identify(src/VINS-Fusion-ROS2-humble/config/mynteye) by extensions ['colcon_pkg']
[0.749s] Level 1:colcon.colcon_core.package_identification:_identify(src/VINS-Fusion-ROS2-humble/config/mynteye) by extension 'colcon_pkg'
[0.749s] Level 1:colcon.colcon_core.package_identification:_identify(src/VINS-Fusion-ROS2-humble/config/mynteye) by extensions ['colcon_meta']
[0.749s] Level 1:colcon.colcon_core.package_identification:_identify(src/VINS-Fusion-ROS2-humble/config/mynteye) by extension 'colcon_meta'
[0.749s] Level 1:colcon.colcon_core.package_identification:_identify(src/VINS-Fusion-ROS2-humble/config/mynteye) by extensions ['ros']
[0.750s] Level 1:colcon.colcon_core.package_identification:_identify(src/VINS-Fusion-ROS2-humble/config/mynteye) by extension 'ros'
[0.750s] Level 1:colcon.colcon_core.package_identification:_identify(src/VINS-Fusion-ROS2-humble/config/mynteye) by extensions ['cmake', 'python']
[0.750s] Level 1:colcon.colcon_core.package_identification:_identify(src/VINS-Fusion-ROS2-humble/config/mynteye) by extension 'cmake'
[0.750s] Level 1:colcon.colcon_core.package_identification:_identify(src/VINS-Fusion-ROS2-humble/config/mynteye) by extension 'python'
[0.750s] Level 1:colcon.colcon_core.package_identification:_identify(src/VINS-Fusion-ROS2-humble/config/mynteye) by extensions ['python_setup_py']
[0.750s] Level 1:colcon.colcon_core.package_identification:_identify(src/VINS-Fusion-ROS2-humble/config/mynteye) by extension 'python_setup_py'
[0.750s] Level 1:colcon.colcon_core.package_identification:_identify(src/VINS-Fusion-ROS2-humble/config/realsense_d435i) by extensions ['ignore', 'ignore_ament_install']
[0.750s] Level 1:colcon.colcon_core.package_identification:_identify(src/VINS-Fusion-ROS2-humble/config/realsense_d435i) by extension 'ignore'
[0.751s] Level 1:colcon.colcon_core.package_identification:_identify(src/VINS-Fusion-ROS2-humble/config/realsense_d435i) by extension 'ignore_ament_install'
[0.751s] Level 1:colcon.colcon_core.package_identification:_identify(src/VINS-Fusion-ROS2-humble/config/realsense_d435i) by extensions ['colcon_pkg']
[0.751s] Level 1:colcon.colcon_core.package_identification:_identify(src/VINS-Fusion-ROS2-humble/config/realsense_d435i) by extension 'colcon_pkg'
[0.751s] Level 1:colcon.colcon_core.package_identification:_identify(src/VINS-Fusion-ROS2-humble/config/realsense_d435i) by extensions ['colcon_meta']
[0.751s] Level 1:colcon.colcon_core.package_identification:_identify(src/VINS-Fusion-ROS2-humble/config/realsense_d435i) by extension 'colcon_meta'
[0.751s] Level 1:colcon.colcon_core.package_identification:_identify(src/VINS-Fusion-ROS2-humble/config/realsense_d435i) by extensions ['ros']
[0.751s] Level 1:colcon.colcon_core.package_identification:_identify(src/VINS-Fusion-ROS2-humble/config/realsense_d435i) by extension 'ros'
[0.751s] Level 1:colcon.colcon_core.package_identification:_identify(src/VINS-Fusion-ROS2-humble/config/realsense_d435i) by extensions ['cmake', 'python']
[0.751s] Level 1:colcon.colcon_core.package_identification:_identify(src/VINS-Fusion-ROS2-humble/config/realsense_d435i) by extension 'cmake'
[0.751s] Level 1:colcon.colcon_core.package_identification:_identify(src/VINS-Fusion-ROS2-humble/config/realsense_d435i) by extension 'python'
[0.751s] Level 1:colcon.colcon_core.package_identification:_identify(src/VINS-Fusion-ROS2-humble/config/realsense_d435i) by extensions ['python_setup_py']
[0.752s] Level 1:colcon.colcon_core.package_identification:_identify(src/VINS-Fusion-ROS2-humble/config/realsense_d435i) by extension 'python_setup_py'
[0.752s] Level 1:colcon.colcon_core.package_identification:_identify(src/VINS-Fusion-ROS2-humble/config/simulation) by extensions ['ignore', 'ignore_ament_install']
[0.752s] Level 1:colcon.colcon_core.package_identification:_identify(src/VINS-Fusion-ROS2-humble/config/simulation) by extension 'ignore'
[0.752s] Level 1:colcon.colcon_core.package_identification:_identify(src/VINS-Fusion-ROS2-humble/config/simulation) by extension 'ignore_ament_install'
[0.752s] Level 1:colcon.colcon_core.package_identification:_identify(src/VINS-Fusion-ROS2-humble/config/simulation) by extensions ['colcon_pkg']
[0.752s] Level 1:colcon.colcon_core.package_identification:_identify(src/VINS-Fusion-ROS2-humble/config/simulation) by extension 'colcon_pkg'
[0.752s] Level 1:colcon.colcon_core.package_identification:_identify(src/VINS-Fusion-ROS2-humble/config/simulation) by extensions ['colcon_meta']
[0.752s] Level 1:colcon.colcon_core.package_identification:_identify(src/VINS-Fusion-ROS2-humble/config/simulation) by extension 'colcon_meta'
[0.752s] Level 1:colcon.colcon_core.package_identification:_identify(src/VINS-Fusion-ROS2-humble/config/simulation) by extensions ['ros']
[0.753s] Level 1:colcon.colcon_core.package_identification:_identify(src/VINS-Fusion-ROS2-humble/config/simulation) by extension 'ros'
[0.753s] Level 1:colcon.colcon_core.package_identification:_identify(src/VINS-Fusion-ROS2-humble/config/simulation) by extensions ['cmake', 'python']
[0.753s] Level 1:colcon.colcon_core.package_identification:_identify(src/VINS-Fusion-ROS2-humble/config/simulation) by extension 'cmake'
[0.753s] Level 1:colcon.colcon_core.package_identification:_identify(src/VINS-Fusion-ROS2-humble/config/simulation) by extension 'python'
[0.753s] Level 1:colcon.colcon_core.package_identification:_identify(src/VINS-Fusion-ROS2-humble/config/simulation) by extensions ['python_setup_py']
[0.753s] Level 1:colcon.colcon_core.package_identification:_identify(src/VINS-Fusion-ROS2-humble/config/simulation) by extension 'python_setup_py'
[0.753s] Level 1:colcon.colcon_core.package_identification:_identify(src/VINS-Fusion-ROS2-humble/config/vi_car) by extensions ['ignore', 'ignore_ament_install']
[0.753s] Level 1:colcon.colcon_core.package_identification:_identify(src/VINS-Fusion-ROS2-humble/config/vi_car) by extension 'ignore'
[0.754s] Level 1:colcon.colcon_core.package_identification:_identify(src/VINS-Fusion-ROS2-humble/config/vi_car) by extension 'ignore_ament_install'
[0.754s] Level 1:colcon.colcon_core.package_identification:_identify(src/VINS-Fusion-ROS2-humble/config/vi_car) by extensions ['colcon_pkg']
[0.754s] Level 1:colcon.colcon_core.package_identification:_identify(src/VINS-Fusion-ROS2-humble/config/vi_car) by extension 'colcon_pkg'
[0.754s] Level 1:colcon.colcon_core.package_identification:_identify(src/VINS-Fusion-ROS2-humble/config/vi_car) by extensions ['colcon_meta']
[0.754s] Level 1:colcon.colcon_core.package_identification:_identify(src/VINS-Fusion-ROS2-humble/config/vi_car) by extension 'colcon_meta'
[0.754s] Level 1:colcon.colcon_core.package_identification:_identify(src/VINS-Fusion-ROS2-humble/config/vi_car) by extensions ['ros']
[0.754s] Level 1:colcon.colcon_core.package_identification:_identify(src/VINS-Fusion-ROS2-humble/config/vi_car) by extension 'ros'
[0.754s] Level 1:colcon.colcon_core.package_identification:_identify(src/VINS-Fusion-ROS2-humble/config/vi_car) by extensions ['cmake', 'python']
[0.754s] Level 1:colcon.colcon_core.package_identification:_identify(src/VINS-Fusion-ROS2-humble/config/vi_car) by extension 'cmake'
[0.754s] Level 1:colcon.colcon_core.package_identification:_identify(src/VINS-Fusion-ROS2-humble/config/vi_car) by extension 'python'
[0.754s] Level 1:colcon.colcon_core.package_identification:_identify(src/VINS-Fusion-ROS2-humble/config/vi_car) by extensions ['python_setup_py']
[0.754s] Level 1:colcon.colcon_core.package_identification:_identify(src/VINS-Fusion-ROS2-humble/config/vi_car) by extension 'python_setup_py'
[0.755s] Level 1:colcon.colcon_core.package_identification:_identify(src/VINS-Fusion-ROS2-humble/docker) by extensions ['ignore', 'ignore_ament_install']
[0.755s] Level 1:colcon.colcon_core.package_identification:_identify(src/VINS-Fusion-ROS2-humble/docker) by extension 'ignore'
[0.755s] Level 1:colcon.colcon_core.package_identification:_identify(src/VINS-Fusion-ROS2-humble/docker) by extension 'ignore_ament_install'
[0.755s] Level 1:colcon.colcon_core.package_identification:_identify(src/VINS-Fusion-ROS2-humble/docker) by extensions ['colcon_pkg']
[0.755s] Level 1:colcon.colcon_core.package_identification:_identify(src/VINS-Fusion-ROS2-humble/docker) by extension 'colcon_pkg'
[0.755s] Level 1:colcon.colcon_core.package_identification:_identify(src/VINS-Fusion-ROS2-humble/docker) by extensions ['colcon_meta']
[0.755s] Level 1:colcon.colcon_core.package_identification:_identify(src/VINS-Fusion-ROS2-humble/docker) by extension 'colcon_meta'
[0.755s] Level 1:colcon.colcon_core.package_identification:_identify(src/VINS-Fusion-ROS2-humble/docker) by extensions ['ros']
[0.755s] Level 1:colcon.colcon_core.package_identification:_identify(src/VINS-Fusion-ROS2-humble/docker) by extension 'ros'
[0.756s] Level 1:colcon.colcon_core.package_identification:_identify(src/VINS-Fusion-ROS2-humble/docker) by extensions ['cmake', 'python']
[0.756s] Level 1:colcon.colcon_core.package_identification:_identify(src/VINS-Fusion-ROS2-humble/docker) by extension 'cmake'
[0.756s] Level 1:colcon.colcon_core.package_identification:_identify(src/VINS-Fusion-ROS2-humble/docker) by extension 'python'
[0.756s] Level 1:colcon.colcon_core.package_identification:_identify(src/VINS-Fusion-ROS2-humble/docker) by extensions ['python_setup_py']
[0.756s] Level 1:colcon.colcon_core.package_identification:_identify(src/VINS-Fusion-ROS2-humble/docker) by extension 'python_setup_py'
[0.756s] Level 1:colcon.colcon_core.package_identification:_identify(src/VINS-Fusion-ROS2-humble/global_fusion) by extensions ['ignore', 'ignore_ament_install']
[0.756s] Level 1:colcon.colcon_core.package_identification:_identify(src/VINS-Fusion-ROS2-humble/global_fusion) by extension 'ignore'
[0.756s] Level 1:colcon.colcon_core.package_identification:_identify(src/VINS-Fusion-ROS2-humble/global_fusion) by extension 'ignore_ament_install'
[0.756s] Level 1:colcon.colcon_core.package_identification:_identify(src/VINS-Fusion-ROS2-humble/global_fusion) by extensions ['colcon_pkg']
[0.757s] Level 1:colcon.colcon_core.package_identification:_identify(src/VINS-Fusion-ROS2-humble/global_fusion) by extension 'colcon_pkg'
[0.757s] Level 1:colcon.colcon_core.package_identification:_identify(src/VINS-Fusion-ROS2-humble/global_fusion) by extensions ['colcon_meta']
[0.757s] Level 1:colcon.colcon_core.package_identification:_identify(src/VINS-Fusion-ROS2-humble/global_fusion) by extension 'colcon_meta'
[0.757s] Level 1:colcon.colcon_core.package_identification:_identify(src/VINS-Fusion-ROS2-humble/global_fusion) by extensions ['ros']
[0.757s] Level 1:colcon.colcon_core.package_identification:_identify(src/VINS-Fusion-ROS2-humble/global_fusion) by extension 'ros'
[0.759s] DEBUG:colcon.colcon_core.package_identification:Package 'src/VINS-Fusion-ROS2-humble/global_fusion' with type 'ros.ament_cmake' and name 'global_fusion'
[0.759s] Level 1:colcon.colcon_core.package_identification:_identify(src/VINS-Fusion-ROS2-humble/loop_fusion) by extensions ['ignore', 'ignore_ament_install']
[0.759s] Level 1:colcon.colcon_core.package_identification:_identify(src/VINS-Fusion-ROS2-humble/loop_fusion) by extension 'ignore'
[0.759s] Level 1:colcon.colcon_core.package_identification:_identify(src/VINS-Fusion-ROS2-humble/loop_fusion) by extension 'ignore_ament_install'
[0.759s] Level 1:colcon.colcon_core.package_identification:_identify(src/VINS-Fusion-ROS2-humble/loop_fusion) by extensions ['colcon_pkg']
[0.759s] Level 1:colcon.colcon_core.package_identification:_identify(src/VINS-Fusion-ROS2-humble/loop_fusion) by extension 'colcon_pkg'
[0.759s] Level 1:colcon.colcon_core.package_identification:_identify(src/VINS-Fusion-ROS2-humble/loop_fusion) by extensions ['colcon_meta']
[0.760s] Level 1:colcon.colcon_core.package_identification:_identify(src/VINS-Fusion-ROS2-humble/loop_fusion) by extension 'colcon_meta'
[0.760s] Level 1:colcon.colcon_core.package_identification:_identify(src/VINS-Fusion-ROS2-humble/loop_fusion) by extensions ['ros']
[0.760s] Level 1:colcon.colcon_core.package_identification:_identify(src/VINS-Fusion-ROS2-humble/loop_fusion) by extension 'ros'
[0.762s] DEBUG:colcon.colcon_core.package_identification:Package 'src/VINS-Fusion-ROS2-humble/loop_fusion' with type 'ros.ament_cmake' and name 'loop_fusion'
[0.762s] Level 1:colcon.colcon_core.package_identification:_identify(src/VINS-Fusion-ROS2-humble/rcpputils) by extensions ['ignore', 'ignore_ament_install']
[0.762s] Level 1:colcon.colcon_core.package_identification:_identify(src/VINS-Fusion-ROS2-humble/rcpputils) by extension 'ignore'
[0.762s] Level 1:colcon.colcon_core.package_identification:_identify(src/VINS-Fusion-ROS2-humble/rcpputils) by extension 'ignore_ament_install'
[0.762s] Level 1:colcon.colcon_core.package_identification:_identify(src/VINS-Fusion-ROS2-humble/rcpputils) by extensions ['colcon_pkg']
[0.762s] Level 1:colcon.colcon_core.package_identification:_identify(src/VINS-Fusion-ROS2-humble/rcpputils) by extension 'colcon_pkg'
[0.762s] Level 1:colcon.colcon_core.package_identification:_identify(src/VINS-Fusion-ROS2-humble/rcpputils) by extensions ['colcon_meta']
[0.762s] Level 1:colcon.colcon_core.package_identification:_identify(src/VINS-Fusion-ROS2-humble/rcpputils) by extension 'colcon_meta'
[0.763s] Level 1:colcon.colcon_core.package_identification:_identify(src/VINS-Fusion-ROS2-humble/rcpputils) by extensions ['ros']
[0.763s] Level 1:colcon.colcon_core.package_identification:_identify(src/VINS-Fusion-ROS2-humble/rcpputils) by extension 'ros'
[0.763s] Level 1:colcon.colcon_core.package_identification:_identify(src/VINS-Fusion-ROS2-humble/rcpputils) by extensions ['cmake', 'python']
[0.763s] Level 1:colcon.colcon_core.package_identification:_identify(src/VINS-Fusion-ROS2-humble/rcpputils) by extension 'cmake'
[0.763s] Level 1:colcon.colcon_core.package_identification:_identify(src/VINS-Fusion-ROS2-humble/rcpputils) by extension 'python'
[0.763s] Level 1:colcon.colcon_core.package_identification:_identify(src/VINS-Fusion-ROS2-humble/rcpputils) by extensions ['python_setup_py']
[0.763s] Level 1:colcon.colcon_core.package_identification:_identify(src/VINS-Fusion-ROS2-humble/rcpputils) by extension 'python_setup_py'
[0.763s] Level 1:colcon.colcon_core.package_identification:_identify(src/VINS-Fusion-ROS2-humble/support_files) by extensions ['ignore', 'ignore_ament_install']
[0.763s] Level 1:colcon.colcon_core.package_identification:_identify(src/VINS-Fusion-ROS2-humble/support_files) by extension 'ignore'
[0.764s] Level 1:colcon.colcon_core.package_identification:_identify(src/VINS-Fusion-ROS2-humble/support_files) by extension 'ignore_ament_install'
[0.764s] Level 1:colcon.colcon_core.package_identification:_identify(src/VINS-Fusion-ROS2-humble/support_files) by extensions ['colcon_pkg']
[0.764s] Level 1:colcon.colcon_core.package_identification:_identify(src/VINS-Fusion-ROS2-humble/support_files) by extension 'colcon_pkg'
[0.764s] Level 1:colcon.colcon_core.package_identification:_identify(src/VINS-Fusion-ROS2-humble/support_files) by extensions ['colcon_meta']
[0.764s] Level 1:colcon.colcon_core.package_identification:_identify(src/VINS-Fusion-ROS2-humble/support_files) by extension 'colcon_meta'
[0.764s] Level 1:colcon.colcon_core.package_identification:_identify(src/VINS-Fusion-ROS2-humble/support_files) by extensions ['ros']
[0.764s] Level 1:colcon.colcon_core.package_identification:_identify(src/VINS-Fusion-ROS2-humble/support_files) by extension 'ros'
[0.764s] Level 1:colcon.colcon_core.package_identification:_identify(src/VINS-Fusion-ROS2-humble/support_files) by extensions ['cmake', 'python']
[0.764s] Level 1:colcon.colcon_core.package_identification:_identify(src/VINS-Fusion-ROS2-humble/support_files) by extension 'cmake'
[0.764s] Level 1:colcon.colcon_core.package_identification:_identify(src/VINS-Fusion-ROS2-humble/support_files) by extension 'python'
[0.764s] Level 1:colcon.colcon_core.package_identification:_identify(src/VINS-Fusion-ROS2-humble/support_files) by extensions ['python_setup_py']
[0.765s] Level 1:colcon.colcon_core.package_identification:_identify(src/VINS-Fusion-ROS2-humble/support_files) by extension 'python_setup_py'
[0.765s] Level 1:colcon.colcon_core.package_identification:_identify(src/VINS-Fusion-ROS2-humble/support_files/image) by extensions ['ignore', 'ignore_ament_install']
[0.765s] Level 1:colcon.colcon_core.package_identification:_identify(src/VINS-Fusion-ROS2-humble/support_files/image) by extension 'ignore'
[0.765s] Level 1:colcon.colcon_core.package_identification:_identify(src/VINS-Fusion-ROS2-humble/support_files/image) by extension 'ignore_ament_install'
[0.765s] Level 1:colcon.colcon_core.package_identification:_identify(src/VINS-Fusion-ROS2-humble/support_files/image) by extensions ['colcon_pkg']
[0.765s] Level 1:colcon.colcon_core.package_identification:_identify(src/VINS-Fusion-ROS2-humble/support_files/image) by extension 'colcon_pkg'
[0.765s] Level 1:colcon.colcon_core.package_identification:_identify(src/VINS-Fusion-ROS2-humble/support_files/image) by extensions ['colcon_meta']
[0.765s] Level 1:colcon.colcon_core.package_identification:_identify(src/VINS-Fusion-ROS2-humble/support_files/image) by extension 'colcon_meta'
[0.765s] Level 1:colcon.colcon_core.package_identification:_identify(src/VINS-Fusion-ROS2-humble/support_files/image) by extensions ['ros']
[0.766s] Level 1:colcon.colcon_core.package_identification:_identify(src/VINS-Fusion-ROS2-humble/support_files/image) by extension 'ros'
[0.766s] Level 1:colcon.colcon_core.package_identification:_identify(src/VINS-Fusion-ROS2-humble/support_files/image) by extensions ['cmake', 'python']
[0.766s] Level 1:colcon.colcon_core.package_identification:_identify(src/VINS-Fusion-ROS2-humble/support_files/image) by extension 'cmake'
[0.766s] Level 1:colcon.colcon_core.package_identification:_identify(src/VINS-Fusion-ROS2-humble/support_files/image) by extension 'python'
[0.766s] Level 1:colcon.colcon_core.package_identification:_identify(src/VINS-Fusion-ROS2-humble/support_files/image) by extensions ['python_setup_py']
[0.766s] Level 1:colcon.colcon_core.package_identification:_identify(src/VINS-Fusion-ROS2-humble/support_files/image) by extension 'python_setup_py'
[0.766s] Level 1:colcon.colcon_core.package_identification:_identify(src/VINS-Fusion-ROS2-humble/vins) by extensions ['ignore', 'ignore_ament_install']
[0.766s] Level 1:colcon.colcon_core.package_identification:_identify(src/VINS-Fusion-ROS2-humble/vins) by extension 'ignore'
[0.766s] Level 1:colcon.colcon_core.package_identification:_identify(src/VINS-Fusion-ROS2-humble/vins) by extension 'ignore_ament_install'
[0.767s] Level 1:colcon.colcon_core.package_identification:_identify(src/VINS-Fusion-ROS2-humble/vins) by extensions ['colcon_pkg']
[0.767s] Level 1:colcon.colcon_core.package_identification:_identify(src/VINS-Fusion-ROS2-humble/vins) by extension 'colcon_pkg'
[0.767s] Level 1:colcon.colcon_core.package_identification:_identify(src/VINS-Fusion-ROS2-humble/vins) by extensions ['colcon_meta']
[0.767s] Level 1:colcon.colcon_core.package_identification:_identify(src/VINS-Fusion-ROS2-humble/vins) by extension 'colcon_meta'
[0.767s] Level 1:colcon.colcon_core.package_identification:_identify(src/VINS-Fusion-ROS2-humble/vins) by extensions ['ros']
[0.767s] Level 1:colcon.colcon_core.package_identification:_identify(src/VINS-Fusion-ROS2-humble/vins) by extension 'ros'
[0.769s] DEBUG:colcon.colcon_core.package_identification:Package 'src/VINS-Fusion-ROS2-humble/vins' with type 'ros.ament_cmake' and name 'vins'
[0.770s] Level 1:colcon.colcon_core.package_identification:_identify(src/depthai-ros) by extensions ['ignore', 'ignore_ament_install']
[0.770s] Level 1:colcon.colcon_core.package_identification:_identify(src/depthai-ros) by extension 'ignore'
[0.770s] Level 1:colcon.colcon_core.package_identification:_identify(src/depthai-ros) by extension 'ignore_ament_install'
[0.770s] Level 1:colcon.colcon_core.package_identification:_identify(src/depthai-ros) by extensions ['colcon_pkg']
[0.770s] Level 1:colcon.colcon_core.package_identification:_identify(src/depthai-ros) by extension 'colcon_pkg'
[0.770s] Level 1:colcon.colcon_core.package_identification:_identify(src/depthai-ros) by extensions ['colcon_meta']
[0.770s] Level 1:colcon.colcon_core.package_identification:_identify(src/depthai-ros) by extension 'colcon_meta'
[0.770s] Level 1:colcon.colcon_core.package_identification:_identify(src/depthai-ros) by extensions ['ros']
[0.770s] Level 1:colcon.colcon_core.package_identification:_identify(src/depthai-ros) by extension 'ros'
[0.771s] Level 1:colcon.colcon_core.package_identification:_identify(src/depthai-ros) by extensions ['cmake', 'python']
[0.771s] Level 1:colcon.colcon_core.package_identification:_identify(src/depthai-ros) by extension 'cmake'
[0.771s] Level 1:colcon.colcon_core.package_identification:_identify(src/depthai-ros) by extension 'python'
[0.771s] Level 1:colcon.colcon_core.package_identification:_identify(src/depthai-ros) by extensions ['python_setup_py']
[0.771s] Level 1:colcon.colcon_core.package_identification:_identify(src/depthai-ros) by extension 'python_setup_py'
[0.771s] Level 1:colcon.colcon_core.package_identification:_identify(src/depthai-ros/depthai-ros) by extensions ['ignore', 'ignore_ament_install']
[0.771s] Level 1:colcon.colcon_core.package_identification:_identify(src/depthai-ros/depthai-ros) by extension 'ignore'
[0.771s] Level 1:colcon.colcon_core.package_identification:_identify(src/depthai-ros/depthai-ros) by extension 'ignore_ament_install'
[0.772s] Level 1:colcon.colcon_core.package_identification:_identify(src/depthai-ros/depthai-ros) by extensions ['colcon_pkg']
[0.772s] Level 1:colcon.colcon_core.package_identification:_identify(src/depthai-ros/depthai-ros) by extension 'colcon_pkg'
[0.772s] Level 1:colcon.colcon_core.package_identification:_identify(src/depthai-ros/depthai-ros) by extensions ['colcon_meta']
[0.772s] Level 1:colcon.colcon_core.package_identification:_identify(src/depthai-ros/depthai-ros) by extension 'colcon_meta'
[0.772s] Level 1:colcon.colcon_core.package_identification:_identify(src/depthai-ros/depthai-ros) by extensions ['ros']
[0.772s] Level 1:colcon.colcon_core.package_identification:_identify(src/depthai-ros/depthai-ros) by extension 'ros'
[0.773s] DEBUG:colcon.colcon_core.package_identification:Package 'src/depthai-ros/depthai-ros' with type 'ros.ament_cmake' and name 'depthai-ros'
[0.773s] Level 1:colcon.colcon_core.package_identification:_identify(src/depthai-ros/depthai_bridge) by extensions ['ignore', 'ignore_ament_install']
[0.773s] Level 1:colcon.colcon_core.package_identification:_identify(src/depthai-ros/depthai_bridge) by extension 'ignore'
[0.773s] Level 1:colcon.colcon_core.package_identification:_identify(src/depthai-ros/depthai_bridge) by extension 'ignore_ament_install'
[0.774s] Level 1:colcon.colcon_core.package_identification:_identify(src/depthai-ros/depthai_bridge) by extensions ['colcon_pkg']
[0.774s] Level 1:colcon.colcon_core.package_identification:_identify(src/depthai-ros/depthai_bridge) by extension 'colcon_pkg'
[0.774s] Level 1:colcon.colcon_core.package_identification:_identify(src/depthai-ros/depthai_bridge) by extensions ['colcon_meta']
[0.774s] Level 1:colcon.colcon_core.package_identification:_identify(src/depthai-ros/depthai_bridge) by extension 'colcon_meta'
[0.774s] Level 1:colcon.colcon_core.package_identification:_identify(src/depthai-ros/depthai_bridge) by extensions ['ros']
[0.774s] Level 1:colcon.colcon_core.package_identification:_identify(src/depthai-ros/depthai_bridge) by extension 'ros'
[0.777s] DEBUG:colcon.colcon_core.package_identification:Package 'src/depthai-ros/depthai_bridge' with type 'ros.ament_cmake' and name 'depthai_bridge'
[0.777s] Level 1:colcon.colcon_core.package_identification:_identify(src/depthai-ros/depthai_descriptions) by extensions ['ignore', 'ignore_ament_install']
[0.777s] Level 1:colcon.colcon_core.package_identification:_identify(src/depthai-ros/depthai_descriptions) by extension 'ignore'
[0.778s] Level 1:colcon.colcon_core.package_identification:_identify(src/depthai-ros/depthai_descriptions) by extension 'ignore_ament_install'
[0.778s] Level 1:colcon.colcon_core.package_identification:_identify(src/depthai-ros/depthai_descriptions) by extensions ['colcon_pkg']
[0.778s] Level 1:colcon.colcon_core.package_identification:_identify(src/depthai-ros/depthai_descriptions) by extension 'colcon_pkg'
[0.778s] Level 1:colcon.colcon_core.package_identification:_identify(src/depthai-ros/depthai_descriptions) by extensions ['colcon_meta']
[0.778s] Level 1:colcon.colcon_core.package_identification:_identify(src/depthai-ros/depthai_descriptions) by extension 'colcon_meta'
[0.778s] Level 1:colcon.colcon_core.package_identification:_identify(src/depthai-ros/depthai_descriptions) by extensions ['ros']
[0.778s] Level 1:colcon.colcon_core.package_identification:_identify(src/depthai-ros/depthai_descriptions) by extension 'ros'
[0.779s] DEBUG:colcon.colcon_core.package_identification:Package 'src/depthai-ros/depthai_descriptions' with type 'ros.ament_cmake' and name 'depthai_descriptions'
[0.779s] Level 1:colcon.colcon_core.package_identification:_identify(src/depthai-ros/depthai_examples) by extensions ['ignore', 'ignore_ament_install']
[0.779s] Level 1:colcon.colcon_core.package_identification:_identify(src/depthai-ros/depthai_examples) by extension 'ignore'
[0.780s] Level 1:colcon.colcon_core.package_identification:_identify(src/depthai-ros/depthai_examples) by extension 'ignore_ament_install'
[0.780s] Level 1:colcon.colcon_core.package_identification:_identify(src/depthai-ros/depthai_examples) by extensions ['colcon_pkg']
[0.780s] Level 1:colcon.colcon_core.package_identification:_identify(src/depthai-ros/depthai_examples) by extension 'colcon_pkg'
[0.780s] Level 1:colcon.colcon_core.package_identification:_identify(src/depthai-ros/depthai_examples) by extensions ['colcon_meta']
[0.780s] Level 1:colcon.colcon_core.package_identification:_identify(src/depthai-ros/depthai_examples) by extension 'colcon_meta'
[0.780s] Level 1:colcon.colcon_core.package_identification:_identify(src/depthai-ros/depthai_examples) by extensions ['ros']
[0.780s] Level 1:colcon.colcon_core.package_identification:_identify(src/depthai-ros/depthai_examples) by extension 'ros'
[0.785s] DEBUG:colcon.colcon_core.package_identification:Package 'src/depthai-ros/depthai_examples' with type 'ros.ament_cmake' and name 'depthai_examples'
[0.786s] Level 1:colcon.colcon_core.package_identification:_identify(src/depthai-ros/depthai_filters) by extensions ['ignore', 'ignore_ament_install']
[0.786s] Level 1:colcon.colcon_core.package_identification:_identify(src/depthai-ros/depthai_filters) by extension 'ignore'
[0.786s] Level 1:colcon.colcon_core.package_identification:_identify(src/depthai-ros/depthai_filters) by extension 'ignore_ament_install'
[0.786s] Level 1:colcon.colcon_core.package_identification:_identify(src/depthai-ros/depthai_filters) by extensions ['colcon_pkg']
[0.786s] Level 1:colcon.colcon_core.package_identification:_identify(src/depthai-ros/depthai_filters) by extension 'colcon_pkg'
[0.786s] Level 1:colcon.colcon_core.package_identification:_identify(src/depthai-ros/depthai_filters) by extensions ['colcon_meta']
[0.786s] Level 1:colcon.colcon_core.package_identification:_identify(src/depthai-ros/depthai_filters) by extension 'colcon_meta'
[0.787s] Level 1:colcon.colcon_core.package_identification:_identify(src/depthai-ros/depthai_filters) by extensions ['ros']
[0.787s] Level 1:colcon.colcon_core.package_identification:_identify(src/depthai-ros/depthai_filters) by extension 'ros'
[0.789s] DEBUG:colcon.colcon_core.package_identification:Package 'src/depthai-ros/depthai_filters' with type 'ros.ament_cmake' and name 'depthai_filters'
[0.789s] Level 1:colcon.colcon_core.package_identification:_identify(src/depthai-ros/depthai_ros_driver) by extensions ['ignore', 'ignore_ament_install']
[0.789s] Level 1:colcon.colcon_core.package_identification:_identify(src/depthai-ros/depthai_ros_driver) by extension 'ignore'
[0.789s] Level 1:colcon.colcon_core.package_identification:_identify(src/depthai-ros/depthai_ros_driver) by extension 'ignore_ament_install'
[0.790s] Level 1:colcon.colcon_core.package_identification:_identify(src/depthai-ros/depthai_ros_driver) by extensions ['colcon_pkg']
[0.790s] Level 1:colcon.colcon_core.package_identification:_identify(src/depthai-ros/depthai_ros_driver) by extension 'colcon_pkg'
[0.790s] Level 1:colcon.colcon_core.package_identification:_identify(src/depthai-ros/depthai_ros_driver) by extensions ['colcon_meta']
[0.790s] Level 1:colcon.colcon_core.package_identification:_identify(src/depthai-ros/depthai_ros_driver) by extension 'colcon_meta'
[0.790s] Level 1:colcon.colcon_core.package_identification:_identify(src/depthai-ros/depthai_ros_driver) by extensions ['ros']
[0.790s] Level 1:colcon.colcon_core.package_identification:_identify(src/depthai-ros/depthai_ros_driver) by extension 'ros'
[0.794s] DEBUG:colcon.colcon_core.package_identification:Package 'src/depthai-ros/depthai_ros_driver' with type 'ros.ament_cmake' and name 'depthai_ros_driver'
[0.794s] Level 1:colcon.colcon_core.package_identification:_identify(src/depthai-ros/depthai_ros_msgs) by extensions ['ignore', 'ignore_ament_install']
[0.795s] Level 1:colcon.colcon_core.package_identification:_identify(src/depthai-ros/depthai_ros_msgs) by extension 'ignore'
[0.795s] Level 1:colcon.colcon_core.package_identification:_identify(src/depthai-ros/depthai_ros_msgs) by extension 'ignore_ament_install'
[0.795s] Level 1:colcon.colcon_core.package_identification:_identify(src/depthai-ros/depthai_ros_msgs) by extensions ['colcon_pkg']
[0.795s] Level 1:colcon.colcon_core.package_identification:_identify(src/depthai-ros/depthai_ros_msgs) by extension 'colcon_pkg'
[0.795s] Level 1:colcon.colcon_core.package_identification:_identify(src/depthai-ros/depthai_ros_msgs) by extensions ['colcon_meta']
[0.795s] Level 1:colcon.colcon_core.package_identification:_identify(src/depthai-ros/depthai_ros_msgs) by extension 'colcon_meta'
[0.795s] Level 1:colcon.colcon_core.package_identification:_identify(src/depthai-ros/depthai_ros_msgs) by extensions ['ros']
[0.795s] Level 1:colcon.colcon_core.package_identification:_identify(src/depthai-ros/depthai_ros_msgs) by extension 'ros'
[0.797s] DEBUG:colcon.colcon_core.package_identification:Package 'src/depthai-ros/depthai_ros_msgs' with type 'ros.ament_cmake' and name 'depthai_ros_msgs'
[0.797s] Level 1:colcon.colcon_core.package_identification:_identify(src/install) by extensions ['ignore', 'ignore_ament_install']
[0.798s] Level 1:colcon.colcon_core.package_identification:_identify(src/install) by extension 'ignore'
[0.798s] Level 1:colcon.colcon_core.package_identification:_identify(src/install) ignored
[0.798s] Level 1:colcon.colcon_core.package_identification:_identify(src/log) by extensions ['ignore', 'ignore_ament_install']
[0.798s] Level 1:colcon.colcon_core.package_identification:_identify(src/log) by extension 'ignore'
[0.798s] Level 1:colcon.colcon_core.package_identification:_identify(src/log) ignored
[0.799s] Level 1:colcon.colcon_core.package_identification:_identify(src/rtabmap) by extensions ['ignore', 'ignore_ament_install']
[0.799s] Level 1:colcon.colcon_core.package_identification:_identify(src/rtabmap) by extension 'ignore'
[0.799s] Level 1:colcon.colcon_core.package_identification:_identify(src/rtabmap) by extension 'ignore_ament_install'
[0.799s] Level 1:colcon.colcon_core.package_identification:_identify(src/rtabmap) by extensions ['colcon_pkg']
[0.799s] Level 1:colcon.colcon_core.package_identification:_identify(src/rtabmap) by extension 'colcon_pkg'
[0.799s] Level 1:colcon.colcon_core.package_identification:_identify(src/rtabmap) by extensions ['colcon_meta']
[0.799s] Level 1:colcon.colcon_core.package_identification:_identify(src/rtabmap) by extension 'colcon_meta'
[0.799s] Level 1:colcon.colcon_core.package_identification:_identify(src/rtabmap) by extensions ['ros']
[0.799s] Level 1:colcon.colcon_core.package_identification:_identify(src/rtabmap) by extension 'ros'
[0.802s] DEBUG:colcon.colcon_core.package_identification:Package 'src/rtabmap' with type 'ros.cmake' and name 'rtabmap'
[0.802s] Level 1:colcon.colcon_core.package_identification:_identify(src/rtabmap_ros) by extensions ['ignore', 'ignore_ament_install']
[0.802s] Level 1:colcon.colcon_core.package_identification:_identify(src/rtabmap_ros) by extension 'ignore'
[0.802s] Level 1:colcon.colcon_core.package_identification:_identify(src/rtabmap_ros) by extension 'ignore_ament_install'
[0.803s] Level 1:colcon.colcon_core.package_identification:_identify(src/rtabmap_ros) by extensions ['colcon_pkg']
[0.803s] Level 1:colcon.colcon_core.package_identification:_identify(src/rtabmap_ros) by extension 'colcon_pkg'
[0.803s] Level 1:colcon.colcon_core.package_identification:_identify(src/rtabmap_ros) by extensions ['colcon_meta']
[0.803s] Level 1:colcon.colcon_core.package_identification:_identify(src/rtabmap_ros) by extension 'colcon_meta'
[0.803s] Level 1:colcon.colcon_core.package_identification:_identify(src/rtabmap_ros) by extensions ['ros']
[0.803s] Level 1:colcon.colcon_core.package_identification:_identify(src/rtabmap_ros) by extension 'ros'
[0.803s] Level 1:colcon.colcon_core.package_identification:_identify(src/rtabmap_ros) by extensions ['cmake', 'python']
[0.803s] Level 1:colcon.colcon_core.package_identification:_identify(src/rtabmap_ros) by extension 'cmake'
[0.803s] Level 1:colcon.colcon_core.package_identification:_identify(src/rtabmap_ros) by extension 'python'
[0.803s] Level 1:colcon.colcon_core.package_identification:_identify(src/rtabmap_ros) by extensions ['python_setup_py']
[0.804s] Level 1:colcon.colcon_core.package_identification:_identify(src/rtabmap_ros) by extension 'python_setup_py'
[0.804s] Level 1:colcon.colcon_core.package_identification:_identify(src/rtabmap_ros/docker) by extensions ['ignore', 'ignore_ament_install']
[0.804s] Level 1:colcon.colcon_core.package_identification:_identify(src/rtabmap_ros/docker) by extension 'ignore'
[0.804s] Level 1:colcon.colcon_core.package_identification:_identify(src/rtabmap_ros/docker) by extension 'ignore_ament_install'
[0.804s] Level 1:colcon.colcon_core.package_identification:_identify(src/rtabmap_ros/docker) by extensions ['colcon_pkg']
[0.804s] Level 1:colcon.colcon_core.package_identification:_identify(src/rtabmap_ros/docker) by extension 'colcon_pkg'
[0.804s] Level 1:colcon.colcon_core.package_identification:_identify(src/rtabmap_ros/docker) by extensions ['colcon_meta']
[0.804s] Level 1:colcon.colcon_core.package_identification:_identify(src/rtabmap_ros/docker) by extension 'colcon_meta'
[0.805s] Level 1:colcon.colcon_core.package_identification:_identify(src/rtabmap_ros/docker) by extensions ['ros']
[0.805s] Level 1:colcon.colcon_core.package_identification:_identify(src/rtabmap_ros/docker) by extension 'ros'
[0.805s] Level 1:colcon.colcon_core.package_identification:_identify(src/rtabmap_ros/docker) by extensions ['cmake', 'python']
[0.805s] Level 1:colcon.colcon_core.package_identification:_identify(src/rtabmap_ros/docker) by extension 'cmake'
[0.805s] Level 1:colcon.colcon_core.package_identification:_identify(src/rtabmap_ros/docker) by extension 'python'
[0.805s] Level 1:colcon.colcon_core.package_identification:_identify(src/rtabmap_ros/docker) by extensions ['python_setup_py']
[0.805s] Level 1:colcon.colcon_core.package_identification:_identify(src/rtabmap_ros/docker) by extension 'python_setup_py'
[0.805s] Level 1:colcon.colcon_core.package_identification:_identify(src/rtabmap_ros/docker/foxy) by extensions ['ignore', 'ignore_ament_install']
[0.806s] Level 1:colcon.colcon_core.package_identification:_identify(src/rtabmap_ros/docker/foxy) by extension 'ignore'
[0.806s] Level 1:colcon.colcon_core.package_identification:_identify(src/rtabmap_ros/docker/foxy) by extension 'ignore_ament_install'
[0.806s] Level 1:colcon.colcon_core.package_identification:_identify(src/rtabmap_ros/docker/foxy) by extensions ['colcon_pkg']
[0.806s] Level 1:colcon.colcon_core.package_identification:_identify(src/rtabmap_ros/docker/foxy) by extension 'colcon_pkg'
[0.806s] Level 1:colcon.colcon_core.package_identification:_identify(src/rtabmap_ros/docker/foxy) by extensions ['colcon_meta']
[0.806s] Level 1:colcon.colcon_core.package_identification:_identify(src/rtabmap_ros/docker/foxy) by extension 'colcon_meta'
[0.806s] Level 1:colcon.colcon_core.package_identification:_identify(src/rtabmap_ros/docker/foxy) by extensions ['ros']
[0.806s] Level 1:colcon.colcon_core.package_identification:_identify(src/rtabmap_ros/docker/foxy) by extension 'ros'
[0.806s] Level 1:colcon.colcon_core.package_identification:_identify(src/rtabmap_ros/docker/foxy) by extensions ['cmake', 'python']
[0.806s] Level 1:colcon.colcon_core.package_identification:_identify(src/rtabmap_ros/docker/foxy) by extension 'cmake'
[0.807s] Level 1:colcon.colcon_core.package_identification:_identify(src/rtabmap_ros/docker/foxy) by extension 'python'
[0.807s] Level 1:colcon.colcon_core.package_identification:_identify(src/rtabmap_ros/docker/foxy) by extensions ['python_setup_py']
[0.807s] Level 1:colcon.colcon_core.package_identification:_identify(src/rtabmap_ros/docker/foxy) by extension 'python_setup_py'
[0.807s] Level 1:colcon.colcon_core.package_identification:_identify(src/rtabmap_ros/docker/foxy/latest) by extensions ['ignore', 'ignore_ament_install']
[0.807s] Level 1:colcon.colcon_core.package_identification:_identify(src/rtabmap_ros/docker/foxy/latest) by extension 'ignore'
[0.807s] Level 1:colcon.colcon_core.package_identification:_identify(src/rtabmap_ros/docker/foxy/latest) by extension 'ignore_ament_install'
[0.807s] Level 1:colcon.colcon_core.package_identification:_identify(src/rtabmap_ros/docker/foxy/latest) by extensions ['colcon_pkg']
[0.807s] Level 1:colcon.colcon_core.package_identification:_identify(src/rtabmap_ros/docker/foxy/latest) by extension 'colcon_pkg'
[0.807s] Level 1:colcon.colcon_core.package_identification:_identify(src/rtabmap_ros/docker/foxy/latest) by extensions ['colcon_meta']
[0.808s] Level 1:colcon.colcon_core.package_identification:_identify(src/rtabmap_ros/docker/foxy/latest) by extension 'colcon_meta'
[0.808s] Level 1:colcon.colcon_core.package_identification:_identify(src/rtabmap_ros/docker/foxy/latest) by extensions ['ros']
[0.808s] Level 1:colcon.colcon_core.package_identification:_identify(src/rtabmap_ros/docker/foxy/latest) by extension 'ros'
[0.808s] Level 1:colcon.colcon_core.package_identification:_identify(src/rtabmap_ros/docker/foxy/latest) by extensions ['cmake', 'python']
[0.808s] Level 1:colcon.colcon_core.package_identification:_identify(src/rtabmap_ros/docker/foxy/latest) by extension 'cmake'
[0.808s] Level 1:colcon.colcon_core.package_identification:_identify(src/rtabmap_ros/docker/foxy/latest) by extension 'python'
[0.808s] Level 1:colcon.colcon_core.package_identification:_identify(src/rtabmap_ros/docker/foxy/latest) by extensions ['python_setup_py']
[0.808s] Level 1:colcon.colcon_core.package_identification:_identify(src/rtabmap_ros/docker/foxy/latest) by extension 'python_setup_py'
[0.808s] Level 1:colcon.colcon_core.package_identification:_identify(src/rtabmap_ros/docker/foxy/latest/hooks) by extensions ['ignore', 'ignore_ament_install']
[0.809s] Level 1:colcon.colcon_core.package_identification:_identify(src/rtabmap_ros/docker/foxy/latest/hooks) by extension 'ignore'
[0.809s] Level 1:colcon.colcon_core.package_identification:_identify(src/rtabmap_ros/docker/foxy/latest/hooks) by extension 'ignore_ament_install'
[0.809s] Level 1:colcon.colcon_core.package_identification:_identify(src/rtabmap_ros/docker/foxy/latest/hooks) by extensions ['colcon_pkg']
[0.809s] Level 1:colcon.colcon_core.package_identification:_identify(src/rtabmap_ros/docker/foxy/latest/hooks) by extension 'colcon_pkg'
[0.809s] Level 1:colcon.colcon_core.package_identification:_identify(src/rtabmap_ros/docker/foxy/latest/hooks) by extensions ['colcon_meta']
[0.809s] Level 1:colcon.colcon_core.package_identification:_identify(src/rtabmap_ros/docker/foxy/latest/hooks) by extension 'colcon_meta'
[0.809s] Level 1:colcon.colcon_core.package_identification:_identify(src/rtabmap_ros/docker/foxy/latest/hooks) by extensions ['ros']
[0.809s] Level 1:colcon.colcon_core.package_identification:_identify(src/rtabmap_ros/docker/foxy/latest/hooks) by extension 'ros'
[0.809s] Level 1:colcon.colcon_core.package_identification:_identify(src/rtabmap_ros/docker/foxy/latest/hooks) by extensions ['cmake', 'python']
[0.810s] Level 1:colcon.colcon_core.package_identification:_identify(src/rtabmap_ros/docker/foxy/latest/hooks) by extension 'cmake'
[0.810s] Level 1:colcon.colcon_core.package_identification:_identify(src/rtabmap_ros/docker/foxy/latest/hooks) by extension 'python'
[0.810s] Level 1:colcon.colcon_core.package_identification:_identify(src/rtabmap_ros/docker/foxy/latest/hooks) by extensions ['python_setup_py']
[0.810s] Level 1:colcon.colcon_core.package_identification:_identify(src/rtabmap_ros/docker/foxy/latest/hooks) by extension 'python_setup_py'
[0.810s] Level 1:colcon.colcon_core.package_identification:_identify(src/rtabmap_ros/docker/humble) by extensions ['ignore', 'ignore_ament_install']
[0.810s] Level 1:colcon.colcon_core.package_identification:_identify(src/rtabmap_ros/docker/humble) by extension 'ignore'
[0.810s] Level 1:colcon.colcon_core.package_identification:_identify(src/rtabmap_ros/docker/humble) by extension 'ignore_ament_install'
[0.810s] Level 1:colcon.colcon_core.package_identification:_identify(src/rtabmap_ros/docker/humble) by extensions ['colcon_pkg']
[0.811s] Level 1:colcon.colcon_core.package_identification:_identify(src/rtabmap_ros/docker/humble) by extension 'colcon_pkg'
[0.811s] Level 1:colcon.colcon_core.package_identification:_identify(src/rtabmap_ros/docker/humble) by extensions ['colcon_meta']
[0.811s] Level 1:colcon.colcon_core.package_identification:_identify(src/rtabmap_ros/docker/humble) by extension 'colcon_meta'
[0.811s] Level 1:colcon.colcon_core.package_identification:_identify(src/rtabmap_ros/docker/humble) by extensions ['ros']
[0.811s] Level 1:colcon.colcon_core.package_identification:_identify(src/rtabmap_ros/docker/humble) by extension 'ros'
[0.811s] Level 1:colcon.colcon_core.package_identification:_identify(src/rtabmap_ros/docker/humble) by extensions ['cmake', 'python']
[0.811s] Level 1:colcon.colcon_core.package_identification:_identify(src/rtabmap_ros/docker/humble) by extension 'cmake'
[0.811s] Level 1:colcon.colcon_core.package_identification:_identify(src/rtabmap_ros/docker/humble) by extension 'python'
[0.811s] Level 1:colcon.colcon_core.package_identification:_identify(src/rtabmap_ros/docker/humble) by extensions ['python_setup_py']
[0.811s] Level 1:colcon.colcon_core.package_identification:_identify(src/rtabmap_ros/docker/humble) by extension 'python_setup_py'
[0.812s] Level 1:colcon.colcon_core.package_identification:_identify(src/rtabmap_ros/docker/humble/latest) by extensions ['ignore', 'ignore_ament_install']
[0.812s] Level 1:colcon.colcon_core.package_identification:_identify(src/rtabmap_ros/docker/humble/latest) by extension 'ignore'
[0.812s] Level 1:colcon.colcon_core.package_identification:_identify(src/rtabmap_ros/docker/humble/latest) by extension 'ignore_ament_install'
[0.812s] Level 1:colcon.colcon_core.package_identification:_identify(src/rtabmap_ros/docker/humble/latest) by extensions ['colcon_pkg']
[0.812s] Level 1:colcon.colcon_core.package_identification:_identify(src/rtabmap_ros/docker/humble/latest) by extension 'colcon_pkg'
[0.812s] Level 1:colcon.colcon_core.package_identification:_identify(src/rtabmap_ros/docker/humble/latest) by extensions ['colcon_meta']
[0.812s] Level 1:colcon.colcon_core.package_identification:_identify(src/rtabmap_ros/docker/humble/latest) by extension 'colcon_meta'
[0.812s] Level 1:colcon.colcon_core.package_identification:_identify(src/rtabmap_ros/docker/humble/latest) by extensions ['ros']
[0.812s] Level 1:colcon.colcon_core.package_identification:_identify(src/rtabmap_ros/docker/humble/latest) by extension 'ros'
[0.813s] Level 1:colcon.colcon_core.package_identification:_identify(src/rtabmap_ros/docker/humble/latest) by extensions ['cmake', 'python']
[0.813s] Level 1:colcon.colcon_core.package_identification:_identify(src/rtabmap_ros/docker/humble/latest) by extension 'cmake'
[0.813s] Level 1:colcon.colcon_core.package_identification:_identify(src/rtabmap_ros/docker/humble/latest) by extension 'python'
[0.813s] Level 1:colcon.colcon_core.package_identification:_identify(src/rtabmap_ros/docker/humble/latest) by extensions ['python_setup_py']
[0.813s] Level 1:colcon.colcon_core.package_identification:_identify(src/rtabmap_ros/docker/humble/latest) by extension 'python_setup_py'
[0.813s] Level 1:colcon.colcon_core.package_identification:_identify(src/rtabmap_ros/docker/indigo) by extensions ['ignore', 'ignore_ament_install']
[0.813s] Level 1:colcon.colcon_core.package_identification:_identify(src/rtabmap_ros/docker/indigo) by extension 'ignore'
[0.813s] Level 1:colcon.colcon_core.package_identification:_identify(src/rtabmap_ros/docker/indigo) by extension 'ignore_ament_install'
[0.813s] Level 1:colcon.colcon_core.package_identification:_identify(src/rtabmap_ros/docker/indigo) by extensions ['colcon_pkg']
[0.814s] Level 1:colcon.colcon_core.package_identification:_identify(src/rtabmap_ros/docker/indigo) by extension 'colcon_pkg'
[0.814s] Level 1:colcon.colcon_core.package_identification:_identify(src/rtabmap_ros/docker/indigo) by extensions ['colcon_meta']
[0.814s] Level 1:colcon.colcon_core.package_identification:_identify(src/rtabmap_ros/docker/indigo) by extension 'colcon_meta'
[0.814s] Level 1:colcon.colcon_core.package_identification:_identify(src/rtabmap_ros/docker/indigo) by extensions ['ros']
[0.814s] Level 1:colcon.colcon_core.package_identification:_identify(src/rtabmap_ros/docker/indigo) by extension 'ros'
[0.814s] Level 1:colcon.colcon_core.package_identification:_identify(src/rtabmap_ros/docker/indigo) by extensions ['cmake', 'python']
[0.814s] Level 1:colcon.colcon_core.package_identification:_identify(src/rtabmap_ros/docker/indigo) by extension 'cmake'
[0.814s] Level 1:colcon.colcon_core.package_identification:_identify(src/rtabmap_ros/docker/indigo) by extension 'python'
[0.814s] Level 1:colcon.colcon_core.package_identification:_identify(src/rtabmap_ros/docker/indigo) by extensions ['python_setup_py']
[0.814s] Level 1:colcon.colcon_core.package_identification:_identify(src/rtabmap_ros/docker/indigo) by extension 'python_setup_py'
[0.815s] Level 1:colcon.colcon_core.package_identification:_identify(src/rtabmap_ros/docker/indigo/latest) by extensions ['ignore', 'ignore_ament_install']
[0.815s] Level 1:colcon.colcon_core.package_identification:_identify(src/rtabmap_ros/docker/indigo/latest) by extension 'ignore'
[0.815s] Level 1:colcon.colcon_core.package_identification:_identify(src/rtabmap_ros/docker/indigo/latest) by extension 'ignore_ament_install'
[0.815s] Level 1:colcon.colcon_core.package_identification:_identify(src/rtabmap_ros/docker/indigo/latest) by extensions ['colcon_pkg']
[0.815s] Level 1:colcon.colcon_core.package_identification:_identify(src/rtabmap_ros/docker/indigo/latest) by extension 'colcon_pkg'
[0.815s] Level 1:colcon.colcon_core.package_identification:_identify(src/rtabmap_ros/docker/indigo/latest) by extensions ['colcon_meta']
[0.815s] Level 1:colcon.colcon_core.package_identification:_identify(src/rtabmap_ros/docker/indigo/latest) by extension 'colcon_meta'
[0.815s] Level 1:colcon.colcon_core.package_identification:_identify(src/rtabmap_ros/docker/indigo/latest) by extensions ['ros']
[0.815s] Level 1:colcon.colcon_core.package_identification:_identify(src/rtabmap_ros/docker/indigo/latest) by extension 'ros'
[0.816s] Level 1:colcon.colcon_core.package_identification:_identify(src/rtabmap_ros/docker/indigo/latest) by extensions ['cmake', 'python']
[0.816s] Level 1:colcon.colcon_core.package_identification:_identify(src/rtabmap_ros/docker/indigo/latest) by extension 'cmake'
[0.816s] Level 1:colcon.colcon_core.package_identification:_identify(src/rtabmap_ros/docker/indigo/latest) by extension 'python'
[0.816s] Level 1:colcon.colcon_core.package_identification:_identify(src/rtabmap_ros/docker/indigo/latest) by extensions ['python_setup_py']
[0.816s] Level 1:colcon.colcon_core.package_identification:_identify(src/rtabmap_ros/docker/indigo/latest) by extension 'python_setup_py'
[0.816s] Level 1:colcon.colcon_core.package_identification:_identify(src/rtabmap_ros/docker/indigo/latest/hooks) by extensions ['ignore', 'ignore_ament_install']
[0.816s] Level 1:colcon.colcon_core.package_identification:_identify(src/rtabmap_ros/docker/indigo/latest/hooks) by extension 'ignore'
[0.816s] Level 1:colcon.colcon_core.package_identification:_identify(src/rtabmap_ros/docker/indigo/latest/hooks) by extension 'ignore_ament_install'
[0.817s] Level 1:colcon.colcon_core.package_identification:_identify(src/rtabmap_ros/docker/indigo/latest/hooks) by extensions ['colcon_pkg']
[0.817s] Level 1:colcon.colcon_core.package_identification:_identify(src/rtabmap_ros/docker/indigo/latest/hooks) by extension 'colcon_pkg'
[0.817s] Level 1:colcon.colcon_core.package_identification:_identify(src/rtabmap_ros/docker/indigo/latest/hooks) by extensions ['colcon_meta']
[0.817s] Level 1:colcon.colcon_core.package_identification:_identify(src/rtabmap_ros/docker/indigo/latest/hooks) by extension 'colcon_meta'
[0.817s] Level 1:colcon.colcon_core.package_identification:_identify(src/rtabmap_ros/docker/indigo/latest/hooks) by extensions ['ros']
[0.817s] Level 1:colcon.colcon_core.package_identification:_identify(src/rtabmap_ros/docker/indigo/latest/hooks) by extension 'ros'
[0.817s] Level 1:colcon.colcon_core.package_identification:_identify(src/rtabmap_ros/docker/indigo/latest/hooks) by extensions ['cmake', 'python']
[0.817s] Level 1:colcon.colcon_core.package_identification:_identify(src/rtabmap_ros/docker/indigo/latest/hooks) by extension 'cmake'
[0.817s] Level 1:colcon.colcon_core.package_identification:_identify(src/rtabmap_ros/docker/indigo/latest/hooks) by extension 'python'
[0.817s] Level 1:colcon.colcon_core.package_identification:_identify(src/rtabmap_ros/docker/indigo/latest/hooks) by extensions ['python_setup_py']
[0.817s] Level 1:colcon.colcon_core.package_identification:_identify(src/rtabmap_ros/docker/indigo/latest/hooks) by extension 'python_setup_py'
[0.818s] Level 1:colcon.colcon_core.package_identification:_identify(src/rtabmap_ros/docker/iron) by extensions ['ignore', 'ignore_ament_install']
[0.818s] Level 1:colcon.colcon_core.package_identification:_identify(src/rtabmap_ros/docker/iron) by extension 'ignore'
[0.818s] Level 1:colcon.colcon_core.package_identification:_identify(src/rtabmap_ros/docker/iron) by extension 'ignore_ament_install'
[0.818s] Level 1:colcon.colcon_core.package_identification:_identify(src/rtabmap_ros/docker/iron) by extensions ['colcon_pkg']
[0.818s] Level 1:colcon.colcon_core.package_identification:_identify(src/rtabmap_ros/docker/iron) by extension 'colcon_pkg'
[0.818s] Level 1:colcon.colcon_core.package_identification:_identify(src/rtabmap_ros/docker/iron) by extensions ['colcon_meta']
[0.818s] Level 1:colcon.colcon_core.package_identification:_identify(src/rtabmap_ros/docker/iron) by extension 'colcon_meta'
[0.818s] Level 1:colcon.colcon_core.package_identification:_identify(src/rtabmap_ros/docker/iron) by extensions ['ros']
[0.818s] Level 1:colcon.colcon_core.package_identification:_identify(src/rtabmap_ros/docker/iron) by extension 'ros'
[0.819s] Level 1:colcon.colcon_core.package_identification:_identify(src/rtabmap_ros/docker/iron) by extensions ['cmake', 'python']
[0.819s] Level 1:colcon.colcon_core.package_identification:_identify(src/rtabmap_ros/docker/iron) by extension 'cmake'
[0.819s] Level 1:colcon.colcon_core.package_identification:_identify(src/rtabmap_ros/docker/iron) by extension 'python'
[0.819s] Level 1:colcon.colcon_core.package_identification:_identify(src/rtabmap_ros/docker/iron) by extensions ['python_setup_py']
[0.819s] Level 1:colcon.colcon_core.package_identification:_identify(src/rtabmap_ros/docker/iron) by extension 'python_setup_py'
[0.819s] Level 1:colcon.colcon_core.package_identification:_identify(src/rtabmap_ros/docker/iron/latest) by extensions ['ignore', 'ignore_ament_install']
[0.819s] Level 1:colcon.colcon_core.package_identification:_identify(src/rtabmap_ros/docker/iron/latest) by extension 'ignore'
[0.819s] Level 1:colcon.colcon_core.package_identification:_identify(src/rtabmap_ros/docker/iron/latest) by extension 'ignore_ament_install'
[0.820s] Level 1:colcon.colcon_core.package_identification:_identify(src/rtabmap_ros/docker/iron/latest) by extensions ['colcon_pkg']
[0.820s] Level 1:colcon.colcon_core.package_identification:_identify(src/rtabmap_ros/docker/iron/latest) by extension 'colcon_pkg'
[0.820s] Level 1:colcon.colcon_core.package_identification:_identify(src/rtabmap_ros/docker/iron/latest) by extensions ['colcon_meta']
[0.820s] Level 1:colcon.colcon_core.package_identification:_identify(src/rtabmap_ros/docker/iron/latest) by extension 'colcon_meta'
[0.820s] Level 1:colcon.colcon_core.package_identification:_identify(src/rtabmap_ros/docker/iron/latest) by extensions ['ros']
[0.820s] Level 1:colcon.colcon_core.package_identification:_identify(src/rtabmap_ros/docker/iron/latest) by extension 'ros'
[0.820s] Level 1:colcon.colcon_core.package_identification:_identify(src/rtabmap_ros/docker/iron/latest) by extensions ['cmake', 'python']
[0.820s] Level 1:colcon.colcon_core.package_identification:_identify(src/rtabmap_ros/docker/iron/latest) by extension 'cmake'
[0.820s] Level 1:colcon.colcon_core.package_identification:_identify(src/rtabmap_ros/docker/iron/latest) by extension 'python'
[0.821s] Level 1:colcon.colcon_core.package_identification:_identify(src/rtabmap_ros/docker/iron/latest) by extensions ['python_setup_py']
[0.821s] Level 1:colcon.colcon_core.package_identification:_identify(src/rtabmap_ros/docker/iron/latest) by extension 'python_setup_py'
[0.821s] Level 1:colcon.colcon_core.package_identification:_identify(src/rtabmap_ros/docker/jazzy) by extensions ['ignore', 'ignore_ament_install']
[0.821s] Level 1:colcon.colcon_core.package_identification:_identify(src/rtabmap_ros/docker/jazzy) by extension 'ignore'
[0.821s] Level 1:colcon.colcon_core.package_identification:_identify(src/rtabmap_ros/docker/jazzy) by extension 'ignore_ament_install'
[0.821s] Level 1:colcon.colcon_core.package_identification:_identify(src/rtabmap_ros/docker/jazzy) by extensions ['colcon_pkg']
[0.821s] Level 1:colcon.colcon_core.package_identification:_identify(src/rtabmap_ros/docker/jazzy) by extension 'colcon_pkg'
[0.821s] Level 1:colcon.colcon_core.package_identification:_identify(src/rtabmap_ros/docker/jazzy) by extensions ['colcon_meta']
[0.821s] Level 1:colcon.colcon_core.package_identification:_identify(src/rtabmap_ros/docker/jazzy) by extension 'colcon_meta'
[0.822s] Level 1:colcon.colcon_core.package_identification:_identify(src/rtabmap_ros/docker/jazzy) by extensions ['ros']
[0.822s] Level 1:colcon.colcon_core.package_identification:_identify(src/rtabmap_ros/docker/jazzy) by extension 'ros'
[0.822s] Level 1:colcon.colcon_core.package_identification:_identify(src/rtabmap_ros/docker/jazzy) by extensions ['cmake', 'python']
[0.822s] Level 1:colcon.colcon_core.package_identification:_identify(src/rtabmap_ros/docker/jazzy) by extension 'cmake'
[0.822s] Level 1:colcon.colcon_core.package_identification:_identify(src/rtabmap_ros/docker/jazzy) by extension 'python'
[0.822s] Level 1:colcon.colcon_core.package_identification:_identify(src/rtabmap_ros/docker/jazzy) by extensions ['python_setup_py']
[0.822s] Level 1:colcon.colcon_core.package_identification:_identify(src/rtabmap_ros/docker/jazzy) by extension 'python_setup_py'
[0.822s] Level 1:colcon.colcon_core.package_identification:_identify(src/rtabmap_ros/docker/jazzy/latest) by extensions ['ignore', 'ignore_ament_install']
[0.822s] Level 1:colcon.colcon_core.package_identification:_identify(src/rtabmap_ros/docker/jazzy/latest) by extension 'ignore'
[0.823s] Level 1:colcon.colcon_core.package_identification:_identify(src/rtabmap_ros/docker/jazzy/latest) by extension 'ignore_ament_install'
[0.823s] Level 1:colcon.colcon_core.package_identification:_identify(src/rtabmap_ros/docker/jazzy/latest) by extensions ['colcon_pkg']
[0.823s] Level 1:colcon.colcon_core.package_identification:_identify(src/rtabmap_ros/docker/jazzy/latest) by extension 'colcon_pkg'
[0.823s] Level 1:colcon.colcon_core.package_identification:_identify(src/rtabmap_ros/docker/jazzy/latest) by extensions ['colcon_meta']
[0.823s] Level 1:colcon.colcon_core.package_identification:_identify(src/rtabmap_ros/docker/jazzy/latest) by extension 'colcon_meta'
[0.823s] Level 1:colcon.colcon_core.package_identification:_identify(src/rtabmap_ros/docker/jazzy/latest) by extensions ['ros']
[0.823s] Level 1:colcon.colcon_core.package_identification:_identify(src/rtabmap_ros/docker/jazzy/latest) by extension 'ros'
[0.823s] Level 1:colcon.colcon_core.package_identification:_identify(src/rtabmap_ros/docker/jazzy/latest) by extensions ['cmake', 'python']
[0.823s] Level 1:colcon.colcon_core.package_identification:_identify(src/rtabmap_ros/docker/jazzy/latest) by extension 'cmake'
[0.823s] Level 1:colcon.colcon_core.package_identification:_identify(src/rtabmap_ros/docker/jazzy/latest) by extension 'python'
[0.824s] Level 1:colcon.colcon_core.package_identification:_identify(src/rtabmap_ros/docker/jazzy/latest) by extensions ['python_setup_py']
[0.824s] Level 1:colcon.colcon_core.package_identification:_identify(src/rtabmap_ros/docker/jazzy/latest) by extension 'python_setup_py'
[0.824s] Level 1:colcon.colcon_core.package_identification:_identify(src/rtabmap_ros/docker/jazzy/superpoint) by extensions ['ignore', 'ignore_ament_install']
[0.824s] Level 1:colcon.colcon_core.package_identification:_identify(src/rtabmap_ros/docker/jazzy/superpoint) by extension 'ignore'
[0.824s] Level 1:colcon.colcon_core.package_identification:_identify(src/rtabmap_ros/docker/jazzy/superpoint) by extension 'ignore_ament_install'
[0.824s] Level 1:colcon.colcon_core.package_identification:_identify(src/rtabmap_ros/docker/jazzy/superpoint) by extensions ['colcon_pkg']
[0.824s] Level 1:colcon.colcon_core.package_identification:_identify(src/rtabmap_ros/docker/jazzy/superpoint) by extension 'colcon_pkg'
[0.824s] Level 1:colcon.colcon_core.package_identification:_identify(src/rtabmap_ros/docker/jazzy/superpoint) by extensions ['colcon_meta']
[0.824s] Level 1:colcon.colcon_core.package_identification:_identify(src/rtabmap_ros/docker/jazzy/superpoint) by extension 'colcon_meta'
[0.825s] Level 1:colcon.colcon_core.package_identification:_identify(src/rtabmap_ros/docker/jazzy/superpoint) by extensions ['ros']
[0.825s] Level 1:colcon.colcon_core.package_identification:_identify(src/rtabmap_ros/docker/jazzy/superpoint) by extension 'ros'
[0.825s] Level 1:colcon.colcon_core.package_identification:_identify(src/rtabmap_ros/docker/jazzy/superpoint) by extensions ['cmake', 'python']
[0.825s] Level 1:colcon.colcon_core.package_identification:_identify(src/rtabmap_ros/docker/jazzy/superpoint) by extension 'cmake'
[0.825s] Level 1:colcon.colcon_core.package_identification:_identify(src/rtabmap_ros/docker/jazzy/superpoint) by extension 'python'
[0.825s] Level 1:colcon.colcon_core.package_identification:_identify(src/rtabmap_ros/docker/jazzy/superpoint) by extensions ['python_setup_py']
[0.825s] Level 1:colcon.colcon_core.package_identification:_identify(src/rtabmap_ros/docker/jazzy/superpoint) by extension 'python_setup_py'
[0.825s] Level 1:colcon.colcon_core.package_identification:_identify(src/rtabmap_ros/docker/kilted) by extensions ['ignore', 'ignore_ament_install']
[0.825s] Level 1:colcon.colcon_core.package_identification:_identify(src/rtabmap_ros/docker/kilted) by extension 'ignore'
[0.826s] Level 1:colcon.colcon_core.package_identification:_identify(src/rtabmap_ros/docker/kilted) by extension 'ignore_ament_install'
[0.826s] Level 1:colcon.colcon_core.package_identification:_identify(src/rtabmap_ros/docker/kilted) by extensions ['colcon_pkg']
[0.826s] Level 1:colcon.colcon_core.package_identification:_identify(src/rtabmap_ros/docker/kilted) by extension 'colcon_pkg'
[0.826s] Level 1:colcon.colcon_core.package_identification:_identify(src/rtabmap_ros/docker/kilted) by extensions ['colcon_meta']
[0.826s] Level 1:colcon.colcon_core.package_identification:_identify(src/rtabmap_ros/docker/kilted) by extension 'colcon_meta'
[0.826s] Level 1:colcon.colcon_core.package_identification:_identify(src/rtabmap_ros/docker/kilted) by extensions ['ros']
[0.826s] Level 1:colcon.colcon_core.package_identification:_identify(src/rtabmap_ros/docker/kilted) by extension 'ros'
[0.826s] Level 1:colcon.colcon_core.package_identification:_identify(src/rtabmap_ros/docker/kilted) by extensions ['cmake', 'python']
[0.826s] Level 1:colcon.colcon_core.package_identification:_identify(src/rtabmap_ros/docker/kilted) by extension 'cmake'
[0.826s] Level 1:colcon.colcon_core.package_identification:_identify(src/rtabmap_ros/docker/kilted) by extension 'python'
[0.826s] Level 1:colcon.colcon_core.package_identification:_identify(src/rtabmap_ros/docker/kilted) by extensions ['python_setup_py']
[0.827s] Level 1:colcon.colcon_core.package_identification:_identify(src/rtabmap_ros/docker/kilted) by extension 'python_setup_py'
[0.827s] Level 1:colcon.colcon_core.package_identification:_identify(src/rtabmap_ros/docker/kilted/latest) by extensions ['ignore', 'ignore_ament_install']
[0.827s] Level 1:colcon.colcon_core.package_identification:_identify(src/rtabmap_ros/docker/kilted/latest) by extension 'ignore'
[0.827s] Level 1:colcon.colcon_core.package_identification:_identify(src/rtabmap_ros/docker/kilted/latest) by extension 'ignore_ament_install'
[0.827s] Level 1:colcon.colcon_core.package_identification:_identify(src/rtabmap_ros/docker/kilted/latest) by extensions ['colcon_pkg']
[0.827s] Level 1:colcon.colcon_core.package_identification:_identify(src/rtabmap_ros/docker/kilted/latest) by extension 'colcon_pkg'
[0.827s] Level 1:colcon.colcon_core.package_identification:_identify(src/rtabmap_ros/docker/kilted/latest) by extensions ['colcon_meta']
[0.827s] Level 1:colcon.colcon_core.package_identification:_identify(src/rtabmap_ros/docker/kilted/latest) by extension 'colcon_meta'
[0.827s] Level 1:colcon.colcon_core.package_identification:_identify(src/rtabmap_ros/docker/kilted/latest) by extensions ['ros']
[0.828s] Level 1:colcon.colcon_core.package_identification:_identify(src/rtabmap_ros/docker/kilted/latest) by extension 'ros'
[0.828s] Level 1:colcon.colcon_core.package_identification:_identify(src/rtabmap_ros/docker/kilted/latest) by extensions ['cmake', 'python']
[0.828s] Level 1:colcon.colcon_core.package_identification:_identify(src/rtabmap_ros/docker/kilted/latest) by extension 'cmake'
[0.828s] Level 1:colcon.colcon_core.package_identification:_identify(src/rtabmap_ros/docker/kilted/latest) by extension 'python'
[0.828s] Level 1:colcon.colcon_core.package_identification:_identify(src/rtabmap_ros/docker/kilted/latest) by extensions ['python_setup_py']
[0.828s] Level 1:colcon.colcon_core.package_identification:_identify(src/rtabmap_ros/docker/kilted/latest) by extension 'python_setup_py'
[0.828s] Level 1:colcon.colcon_core.package_identification:_identify(src/rtabmap_ros/docker/kinetic) by extensions ['ignore', 'ignore_ament_install']
[0.828s] Level 1:colcon.colcon_core.package_identification:_identify(src/rtabmap_ros/docker/kinetic) by extension 'ignore'
[0.828s] Level 1:colcon.colcon_core.package_identification:_identify(src/rtabmap_ros/docker/kinetic) by extension 'ignore_ament_install'
[0.829s] Level 1:colcon.colcon_core.package_identification:_identify(src/rtabmap_ros/docker/kinetic) by extensions ['colcon_pkg']
[0.829s] Level 1:colcon.colcon_core.package_identification:_identify(src/rtabmap_ros/docker/kinetic) by extension 'colcon_pkg'
[0.829s] Level 1:colcon.colcon_core.package_identification:_identify(src/rtabmap_ros/docker/kinetic) by extensions ['colcon_meta']
[0.829s] Level 1:colcon.colcon_core.package_identification:_identify(src/rtabmap_ros/docker/kinetic) by extension 'colcon_meta'
[0.829s] Level 1:colcon.colcon_core.package_identification:_identify(src/rtabmap_ros/docker/kinetic) by extensions ['ros']
[0.829s] Level 1:colcon.colcon_core.package_identification:_identify(src/rtabmap_ros/docker/kinetic) by extension 'ros'
[0.829s] Level 1:colcon.colcon_core.package_identification:_identify(src/rtabmap_ros/docker/kinetic) by extensions ['cmake', 'python']
[0.829s] Level 1:colcon.colcon_core.package_identification:_identify(src/rtabmap_ros/docker/kinetic) by extension 'cmake'
[0.829s] Level 1:colcon.colcon_core.package_identification:_identify(src/rtabmap_ros/docker/kinetic) by extension 'python'
[0.829s] Level 1:colcon.colcon_core.package_identification:_identify(src/rtabmap_ros/docker/kinetic) by extensions ['python_setup_py']
[0.829s] Level 1:colcon.colcon_core.package_identification:_identify(src/rtabmap_ros/docker/kinetic) by extension 'python_setup_py'
[0.830s] Level 1:colcon.colcon_core.package_identification:_identify(src/rtabmap_ros/docker/kinetic/latest) by extensions ['ignore', 'ignore_ament_install']
[0.830s] Level 1:colcon.colcon_core.package_identification:_identify(src/rtabmap_ros/docker/kinetic/latest) by extension 'ignore'
[0.830s] Level 1:colcon.colcon_core.package_identification:_identify(src/rtabmap_ros/docker/kinetic/latest) by extension 'ignore_ament_install'
[0.830s] Level 1:colcon.colcon_core.package_identification:_identify(src/rtabmap_ros/docker/kinetic/latest) by extensions ['colcon_pkg']
[0.830s] Level 1:colcon.colcon_core.package_identification:_identify(src/rtabmap_ros/docker/kinetic/latest) by extension 'colcon_pkg'
[0.830s] Level 1:colcon.colcon_core.package_identification:_identify(src/rtabmap_ros/docker/kinetic/latest) by extensions ['colcon_meta']
[0.830s] Level 1:colcon.colcon_core.package_identification:_identify(src/rtabmap_ros/docker/kinetic/latest) by extension 'colcon_meta'
[0.830s] Level 1:colcon.colcon_core.package_identification:_identify(src/rtabmap_ros/docker/kinetic/latest) by extensions ['ros']
[0.830s] Level 1:colcon.colcon_core.package_identification:_identify(src/rtabmap_ros/docker/kinetic/latest) by extension 'ros'
[0.831s] Level 1:colcon.colcon_core.package_identification:_identify(src/rtabmap_ros/docker/kinetic/latest) by extensions ['cmake', 'python']
[0.831s] Level 1:colcon.colcon_core.package_identification:_identify(src/rtabmap_ros/docker/kinetic/latest) by extension 'cmake'
[0.831s] Level 1:colcon.colcon_core.package_identification:_identify(src/rtabmap_ros/docker/kinetic/latest) by extension 'python'
[0.831s] Level 1:colcon.colcon_core.package_identification:_identify(src/rtabmap_ros/docker/kinetic/latest) by extensions ['python_setup_py']
[0.831s] Level 1:colcon.colcon_core.package_identification:_identify(src/rtabmap_ros/docker/kinetic/latest) by extension 'python_setup_py'
[0.831s] Level 1:colcon.colcon_core.package_identification:_identify(src/rtabmap_ros/docker/kinetic/latest/hooks) by extensions ['ignore', 'ignore_ament_install']
[0.831s] Level 1:colcon.colcon_core.package_identification:_identify(src/rtabmap_ros/docker/kinetic/latest/hooks) by extension 'ignore'
[0.831s] Level 1:colcon.colcon_core.package_identification:_identify(src/rtabmap_ros/docker/kinetic/latest/hooks) by extension 'ignore_ament_install'
[0.831s] Level 1:colcon.colcon_core.package_identification:_identify(src/rtabmap_ros/docker/kinetic/latest/hooks) by extensions ['colcon_pkg']
[0.831s] Level 1:colcon.colcon_core.package_identification:_identify(src/rtabmap_ros/docker/kinetic/latest/hooks) by extension 'colcon_pkg'
[0.832s] Level 1:colcon.colcon_core.package_identification:_identify(src/rtabmap_ros/docker/kinetic/latest/hooks) by extensions ['colcon_meta']
[0.832s] Level 1:colcon.colcon_core.package_identification:_identify(src/rtabmap_ros/docker/kinetic/latest/hooks) by extension 'colcon_meta'
[0.832s] Level 1:colcon.colcon_core.package_identification:_identify(src/rtabmap_ros/docker/kinetic/latest/hooks) by extensions ['ros']
[0.832s] Level 1:colcon.colcon_core.package_identification:_identify(src/rtabmap_ros/docker/kinetic/latest/hooks) by extension 'ros'
[0.832s] Level 1:colcon.colcon_core.package_identification:_identify(src/rtabmap_ros/docker/kinetic/latest/hooks) by extensions ['cmake', 'python']
[0.832s] Level 1:colcon.colcon_core.package_identification:_identify(src/rtabmap_ros/docker/kinetic/latest/hooks) by extension 'cmake'
[0.832s] Level 1:colcon.colcon_core.package_identification:_identify(src/rtabmap_ros/docker/kinetic/latest/hooks) by extension 'python'
[0.832s] Level 1:colcon.colcon_core.package_identification:_identify(src/rtabmap_ros/docker/kinetic/latest/hooks) by extensions ['python_setup_py']
[0.832s] Level 1:colcon.colcon_core.package_identification:_identify(src/rtabmap_ros/docker/kinetic/latest/hooks) by extension 'python_setup_py'
[0.832s] Level 1:colcon.colcon_core.package_identification:_identify(src/rtabmap_ros/docker/melodic) by extensions ['ignore', 'ignore_ament_install']
[0.833s] Level 1:colcon.colcon_core.package_identification:_identify(src/rtabmap_ros/docker/melodic) by extension 'ignore'
[0.833s] Level 1:colcon.colcon_core.package_identification:_identify(src/rtabmap_ros/docker/melodic) by extension 'ignore_ament_install'
[0.833s] Level 1:colcon.colcon_core.package_identification:_identify(src/rtabmap_ros/docker/melodic) by extensions ['colcon_pkg']
[0.833s] Level 1:colcon.colcon_core.package_identification:_identify(src/rtabmap_ros/docker/melodic) by extension 'colcon_pkg'
[0.833s] Level 1:colcon.colcon_core.package_identification:_identify(src/rtabmap_ros/docker/melodic) by extensions ['colcon_meta']
[0.833s] Level 1:colcon.colcon_core.package_identification:_identify(src/rtabmap_ros/docker/melodic) by extension 'colcon_meta'
[0.833s] Level 1:colcon.colcon_core.package_identification:_identify(src/rtabmap_ros/docker/melodic) by extensions ['ros']
[0.833s] Level 1:colcon.colcon_core.package_identification:_identify(src/rtabmap_ros/docker/melodic) by extension 'ros'
[0.833s] Level 1:colcon.colcon_core.package_identification:_identify(src/rtabmap_ros/docker/melodic) by extensions ['cmake', 'python']
[0.833s] Level 1:colcon.colcon_core.package_identification:_identify(src/rtabmap_ros/docker/melodic) by extension 'cmake'
[0.833s] Level 1:colcon.colcon_core.package_identification:_identify(src/rtabmap_ros/docker/melodic) by extension 'python'
[0.834s] Level 1:colcon.colcon_core.package_identification:_identify(src/rtabmap_ros/docker/melodic) by extensions ['python_setup_py']
[0.834s] Level 1:colcon.colcon_core.package_identification:_identify(src/rtabmap_ros/docker/melodic) by extension 'python_setup_py'
[0.834s] Level 1:colcon.colcon_core.package_identification:_identify(src/rtabmap_ros/docker/melodic/latest) by extensions ['ignore', 'ignore_ament_install']
[0.834s] Level 1:colcon.colcon_core.package_identification:_identify(src/rtabmap_ros/docker/melodic/latest) by extension 'ignore'
[0.834s] Level 1:colcon.colcon_core.package_identification:_identify(src/rtabmap_ros/docker/melodic/latest) by extension 'ignore_ament_install'
[0.834s] Level 1:colcon.colcon_core.package_identification:_identify(src/rtabmap_ros/docker/melodic/latest) by extensions ['colcon_pkg']
[0.834s] Level 1:colcon.colcon_core.package_identification:_identify(src/rtabmap_ros/docker/melodic/latest) by extension 'colcon_pkg'
[0.834s] Level 1:colcon.colcon_core.package_identification:_identify(src/rtabmap_ros/docker/melodic/latest) by extensions ['colcon_meta']
[0.834s] Level 1:colcon.colcon_core.package_identification:_identify(src/rtabmap_ros/docker/melodic/latest) by extension 'colcon_meta'
[0.835s] Level 1:colcon.colcon_core.package_identification:_identify(src/rtabmap_ros/docker/melodic/latest) by extensions ['ros']
[0.835s] Level 1:colcon.colcon_core.package_identification:_identify(src/rtabmap_ros/docker/melodic/latest) by extension 'ros'
[0.835s] Level 1:colcon.colcon_core.package_identification:_identify(src/rtabmap_ros/docker/melodic/latest) by extensions ['cmake', 'python']
[0.835s] Level 1:colcon.colcon_core.package_identification:_identify(src/rtabmap_ros/docker/melodic/latest) by extension 'cmake'
[0.835s] Level 1:colcon.colcon_core.package_identification:_identify(src/rtabmap_ros/docker/melodic/latest) by extension 'python'
[0.835s] Level 1:colcon.colcon_core.package_identification:_identify(src/rtabmap_ros/docker/melodic/latest) by extensions ['python_setup_py']
[0.835s] Level 1:colcon.colcon_core.package_identification:_identify(src/rtabmap_ros/docker/melodic/latest) by extension 'python_setup_py'
[0.835s] Level 1:colcon.colcon_core.package_identification:_identify(src/rtabmap_ros/docker/melodic/latest/hooks) by extensions ['ignore', 'ignore_ament_install']
[0.835s] Level 1:colcon.colcon_core.package_identification:_identify(src/rtabmap_ros/docker/melodic/latest/hooks) by extension 'ignore'
[0.836s] Level 1:colcon.colcon_core.package_identification:_identify(src/rtabmap_ros/docker/melodic/latest/hooks) by extension 'ignore_ament_install'
[0.836s] Level 1:colcon.colcon_core.package_identification:_identify(src/rtabmap_ros/docker/melodic/latest/hooks) by extensions ['colcon_pkg']
[0.836s] Level 1:colcon.colcon_core.package_identification:_identify(src/rtabmap_ros/docker/melodic/latest/hooks) by extension 'colcon_pkg'
[0.836s] Level 1:colcon.colcon_core.package_identification:_identify(src/rtabmap_ros/docker/melodic/latest/hooks) by extensions ['colcon_meta']
[0.836s] Level 1:colcon.colcon_core.package_identification:_identify(src/rtabmap_ros/docker/melodic/latest/hooks) by extension 'colcon_meta'
[0.836s] Level 1:colcon.colcon_core.package_identification:_identify(src/rtabmap_ros/docker/melodic/latest/hooks) by extensions ['ros']
[0.836s] Level 1:colcon.colcon_core.package_identification:_identify(src/rtabmap_ros/docker/melodic/latest/hooks) by extension 'ros'
[0.836s] Level 1:colcon.colcon_core.package_identification:_identify(src/rtabmap_ros/docker/melodic/latest/hooks) by extensions ['cmake', 'python']
[0.836s] Level 1:colcon.colcon_core.package_identification:_identify(src/rtabmap_ros/docker/melodic/latest/hooks) by extension 'cmake'
[0.836s] Level 1:colcon.colcon_core.package_identification:_identify(src/rtabmap_ros/docker/melodic/latest/hooks) by extension 'python'
[0.836s] Level 1:colcon.colcon_core.package_identification:_identify(src/rtabmap_ros/docker/melodic/latest/hooks) by extensions ['python_setup_py']
[0.836s] Level 1:colcon.colcon_core.package_identification:_identify(src/rtabmap_ros/docker/melodic/latest/hooks) by extension 'python_setup_py'
[0.837s] Level 1:colcon.colcon_core.package_identification:_identify(src/rtabmap_ros/docker/noetic) by extensions ['ignore', 'ignore_ament_install']
[0.837s] Level 1:colcon.colcon_core.package_identification:_identify(src/rtabmap_ros/docker/noetic) by extension 'ignore'
[0.837s] Level 1:colcon.colcon_core.package_identification:_identify(src/rtabmap_ros/docker/noetic) by extension 'ignore_ament_install'
[0.837s] Level 1:colcon.colcon_core.package_identification:_identify(src/rtabmap_ros/docker/noetic) by extensions ['colcon_pkg']
[0.837s] Level 1:colcon.colcon_core.package_identification:_identify(src/rtabmap_ros/docker/noetic) by extension 'colcon_pkg'
[0.837s] Level 1:colcon.colcon_core.package_identification:_identify(src/rtabmap_ros/docker/noetic) by extensions ['colcon_meta']
[0.837s] Level 1:colcon.colcon_core.package_identification:_identify(src/rtabmap_ros/docker/noetic) by extension 'colcon_meta'
[0.837s] Level 1:colcon.colcon_core.package_identification:_identify(src/rtabmap_ros/docker/noetic) by extensions ['ros']
[0.837s] Level 1:colcon.colcon_core.package_identification:_identify(src/rtabmap_ros/docker/noetic) by extension 'ros'
[0.838s] Level 1:colcon.colcon_core.package_identification:_identify(src/rtabmap_ros/docker/noetic) by extensions ['cmake', 'python']
[0.838s] Level 1:colcon.colcon_core.package_identification:_identify(src/rtabmap_ros/docker/noetic) by extension 'cmake'
[0.838s] Level 1:colcon.colcon_core.package_identification:_identify(src/rtabmap_ros/docker/noetic) by extension 'python'
[0.838s] Level 1:colcon.colcon_core.package_identification:_identify(src/rtabmap_ros/docker/noetic) by extensions ['python_setup_py']
[0.838s] Level 1:colcon.colcon_core.package_identification:_identify(src/rtabmap_ros/docker/noetic) by extension 'python_setup_py'
[0.838s] Level 1:colcon.colcon_core.package_identification:_identify(src/rtabmap_ros/docker/noetic/latest) by extensions ['ignore', 'ignore_ament_install']
[0.838s] Level 1:colcon.colcon_core.package_identification:_identify(src/rtabmap_ros/docker/noetic/latest) by extension 'ignore'
[0.838s] Level 1:colcon.colcon_core.package_identification:_identify(src/rtabmap_ros/docker/noetic/latest) by extension 'ignore_ament_install'
[0.838s] Level 1:colcon.colcon_core.package_identification:_identify(src/rtabmap_ros/docker/noetic/latest) by extensions ['colcon_pkg']
[0.839s] Level 1:colcon.colcon_core.package_identification:_identify(src/rtabmap_ros/docker/noetic/latest) by extension 'colcon_pkg'
[0.839s] Level 1:colcon.colcon_core.package_identification:_identify(src/rtabmap_ros/docker/noetic/latest) by extensions ['colcon_meta']
[0.839s] Level 1:colcon.colcon_core.package_identification:_identify(src/rtabmap_ros/docker/noetic/latest) by extension 'colcon_meta'
[0.839s] Level 1:colcon.colcon_core.package_identification:_identify(src/rtabmap_ros/docker/noetic/latest) by extensions ['ros']
[0.839s] Level 1:colcon.colcon_core.package_identification:_identify(src/rtabmap_ros/docker/noetic/latest) by extension 'ros'
[0.839s] Level 1:colcon.colcon_core.package_identification:_identify(src/rtabmap_ros/docker/noetic/latest) by extensions ['cmake', 'python']
[0.839s] Level 1:colcon.colcon_core.package_identification:_identify(src/rtabmap_ros/docker/noetic/latest) by extension 'cmake'
[0.839s] Level 1:colcon.colcon_core.package_identification:_identify(src/rtabmap_ros/docker/noetic/latest) by extension 'python'
[0.839s] Level 1:colcon.colcon_core.package_identification:_identify(src/rtabmap_ros/docker/noetic/latest) by extensions ['python_setup_py']
[0.839s] Level 1:colcon.colcon_core.package_identification:_identify(src/rtabmap_ros/docker/noetic/latest) by extension 'python_setup_py'
[0.840s] Level 1:colcon.colcon_core.package_identification:_identify(src/rtabmap_ros/docker/noetic/latest/hooks) by extensions ['ignore', 'ignore_ament_install']
[0.840s] Level 1:colcon.colcon_core.package_identification:_identify(src/rtabmap_ros/docker/noetic/latest/hooks) by extension 'ignore'
[0.840s] Level 1:colcon.colcon_core.package_identification:_identify(src/rtabmap_ros/docker/noetic/latest/hooks) by extension 'ignore_ament_install'
[0.840s] Level 1:colcon.colcon_core.package_identification:_identify(src/rtabmap_ros/docker/noetic/latest/hooks) by extensions ['colcon_pkg']
[0.840s] Level 1:colcon.colcon_core.package_identification:_identify(src/rtabmap_ros/docker/noetic/latest/hooks) by extension 'colcon_pkg'
[0.840s] Level 1:colcon.colcon_core.package_identification:_identify(src/rtabmap_ros/docker/noetic/latest/hooks) by extensions ['colcon_meta']
[0.840s] Level 1:colcon.colcon_core.package_identification:_identify(src/rtabmap_ros/docker/noetic/latest/hooks) by extension 'colcon_meta'
[0.840s] Level 1:colcon.colcon_core.package_identification:_identify(src/rtabmap_ros/docker/noetic/latest/hooks) by extensions ['ros']
[0.840s] Level 1:colcon.colcon_core.package_identification:_identify(src/rtabmap_ros/docker/noetic/latest/hooks) by extension 'ros'
[0.841s] Level 1:colcon.colcon_core.package_identification:_identify(src/rtabmap_ros/docker/noetic/latest/hooks) by extensions ['cmake', 'python']
[0.841s] Level 1:colcon.colcon_core.package_identification:_identify(src/rtabmap_ros/docker/noetic/latest/hooks) by extension 'cmake'
[0.841s] Level 1:colcon.colcon_core.package_identification:_identify(src/rtabmap_ros/docker/noetic/latest/hooks) by extension 'python'
[0.841s] Level 1:colcon.colcon_core.package_identification:_identify(src/rtabmap_ros/docker/noetic/latest/hooks) by extensions ['python_setup_py']
[0.841s] Level 1:colcon.colcon_core.package_identification:_identify(src/rtabmap_ros/docker/noetic/latest/hooks) by extension 'python_setup_py'
[0.841s] Level 1:colcon.colcon_core.package_identification:_identify(src/rtabmap_ros/docker/noetic/superpoint) by extensions ['ignore', 'ignore_ament_install']
[0.841s] Level 1:colcon.colcon_core.package_identification:_identify(src/rtabmap_ros/docker/noetic/superpoint) by extension 'ignore'
[0.841s] Level 1:colcon.colcon_core.package_identification:_identify(src/rtabmap_ros/docker/noetic/superpoint) by extension 'ignore_ament_install'
[0.841s] Level 1:colcon.colcon_core.package_identification:_identify(src/rtabmap_ros/docker/noetic/superpoint) by extensions ['colcon_pkg']
[0.841s] Level 1:colcon.colcon_core.package_identification:_identify(src/rtabmap_ros/docker/noetic/superpoint) by extension 'colcon_pkg'
[0.842s] Level 1:colcon.colcon_core.package_identification:_identify(src/rtabmap_ros/docker/noetic/superpoint) by extensions ['colcon_meta']
[0.842s] Level 1:colcon.colcon_core.package_identification:_identify(src/rtabmap_ros/docker/noetic/superpoint) by extension 'colcon_meta'
[0.842s] Level 1:colcon.colcon_core.package_identification:_identify(src/rtabmap_ros/docker/noetic/superpoint) by extensions ['ros']
[0.842s] Level 1:colcon.colcon_core.package_identification:_identify(src/rtabmap_ros/docker/noetic/superpoint) by extension 'ros'
[0.842s] Level 1:colcon.colcon_core.package_identification:_identify(src/rtabmap_ros/docker/noetic/superpoint) by extensions ['cmake', 'python']
[0.842s] Level 1:colcon.colcon_core.package_identification:_identify(src/rtabmap_ros/docker/noetic/superpoint) by extension 'cmake'
[0.842s] Level 1:colcon.colcon_core.package_identification:_identify(src/rtabmap_ros/docker/noetic/superpoint) by extension 'python'
[0.842s] Level 1:colcon.colcon_core.package_identification:_identify(src/rtabmap_ros/docker/noetic/superpoint) by extensions ['python_setup_py']
[0.842s] Level 1:colcon.colcon_core.package_identification:_identify(src/rtabmap_ros/docker/noetic/superpoint) by extension 'python_setup_py'
[0.842s] Level 1:colcon.colcon_core.package_identification:_identify(src/rtabmap_ros/rtabmap_conversions) by extensions ['ignore', 'ignore_ament_install']
[0.843s] Level 1:colcon.colcon_core.package_identification:_identify(src/rtabmap_ros/rtabmap_conversions) by extension 'ignore'
[0.843s] Level 1:colcon.colcon_core.package_identification:_identify(src/rtabmap_ros/rtabmap_conversions) by extension 'ignore_ament_install'
[0.843s] Level 1:colcon.colcon_core.package_identification:_identify(src/rtabmap_ros/rtabmap_conversions) by extensions ['colcon_pkg']
[0.843s] Level 1:colcon.colcon_core.package_identification:_identify(src/rtabmap_ros/rtabmap_conversions) by extension 'colcon_pkg'
[0.843s] Level 1:colcon.colcon_core.package_identification:_identify(src/rtabmap_ros/rtabmap_conversions) by extensions ['colcon_meta']
[0.843s] Level 1:colcon.colcon_core.package_identification:_identify(src/rtabmap_ros/rtabmap_conversions) by extension 'colcon_meta'
[0.843s] Level 1:colcon.colcon_core.package_identification:_identify(src/rtabmap_ros/rtabmap_conversions) by extensions ['ros']
[0.843s] Level 1:colcon.colcon_core.package_identification:_identify(src/rtabmap_ros/rtabmap_conversions) by extension 'ros'
[0.846s] DEBUG:colcon.colcon_core.package_identification:Package 'src/rtabmap_ros/rtabmap_conversions' with type 'ros.ament_cmake' and name 'rtabmap_conversions'
[0.846s] Level 1:colcon.colcon_core.package_identification:_identify(src/rtabmap_ros/rtabmap_costmap_plugins) by extensions ['ignore', 'ignore_ament_install']
[0.846s] Level 1:colcon.colcon_core.package_identification:_identify(src/rtabmap_ros/rtabmap_costmap_plugins) by extension 'ignore'
[0.846s] Level 1:colcon.colcon_core.package_identification:_identify(src/rtabmap_ros/rtabmap_costmap_plugins) by extension 'ignore_ament_install'
[0.847s] Level 1:colcon.colcon_core.package_identification:_identify(src/rtabmap_ros/rtabmap_costmap_plugins) by extensions ['colcon_pkg']
[0.847s] Level 1:colcon.colcon_core.package_identification:_identify(src/rtabmap_ros/rtabmap_costmap_plugins) by extension 'colcon_pkg'
[0.847s] Level 1:colcon.colcon_core.package_identification:_identify(src/rtabmap_ros/rtabmap_costmap_plugins) by extensions ['colcon_meta']
[0.847s] Level 1:colcon.colcon_core.package_identification:_identify(src/rtabmap_ros/rtabmap_costmap_plugins) by extension 'colcon_meta'
[0.847s] Level 1:colcon.colcon_core.package_identification:_identify(src/rtabmap_ros/rtabmap_costmap_plugins) by extensions ['ros']
[0.847s] Level 1:colcon.colcon_core.package_identification:_identify(src/rtabmap_ros/rtabmap_costmap_plugins) by extension 'ros'
[0.848s] DEBUG:colcon.colcon_core.package_identification:Package 'src/rtabmap_ros/rtabmap_costmap_plugins' with type 'ros.ament_cmake' and name 'rtabmap_costmap_plugins'
[0.849s] Level 1:colcon.colcon_core.package_identification:_identify(src/rtabmap_ros/rtabmap_demos) by extensions ['ignore', 'ignore_ament_install']
[0.849s] Level 1:colcon.colcon_core.package_identification:_identify(src/rtabmap_ros/rtabmap_demos) by extension 'ignore'
[0.849s] Level 1:colcon.colcon_core.package_identification:_identify(src/rtabmap_ros/rtabmap_demos) by extension 'ignore_ament_install'
[0.849s] Level 1:colcon.colcon_core.package_identification:_identify(src/rtabmap_ros/rtabmap_demos) by extensions ['colcon_pkg']
[0.849s] Level 1:colcon.colcon_core.package_identification:_identify(src/rtabmap_ros/rtabmap_demos) by extension 'colcon_pkg'
[0.849s] Level 1:colcon.colcon_core.package_identification:_identify(src/rtabmap_ros/rtabmap_demos) by extensions ['colcon_meta']
[0.849s] Level 1:colcon.colcon_core.package_identification:_identify(src/rtabmap_ros/rtabmap_demos) by extension 'colcon_meta'
[0.849s] Level 1:colcon.colcon_core.package_identification:_identify(src/rtabmap_ros/rtabmap_demos) by extensions ['ros']
[0.850s] Level 1:colcon.colcon_core.package_identification:_identify(src/rtabmap_ros/rtabmap_demos) by extension 'ros'
[0.851s] DEBUG:colcon.colcon_core.package_identification:Package 'src/rtabmap_ros/rtabmap_demos' with type 'ros.ament_cmake' and name 'rtabmap_demos'
[0.851s] Level 1:colcon.colcon_core.package_identification:_identify(src/rtabmap_ros/rtabmap_examples) by extensions ['ignore', 'ignore_ament_install']
[0.851s] Level 1:colcon.colcon_core.package_identification:_identify(src/rtabmap_ros/rtabmap_examples) by extension 'ignore'
[0.851s] Level 1:colcon.colcon_core.package_identification:_identify(src/rtabmap_ros/rtabmap_examples) by extension 'ignore_ament_install'
[0.851s] Level 1:colcon.colcon_core.package_identification:_identify(src/rtabmap_ros/rtabmap_examples) by extensions ['colcon_pkg']
[0.851s] Level 1:colcon.colcon_core.package_identification:_identify(src/rtabmap_ros/rtabmap_examples) by extension 'colcon_pkg'
[0.852s] Level 1:colcon.colcon_core.package_identification:_identify(src/rtabmap_ros/rtabmap_examples) by extensions ['colcon_meta']
[0.852s] Level 1:colcon.colcon_core.package_identification:_identify(src/rtabmap_ros/rtabmap_examples) by extension 'colcon_meta'
[0.852s] Level 1:colcon.colcon_core.package_identification:_identify(src/rtabmap_ros/rtabmap_examples) by extensions ['ros']
[0.852s] Level 1:colcon.colcon_core.package_identification:_identify(src/rtabmap_ros/rtabmap_examples) by extension 'ros'
[0.853s] DEBUG:colcon.colcon_core.package_identification:Package 'src/rtabmap_ros/rtabmap_examples' with type 'ros.ament_cmake' and name 'rtabmap_examples'
[0.853s] Level 1:colcon.colcon_core.package_identification:_identify(src/rtabmap_ros/rtabmap_launch) by extensions ['ignore', 'ignore_ament_install']
[0.853s] Level 1:colcon.colcon_core.package_identification:_identify(src/rtabmap_ros/rtabmap_launch) by extension 'ignore'
[0.853s] Level 1:colcon.colcon_core.package_identification:_identify(src/rtabmap_ros/rtabmap_launch) by extension 'ignore_ament_install'
[0.854s] Level 1:colcon.colcon_core.package_identification:_identify(src/rtabmap_ros/rtabmap_launch) by extensions ['colcon_pkg']
[0.854s] Level 1:colcon.colcon_core.package_identification:_identify(src/rtabmap_ros/rtabmap_launch) by extension 'colcon_pkg'
[0.854s] Level 1:colcon.colcon_core.package_identification:_identify(src/rtabmap_ros/rtabmap_launch) by extensions ['colcon_meta']
[0.854s] Level 1:colcon.colcon_core.package_identification:_identify(src/rtabmap_ros/rtabmap_launch) by extension 'colcon_meta'
[0.854s] Level 1:colcon.colcon_core.package_identification:_identify(src/rtabmap_ros/rtabmap_launch) by extensions ['ros']
[0.854s] Level 1:colcon.colcon_core.package_identification:_identify(src/rtabmap_ros/rtabmap_launch) by extension 'ros'
[0.855s] DEBUG:colcon.colcon_core.package_identification:Package 'src/rtabmap_ros/rtabmap_launch' with type 'ros.ament_cmake' and name 'rtabmap_launch'
[0.855s] Level 1:colcon.colcon_core.package_identification:_identify(src/rtabmap_ros/rtabmap_msgs) by extensions ['ignore', 'ignore_ament_install']
[0.856s] Level 1:colcon.colcon_core.package_identification:_identify(src/rtabmap_ros/rtabmap_msgs) by extension 'ignore'
[0.856s] Level 1:colcon.colcon_core.package_identification:_identify(src/rtabmap_ros/rtabmap_msgs) by extension 'ignore_ament_install'
[0.856s] Level 1:colcon.colcon_core.package_identification:_identify(src/rtabmap_ros/rtabmap_msgs) by extensions ['colcon_pkg']
[0.856s] Level 1:colcon.colcon_core.package_identification:_identify(src/rtabmap_ros/rtabmap_msgs) by extension 'colcon_pkg'
[0.856s] Level 1:colcon.colcon_core.package_identification:_identify(src/rtabmap_ros/rtabmap_msgs) by extensions ['colcon_meta']
[0.856s] Level 1:colcon.colcon_core.package_identification:_identify(src/rtabmap_ros/rtabmap_msgs) by extension 'colcon_meta'
[0.856s] Level 1:colcon.colcon_core.package_identification:_identify(src/rtabmap_ros/rtabmap_msgs) by extensions ['ros']
[0.856s] Level 1:colcon.colcon_core.package_identification:_identify(src/rtabmap_ros/rtabmap_msgs) by extension 'ros'
[0.858s] DEBUG:colcon.colcon_core.package_identification:Package 'src/rtabmap_ros/rtabmap_msgs' with type 'ros.ament_cmake' and name 'rtabmap_msgs'
[0.858s] Level 1:colcon.colcon_core.package_identification:_identify(src/rtabmap_ros/rtabmap_odom) by extensions ['ignore', 'ignore_ament_install']
[0.858s] Level 1:colcon.colcon_core.package_identification:_identify(src/rtabmap_ros/rtabmap_odom) by extension 'ignore'
[0.858s] Level 1:colcon.colcon_core.package_identification:_identify(src/rtabmap_ros/rtabmap_odom) by extension 'ignore_ament_install'
[0.859s] Level 1:colcon.colcon_core.package_identification:_identify(src/rtabmap_ros/rtabmap_odom) by extensions ['colcon_pkg']
[0.859s] Level 1:colcon.colcon_core.package_identification:_identify(src/rtabmap_ros/rtabmap_odom) by extension 'colcon_pkg'
[0.859s] Level 1:colcon.colcon_core.package_identification:_identify(src/rtabmap_ros/rtabmap_odom) by extensions ['colcon_meta']
[0.859s] Level 1:colcon.colcon_core.package_identification:_identify(src/rtabmap_ros/rtabmap_odom) by extension 'colcon_meta'
[0.859s] Level 1:colcon.colcon_core.package_identification:_identify(src/rtabmap_ros/rtabmap_odom) by extensions ['ros']
[0.859s] Level 1:colcon.colcon_core.package_identification:_identify(src/rtabmap_ros/rtabmap_odom) by extension 'ros'
[0.862s] DEBUG:colcon.colcon_core.package_identification:Package 'src/rtabmap_ros/rtabmap_odom' with type 'ros.ament_cmake' and name 'rtabmap_odom'
[0.862s] Level 1:colcon.colcon_core.package_identification:_identify(src/rtabmap_ros/rtabmap_python) by extensions ['ignore', 'ignore_ament_install']
[0.863s] Level 1:colcon.colcon_core.package_identification:_identify(src/rtabmap_ros/rtabmap_python) by extension 'ignore'
[0.863s] Level 1:colcon.colcon_core.package_identification:_identify(src/rtabmap_ros/rtabmap_python) by extension 'ignore_ament_install'
[0.863s] Level 1:colcon.colcon_core.package_identification:_identify(src/rtabmap_ros/rtabmap_python) by extensions ['colcon_pkg']
[0.863s] Level 1:colcon.colcon_core.package_identification:_identify(src/rtabmap_ros/rtabmap_python) by extension 'colcon_pkg'
[0.863s] Level 1:colcon.colcon_core.package_identification:_identify(src/rtabmap_ros/rtabmap_python) by extensions ['colcon_meta']
[0.863s] Level 1:colcon.colcon_core.package_identification:_identify(src/rtabmap_ros/rtabmap_python) by extension 'colcon_meta'
[0.863s] Level 1:colcon.colcon_core.package_identification:_identify(src/rtabmap_ros/rtabmap_python) by extensions ['ros']
[0.863s] Level 1:colcon.colcon_core.package_identification:_identify(src/rtabmap_ros/rtabmap_python) by extension 'ros'
[0.864s] DEBUG:colcon.colcon_core.package_identification:Package 'src/rtabmap_ros/rtabmap_python' with type 'ros.ament_python' and name 'rtabmap_python'
[0.864s] Level 1:colcon.colcon_core.package_identification:_identify(src/rtabmap_ros/rtabmap_ros) by extensions ['ignore', 'ignore_ament_install']
[0.865s] Level 1:colcon.colcon_core.package_identification:_identify(src/rtabmap_ros/rtabmap_ros) by extension 'ignore'
[0.865s] Level 1:colcon.colcon_core.package_identification:_identify(src/rtabmap_ros/rtabmap_ros) by extension 'ignore_ament_install'
[0.865s] Level 1:colcon.colcon_core.package_identification:_identify(src/rtabmap_ros/rtabmap_ros) by extensions ['colcon_pkg']
[0.865s] Level 1:colcon.colcon_core.package_identification:_identify(src/rtabmap_ros/rtabmap_ros) by extension 'colcon_pkg'
[0.865s] Level 1:colcon.colcon_core.package_identification:_identify(src/rtabmap_ros/rtabmap_ros) by extensions ['colcon_meta']
[0.865s] Level 1:colcon.colcon_core.package_identification:_identify(src/rtabmap_ros/rtabmap_ros) by extension 'colcon_meta'
[0.865s] Level 1:colcon.colcon_core.package_identification:_identify(src/rtabmap_ros/rtabmap_ros) by extensions ['ros']
[0.865s] Level 1:colcon.colcon_core.package_identification:_identify(src/rtabmap_ros/rtabmap_ros) by extension 'ros'
[0.867s] DEBUG:colcon.colcon_core.package_identification:Package 'src/rtabmap_ros/rtabmap_ros' with type 'ros.ament_cmake' and name 'rtabmap_ros'
[0.867s] Level 1:colcon.colcon_core.package_identification:_identify(src/rtabmap_ros/rtabmap_rviz_plugins) by extensions ['ignore', 'ignore_ament_install']
[0.867s] Level 1:colcon.colcon_core.package_identification:_identify(src/rtabmap_ros/rtabmap_rviz_plugins) by extension 'ignore'
[0.867s] Level 1:colcon.colcon_core.package_identification:_identify(src/rtabmap_ros/rtabmap_rviz_plugins) by extension 'ignore_ament_install'
[0.867s] Level 1:colcon.colcon_core.package_identification:_identify(src/rtabmap_ros/rtabmap_rviz_plugins) by extensions ['colcon_pkg']
[0.867s] Level 1:colcon.colcon_core.package_identification:_identify(src/rtabmap_ros/rtabmap_rviz_plugins) by extension 'colcon_pkg'
[0.867s] Level 1:colcon.colcon_core.package_identification:_identify(src/rtabmap_ros/rtabmap_rviz_plugins) by extensions ['colcon_meta']
[0.867s] Level 1:colcon.colcon_core.package_identification:_identify(src/rtabmap_ros/rtabmap_rviz_plugins) by extension 'colcon_meta'
[0.868s] Level 1:colcon.colcon_core.package_identification:_identify(src/rtabmap_ros/rtabmap_rviz_plugins) by extensions ['ros']
[0.868s] Level 1:colcon.colcon_core.package_identification:_identify(src/rtabmap_ros/rtabmap_rviz_plugins) by extension 'ros'
[0.870s] DEBUG:colcon.colcon_core.package_identification:Package 'src/rtabmap_ros/rtabmap_rviz_plugins' with type 'ros.ament_cmake' and name 'rtabmap_rviz_plugins'
[0.870s] Level 1:colcon.colcon_core.package_identification:_identify(src/rtabmap_ros/rtabmap_slam) by extensions ['ignore', 'ignore_ament_install']
[0.870s] Level 1:colcon.colcon_core.package_identification:_identify(src/rtabmap_ros/rtabmap_slam) by extension 'ignore'
[0.870s] Level 1:colcon.colcon_core.package_identification:_identify(src/rtabmap_ros/rtabmap_slam) by extension 'ignore_ament_install'
[0.870s] Level 1:colcon.colcon_core.package_identification:_identify(src/rtabmap_ros/rtabmap_slam) by extensions ['colcon_pkg']
[0.871s] Level 1:colcon.colcon_core.package_identification:_identify(src/rtabmap_ros/rtabmap_slam) by extension 'colcon_pkg'
[0.871s] Level 1:colcon.colcon_core.package_identification:_identify(src/rtabmap_ros/rtabmap_slam) by extensions ['colcon_meta']
[0.871s] Level 1:colcon.colcon_core.package_identification:_identify(src/rtabmap_ros/rtabmap_slam) by extension 'colcon_meta'
[0.871s] Level 1:colcon.colcon_core.package_identification:_identify(src/rtabmap_ros/rtabmap_slam) by extensions ['ros']
[0.871s] Level 1:colcon.colcon_core.package_identification:_identify(src/rtabmap_ros/rtabmap_slam) by extension 'ros'
[0.874s] DEBUG:colcon.colcon_core.package_identification:Package 'src/rtabmap_ros/rtabmap_slam' with type 'ros.ament_cmake' and name 'rtabmap_slam'
[0.875s] Level 1:colcon.colcon_core.package_identification:_identify(src/rtabmap_ros/rtabmap_sync) by extensions ['ignore', 'ignore_ament_install']
[0.875s] Level 1:colcon.colcon_core.package_identification:_identify(src/rtabmap_ros/rtabmap_sync) by extension 'ignore'
[0.875s] Level 1:colcon.colcon_core.package_identification:_identify(src/rtabmap_ros/rtabmap_sync) by extension 'ignore_ament_install'
[0.875s] Level 1:colcon.colcon_core.package_identification:_identify(src/rtabmap_ros/rtabmap_sync) by extensions ['colcon_pkg']
[0.875s] Level 1:colcon.colcon_core.package_identification:_identify(src/rtabmap_ros/rtabmap_sync) by extension 'colcon_pkg'
[0.875s] Level 1:colcon.colcon_core.package_identification:_identify(src/rtabmap_ros/rtabmap_sync) by extensions ['colcon_meta']
[0.875s] Level 1:colcon.colcon_core.package_identification:_identify(src/rtabmap_ros/rtabmap_sync) by extension 'colcon_meta'
[0.875s] Level 1:colcon.colcon_core.package_identification:_identify(src/rtabmap_ros/rtabmap_sync) by extensions ['ros']
[0.875s] Level 1:colcon.colcon_core.package_identification:_identify(src/rtabmap_ros/rtabmap_sync) by extension 'ros'
[0.878s] DEBUG:colcon.colcon_core.package_identification:Package 'src/rtabmap_ros/rtabmap_sync' with type 'ros.ament_cmake' and name 'rtabmap_sync'
[0.878s] Level 1:colcon.colcon_core.package_identification:_identify(src/rtabmap_ros/rtabmap_util) by extensions ['ignore', 'ignore_ament_install']
[0.878s] Level 1:colcon.colcon_core.package_identification:_identify(src/rtabmap_ros/rtabmap_util) by extension 'ignore'
[0.878s] Level 1:colcon.colcon_core.package_identification:_identify(src/rtabmap_ros/rtabmap_util) by extension 'ignore_ament_install'
[0.878s] Level 1:colcon.colcon_core.package_identification:_identify(src/rtabmap_ros/rtabmap_util) by extensions ['colcon_pkg']
[0.878s] Level 1:colcon.colcon_core.package_identification:_identify(src/rtabmap_ros/rtabmap_util) by extension 'colcon_pkg'
[0.878s] Level 1:colcon.colcon_core.package_identification:_identify(src/rtabmap_ros/rtabmap_util) by extensions ['colcon_meta']
[0.878s] Level 1:colcon.colcon_core.package_identification:_identify(src/rtabmap_ros/rtabmap_util) by extension 'colcon_meta'
[0.879s] Level 1:colcon.colcon_core.package_identification:_identify(src/rtabmap_ros/rtabmap_util) by extensions ['ros']
[0.879s] Level 1:colcon.colcon_core.package_identification:_identify(src/rtabmap_ros/rtabmap_util) by extension 'ros'
[0.882s] DEBUG:colcon.colcon_core.package_identification:Package 'src/rtabmap_ros/rtabmap_util' with type 'ros.ament_cmake' and name 'rtabmap_util'
[0.883s] Level 1:colcon.colcon_core.package_identification:_identify(src/rtabmap_ros/rtabmap_viz) by extensions ['ignore', 'ignore_ament_install']
[0.883s] Level 1:colcon.colcon_core.package_identification:_identify(src/rtabmap_ros/rtabmap_viz) by extension 'ignore'
[0.883s] Level 1:colcon.colcon_core.package_identification:_identify(src/rtabmap_ros/rtabmap_viz) by extension 'ignore_ament_install'
[0.883s] Level 1:colcon.colcon_core.package_identification:_identify(src/rtabmap_ros/rtabmap_viz) by extensions ['colcon_pkg']
[0.883s] Level 1:colcon.colcon_core.package_identification:_identify(src/rtabmap_ros/rtabmap_viz) by extension 'colcon_pkg'
[0.883s] Level 1:colcon.colcon_core.package_identification:_identify(src/rtabmap_ros/rtabmap_viz) by extensions ['colcon_meta']
[0.883s] Level 1:colcon.colcon_core.package_identification:_identify(src/rtabmap_ros/rtabmap_viz) by extension 'colcon_meta'
[0.884s] Level 1:colcon.colcon_core.package_identification:_identify(src/rtabmap_ros/rtabmap_viz) by extensions ['ros']
[0.884s] Level 1:colcon.colcon_core.package_identification:_identify(src/rtabmap_ros/rtabmap_viz) by extension 'ros'
[0.886s] DEBUG:colcon.colcon_core.package_identification:Package 'src/rtabmap_ros/rtabmap_viz' with type 'ros.ament_cmake' and name 'rtabmap_viz'
[0.886s] Level 1:colcon.colcon_core.package_identification:_identify(src/vio_perception_pipeline) by extensions ['ignore', 'ignore_ament_install']
[0.886s] Level 1:colcon.colcon_core.package_identification:_identify(src/vio_perception_pipeline) by extension 'ignore'
[0.886s] Level 1:colcon.colcon_core.package_identification:_identify(src/vio_perception_pipeline) by extension 'ignore_ament_install'
[0.886s] Level 1:colcon.colcon_core.package_identification:_identify(src/vio_perception_pipeline) by extensions ['colcon_pkg']
[0.886s] Level 1:colcon.colcon_core.package_identification:_identify(src/vio_perception_pipeline) by extension 'colcon_pkg'
[0.886s] Level 1:colcon.colcon_core.package_identification:_identify(src/vio_perception_pipeline) by extensions ['colcon_meta']
[0.886s] Level 1:colcon.colcon_core.package_identification:_identify(src/vio_perception_pipeline) by extension 'colcon_meta'
[0.887s] Level 1:colcon.colcon_core.package_identification:_identify(src/vio_perception_pipeline) by extensions ['ros']
[0.887s] Level 1:colcon.colcon_core.package_identification:_identify(src/vio_perception_pipeline) by extension 'ros'
[0.888s] DEBUG:colcon.colcon_core.package_identification:Package 'src/vio_perception_pipeline' with type 'ros.ament_python' and name 'vio_perception_pipeline'
[0.888s] Level 1:colcon.colcon_core.package_identification:_identify(src/vision_opencv) by extensions ['ignore', 'ignore_ament_install']
[0.888s] Level 1:colcon.colcon_core.package_identification:_identify(src/vision_opencv) by extension 'ignore'
[0.888s] Level 1:colcon.colcon_core.package_identification:_identify(src/vision_opencv) by extension 'ignore_ament_install'
[0.889s] Level 1:colcon.colcon_core.package_identification:_identify(src/vision_opencv) by extensions ['colcon_pkg']
[0.889s] Level 1:colcon.colcon_core.package_identification:_identify(src/vision_opencv) by extension 'colcon_pkg'
[0.889s] Level 1:colcon.colcon_core.package_identification:_identify(src/vision_opencv) by extensions ['colcon_meta']
[0.889s] Level 1:colcon.colcon_core.package_identification:_identify(src/vision_opencv) by extension 'colcon_meta'
[0.889s] Level 1:colcon.colcon_core.package_identification:_identify(src/vision_opencv) by extensions ['ros']
[0.889s] Level 1:colcon.colcon_core.package_identification:_identify(src/vision_opencv) by extension 'ros'
[0.889s] Level 1:colcon.colcon_core.package_identification:_identify(src/vision_opencv) by extensions ['cmake', 'python']
[0.889s] Level 1:colcon.colcon_core.package_identification:_identify(src/vision_opencv) by extension 'cmake'
[0.889s] Level 1:colcon.colcon_core.package_identification:_identify(src/vision_opencv) by extension 'python'
[0.889s] Level 1:colcon.colcon_core.package_identification:_identify(src/vision_opencv) by extensions ['python_setup_py']
[0.889s] Level 1:colcon.colcon_core.package_identification:_identify(src/vision_opencv) by extension 'python_setup_py'
[0.890s] Level 1:colcon.colcon_core.package_identification:_identify(src/vision_opencv/cv_bridge) by extensions ['ignore', 'ignore_ament_install']
[0.890s] Level 1:colcon.colcon_core.package_identification:_identify(src/vision_opencv/cv_bridge) by extension 'ignore'
[0.890s] Level 1:colcon.colcon_core.package_identification:_identify(src/vision_opencv/cv_bridge) by extension 'ignore_ament_install'
[0.890s] Level 1:colcon.colcon_core.package_identification:_identify(src/vision_opencv/cv_bridge) by extensions ['colcon_pkg']
[0.890s] Level 1:colcon.colcon_core.package_identification:_identify(src/vision_opencv/cv_bridge) by extension 'colcon_pkg'
[0.890s] Level 1:colcon.colcon_core.package_identification:_identify(src/vision_opencv/cv_bridge) by extensions ['colcon_meta']
[0.890s] Level 1:colcon.colcon_core.package_identification:_identify(src/vision_opencv/cv_bridge) by extension 'colcon_meta'
[0.890s] Level 1:colcon.colcon_core.package_identification:_identify(src/vision_opencv/cv_bridge) by extensions ['ros']
[0.890s] Level 1:colcon.colcon_core.package_identification:_identify(src/vision_opencv/cv_bridge) by extension 'ros'
[0.892s] DEBUG:colcon.colcon_core.package_identification:Package 'src/vision_opencv/cv_bridge' with type 'ros.ament_cmake' and name 'cv_bridge'
[0.892s] Level 1:colcon.colcon_core.package_identification:_identify(src/vision_opencv/image_geometry) by extensions ['ignore', 'ignore_ament_install']
[0.893s] Level 1:colcon.colcon_core.package_identification:_identify(src/vision_opencv/image_geometry) by extension 'ignore'
[0.893s] Level 1:colcon.colcon_core.package_identification:_identify(src/vision_opencv/image_geometry) by extension 'ignore_ament_install'
[0.893s] Level 1:colcon.colcon_core.package_identification:_identify(src/vision_opencv/image_geometry) by extensions ['colcon_pkg']
[0.893s] Level 1:colcon.colcon_core.package_identification:_identify(src/vision_opencv/image_geometry) by extension 'colcon_pkg'
[0.893s] Level 1:colcon.colcon_core.package_identification:_identify(src/vision_opencv/image_geometry) by extensions ['colcon_meta']
[0.893s] Level 1:colcon.colcon_core.package_identification:_identify(src/vision_opencv/image_geometry) by extension 'colcon_meta'
[0.893s] Level 1:colcon.colcon_core.package_identification:_identify(src/vision_opencv/image_geometry) by extensions ['ros']
[0.893s] Level 1:colcon.colcon_core.package_identification:_identify(src/vision_opencv/image_geometry) by extension 'ros'
[0.895s] DEBUG:colcon.colcon_core.package_identification:Package 'src/vision_opencv/image_geometry' with type 'ros.ament_cmake' and name 'image_geometry'
[0.895s] Level 1:colcon.colcon_core.package_identification:_identify(src/vision_opencv/opencv_tests) by extensions ['ignore', 'ignore_ament_install']
[0.895s] Level 1:colcon.colcon_core.package_identification:_identify(src/vision_opencv/opencv_tests) by extension 'ignore'
[0.895s] Level 1:colcon.colcon_core.package_identification:_identify(src/vision_opencv/opencv_tests) by extension 'ignore_ament_install'
[0.895s] Level 1:colcon.colcon_core.package_identification:_identify(src/vision_opencv/opencv_tests) by extensions ['colcon_pkg']
[0.895s] Level 1:colcon.colcon_core.package_identification:_identify(src/vision_opencv/opencv_tests) by extension 'colcon_pkg'
[0.896s] Level 1:colcon.colcon_core.package_identification:_identify(src/vision_opencv/opencv_tests) by extensions ['colcon_meta']
[0.896s] Level 1:colcon.colcon_core.package_identification:_identify(src/vision_opencv/opencv_tests) by extension 'colcon_meta'
[0.896s] Level 1:colcon.colcon_core.package_identification:_identify(src/vision_opencv/opencv_tests) by extensions ['ros']
[0.896s] Level 1:colcon.colcon_core.package_identification:_identify(src/vision_opencv/opencv_tests) by extension 'ros'
[0.897s] DEBUG:colcon.colcon_core.package_identification:Package 'src/vision_opencv/opencv_tests' with type 'ros.ament_python' and name 'opencv_tests'
[0.897s] Level 1:colcon.colcon_core.package_identification:_identify(src/vision_opencv/vision_opencv) by extensions ['ignore', 'ignore_ament_install']
[0.897s] Level 1:colcon.colcon_core.package_identification:_identify(src/vision_opencv/vision_opencv) by extension 'ignore'
[0.897s] Level 1:colcon.colcon_core.package_identification:_identify(src/vision_opencv/vision_opencv) by extension 'ignore_ament_install'
[0.897s] Level 1:colcon.colcon_core.package_identification:_identify(src/vision_opencv/vision_opencv) by extensions ['colcon_pkg']
[0.897s] Level 1:colcon.colcon_core.package_identification:_identify(src/vision_opencv/vision_opencv) by extension 'colcon_pkg'
[0.898s] Level 1:colcon.colcon_core.package_identification:_identify(src/vision_opencv/vision_opencv) by extensions ['colcon_meta']
[0.898s] Level 1:colcon.colcon_core.package_identification:_identify(src/vision_opencv/vision_opencv) by extension 'colcon_meta'
[0.898s] Level 1:colcon.colcon_core.package_identification:_identify(src/vision_opencv/vision_opencv) by extensions ['ros']
[0.898s] Level 1:colcon.colcon_core.package_identification:_identify(src/vision_opencv/vision_opencv) by extension 'ros'
[0.899s] DEBUG:colcon.colcon_core.package_identification:Package 'src/vision_opencv/vision_opencv' with type 'ros.ament_cmake' and name 'vision_opencv'
[0.899s] Level 1:colcon.colcon_core.package_identification:_identify(workspace) by extensions ['ignore', 'ignore_ament_install']
[0.899s] Level 1:colcon.colcon_core.package_identification:_identify(workspace) by extension 'ignore'
[0.899s] Level 1:colcon.colcon_core.package_identification:_identify(workspace) by extension 'ignore_ament_install'
[0.899s] Level 1:colcon.colcon_core.package_identification:_identify(workspace) by extensions ['colcon_pkg']
[0.900s] Level 1:colcon.colcon_core.package_identification:_identify(workspace) by extension 'colcon_pkg'
[0.900s] Level 1:colcon.colcon_core.package_identification:_identify(workspace) by extensions ['colcon_meta']
[0.900s] Level 1:colcon.colcon_core.package_identification:_identify(workspace) by extension 'colcon_meta'
[0.900s] Level 1:colcon.colcon_core.package_identification:_identify(workspace) by extensions ['ros']
[0.900s] Level 1:colcon.colcon_core.package_identification:_identify(workspace) by extension 'ros'
[0.900s] Level 1:colcon.colcon_core.package_identification:_identify(workspace) by extensions ['cmake', 'python']
[0.900s] Level 1:colcon.colcon_core.package_identification:_identify(workspace) by extension 'cmake'
[0.900s] Level 1:colcon.colcon_core.package_identification:_identify(workspace) by extension 'python'
[0.900s] Level 1:colcon.colcon_core.package_identification:_identify(workspace) by extensions ['python_setup_py']
[0.900s] Level 1:colcon.colcon_core.package_identification:_identify(workspace) by extension 'python_setup_py'
[0.901s] Level 1:colcon.colcon_core.package_identification:_identify(workspace/opencv-4.10.0) by extensions ['ignore', 'ignore_ament_install']
[0.901s] Level 1:colcon.colcon_core.package_identification:_identify(workspace/opencv-4.10.0) by extension 'ignore'
[0.901s] Level 1:colcon.colcon_core.package_identification:_identify(workspace/opencv-4.10.0) ignored
[0.901s] Level 1:colcon.colcon_core.package_identification:_identify(workspace/opencv_contrib-4.10.0) by extensions ['ignore', 'ignore_ament_install']
[0.901s] Level 1:colcon.colcon_core.package_identification:_identify(workspace/opencv_contrib-4.10.0) by extension 'ignore'
[0.901s] Level 1:colcon.colcon_core.package_identification:_identify(workspace/opencv_contrib-4.10.0) ignored
[0.902s] Level 1:colcon.colcon_core.package_discovery:discover_packages(recursive) using defaults
[0.902s] Level 1:colcon.colcon_core.package_discovery:discover_packages(ignore) discover
[0.902s] Level 1:colcon.colcon_core.package_discovery:discover_packages(ignore) using defaults
[0.902s] Level 1:colcon.colcon_core.package_discovery:discover_packages(path) discover
[0.902s] Level 1:colcon.colcon_core.package_discovery:discover_packages(path) using defaults
[0.972s] INFO:colcon.colcon_core.package_selection:Skipping not selected package 'cv_bridge' in 'src/vision_opencv/cv_bridge'
[0.972s] INFO:colcon.colcon_core.package_selection:Skipping not selected package 'depthai_descriptions' in 'src/depthai-ros/depthai_descriptions'
[0.972s] INFO:colcon.colcon_core.package_selection:Skipping not selected package 'depthai_ros_msgs' in 'src/depthai-ros/depthai_ros_msgs'
[0.972s] INFO:colcon.colcon_core.package_selection:Skipping not selected package 'global_fusion' in 'src/VINS-Fusion-ROS2-humble/global_fusion'
[0.972s] INFO:colcon.colcon_core.package_selection:Skipping not selected package 'image_geometry' in 'src/vision_opencv/image_geometry'
[0.972s] INFO:colcon.colcon_core.package_selection:Skipping not selected package 'rtabmap_costmap_plugins' in 'src/rtabmap_ros/rtabmap_costmap_plugins'
[0.972s] INFO:colcon.colcon_core.package_selection:Skipping not selected package 'rtabmap_msgs' in 'src/rtabmap_ros/rtabmap_msgs'
[0.972s] INFO:colcon.colcon_core.package_selection:Skipping not selected package 'rtabmap_python' in 'src/rtabmap_ros/rtabmap_python'
[0.972s] INFO:colcon.colcon_core.package_selection:Skipping not selected package 'camera_models' in 'src/VINS-Fusion-ROS2-humble/camera_models'
[0.972s] INFO:colcon.colcon_core.package_selection:Skipping not selected package 'depthai_bridge' in 'src/depthai-ros/depthai_bridge'
[0.972s] INFO:colcon.colcon_core.package_selection:Skipping not selected package 'depthai_filters' in 'src/depthai-ros/depthai_filters'
[0.973s] INFO:colcon.colcon_core.package_selection:Skipping not selected package 'opencv_tests' in 'src/vision_opencv/opencv_tests'
[0.973s] INFO:colcon.colcon_core.package_selection:Skipping not selected package 'rtabmap' in 'src/rtabmap'
[0.973s] INFO:colcon.colcon_core.package_selection:Skipping not selected package 'rtabmap_odom_cuda' in 'rtabmap_odom_cuda'
[0.973s] INFO:colcon.colcon_core.package_selection:Skipping not selected package 'vision_opencv' in 'src/vision_opencv/vision_opencv'
[0.973s] INFO:colcon.colcon_core.package_selection:Skipping not selected package 'depthai_examples' in 'src/depthai-ros/depthai_examples'
[0.973s] INFO:colcon.colcon_core.package_selection:Skipping not selected package 'loop_fusion' in 'src/VINS-Fusion-ROS2-humble/loop_fusion'
[0.973s] INFO:colcon.colcon_core.package_selection:Skipping not selected package 'rtabmap_conversions' in 'src/rtabmap_ros/rtabmap_conversions'
[0.973s] INFO:colcon.colcon_core.package_selection:Skipping not selected package 'vins' in 'src/VINS-Fusion-ROS2-humble/vins'
[0.973s] INFO:colcon.colcon_core.package_selection:Skipping not selected package 'depthai_ros_driver' in 'src/depthai-ros/depthai_ros_driver'
[0.973s] INFO:colcon.colcon_core.package_selection:Skipping not selected package 'rtabmap_rviz_plugins' in 'src/rtabmap_ros/rtabmap_rviz_plugins'
[0.973s] INFO:colcon.colcon_core.package_selection:Skipping not selected package 'rtabmap_sync' in 'src/rtabmap_ros/rtabmap_sync'
[0.973s] INFO:colcon.colcon_core.package_selection:Skipping not selected package 'depthai-ros' in 'src/depthai-ros/depthai-ros'
[0.973s] INFO:colcon.colcon_core.package_selection:Skipping not selected package 'rtabmap_util' in 'src/rtabmap_ros/rtabmap_util'
[0.973s] INFO:colcon.colcon_core.package_selection:Skipping not selected package 'rtabmap_viz' in 'src/rtabmap_ros/rtabmap_viz'
[0.973s] INFO:colcon.colcon_core.package_selection:Skipping not selected package 'rtabmap_odom' in 'src/rtabmap_ros/rtabmap_odom'
[0.973s] INFO:colcon.colcon_core.package_selection:Skipping not selected package 'rtabmap_slam' in 'src/rtabmap_ros/rtabmap_slam'
[0.973s] INFO:colcon.colcon_core.package_selection:Skipping not selected package 'rtabmap_demos' in 'src/rtabmap_ros/rtabmap_demos'
[0.973s] INFO:colcon.colcon_core.package_selection:Skipping not selected package 'rtabmap_examples' in 'src/rtabmap_ros/rtabmap_examples'
[0.973s] INFO:colcon.colcon_core.package_selection:Skipping not selected package 'rtabmap_launch' in 'src/rtabmap_ros/rtabmap_launch'
[0.974s] INFO:colcon.colcon_core.package_selection:Skipping not selected package 'rtabmap_ros' in 'src/rtabmap_ros/rtabmap_ros'
[0.974s] Level 1:colcon.colcon_core.package_discovery:discover_packages(prefix_path) check parameters
[0.975s] Level 1:colcon.colcon_core.package_discovery:discover_packages(prefix_path) discover
[0.976s] WARNING:colcon.colcon_ros.prefix_path.ament:The path '/home/group7/Desktop/VIO_autonomous_drone/ros2_ws/install/vio_perception_pipeline' in the environment variable AMENT_PREFIX_PATH doesn't exist
[0.981s] DEBUG:colcon.colcon_installed_package_information.package_discovery:Found 14 installed packages in /home/group7/Desktop/VIO_autonomous_drone/ros2_ws/install
[0.982s] DEBUG:colcon.colcon_installed_package_information.package_discovery:Found 5 installed packages in /home/group7/Desktop/Autonomous-Drone/ros2_ws/install
[0.985s] DEBUG:colcon.colcon_installed_package_information.package_discovery:Found 386 installed packages in /opt/ros/humble
[0.989s] Level 1:colcon.colcon_core.package_discovery:discover_packages(prefix_path) using defaults
[1.088s] Level 5:colcon.colcon_core.verb:set package 'vio_perception_pipeline' build argument 'cmake_args' from command line to 'None'
[1.088s] Level 5:colcon.colcon_core.verb:set package 'vio_perception_pipeline' build argument 'cmake_target' from command line to 'None'
[1.088s] Level 5:colcon.colcon_core.verb:set package 'vio_perception_pipeline' build argument 'cmake_target_skip_unavailable' from command line to 'False'
[1.088s] Level 5:colcon.colcon_core.verb:set package 'vio_perception_pipeline' build argument 'cmake_clean_cache' from command line to 'False'
[1.088s] Level 5:colcon.colcon_core.verb:set package 'vio_perception_pipeline' build argument 'cmake_clean_first' from command line to 'False'
[1.089s] Level 5:colcon.colcon_core.verb:set package 'vio_perception_pipeline' build argument 'cmake_force_configure' from command line to 'False'
[1.089s] Level 5:colcon.colcon_core.verb:set package 'vio_perception_pipeline' build argument 'ament_cmake_args' from command line to 'None'
[1.089s] Level 5:colcon.colcon_core.verb:set package 'vio_perception_pipeline' build argument 'catkin_cmake_args' from command line to 'None'
[1.089s] Level 5:colcon.colcon_core.verb:set package 'vio_perception_pipeline' build argument 'catkin_skip_building_tests' from command line to 'False'
[1.089s] DEBUG:colcon.colcon_core.verb:Building package 'vio_perception_pipeline' with the following arguments: {'ament_cmake_args': None, 'build_base': '/home/group7/Desktop/VIO_autonomous_drone/ros2_ws/build/vio_perception_pipeline', 'catkin_cmake_args': None, 'catkin_skip_building_tests': False, 'cmake_args': None, 'cmake_clean_cache': False, 'cmake_clean_first': False, 'cmake_force_configure': False, 'cmake_target': None, 'cmake_target_skip_unavailable': False, 'install_base': '/home/group7/Desktop/VIO_autonomous_drone/ros2_ws/install/vio_perception_pipeline', 'merge_install': False, 'path': '/home/group7/Desktop/VIO_autonomous_drone/ros2_ws/src/vio_perception_pipeline', 'symlink_install': True, 'test_result_base': None}
[1.089s] INFO:colcon.colcon_core.executor:Executing jobs using 'parallel' executor
[1.092s] DEBUG:colcon.colcon_parallel_executor.executor.parallel:run_until_complete
[1.092s] INFO:colcon.colcon_ros.task.ament_python.build:Building ROS package in '/home/group7/Desktop/VIO_autonomous_drone/ros2_ws/src/vio_perception_pipeline' with build type 'ament_python'
[1.092s] Level 1:colcon.colcon_core.shell:create_environment_hook('vio_perception_pipeline', 'ament_prefix_path')
[1.098s] INFO:colcon.colcon_core.plugin_system:Skipping extension 'colcon_core.shell.bat': Not used on non-Windows systems
[1.098s] INFO:colcon.colcon_core.shell:Creating environment hook '/home/group7/Desktop/VIO_autonomous_drone/ros2_ws/install/vio_perception_pipeline/share/vio_perception_pipeline/hook/ament_prefix_path.ps1'
[1.100s] INFO:colcon.colcon_core.shell:Creating environment descriptor '/home/group7/Desktop/VIO_autonomous_drone/ros2_ws/install/vio_perception_pipeline/share/vio_perception_pipeline/hook/ament_prefix_path.dsv'
[1.101s] INFO:colcon.colcon_core.shell:Creating environment hook '/home/group7/Desktop/VIO_autonomous_drone/ros2_ws/install/vio_perception_pipeline/share/vio_perception_pipeline/hook/ament_prefix_path.sh'
[1.103s] INFO:colcon.colcon_core.shell:Skip shell extension 'powershell' for command environment: Not usable outside of PowerShell
[1.103s] DEBUG:colcon.colcon_core.shell:Skip shell extension 'dsv' for command environment
[1.112s] WARNING:colcon.colcon_core.shell:The following packages are in the workspace but haven't been built:
- cv_bridge
- depthai_ros_msgs
- image_geometry
- rtabmap_msgs
- depthai_bridge
- depthai_examples
- depthai_ros_driver
- rtabmap_rviz_plugins
- rtabmap_sync
- rtabmap_demos
- rtabmap_examples
- rtabmap_launch
They are being used from the following locations instead:
- /opt/ros/humble
- /opt/ros/humble
- /opt/ros/humble
- /opt/ros/humble
- /opt/ros/humble
- /opt/ros/humble
- /opt/ros/humble
- /opt/ros/humble
- /opt/ros/humble
- /opt/ros/humble
- /opt/ros/humble
- /opt/ros/humble
To suppress this warning ignore these packages in the workspace:
--packages-ignore cv_bridge depthai_ros_msgs image_geometry rtabmap_msgs depthai_bridge depthai_examples depthai_ros_driver rtabmap_rviz_plugins rtabmap_sync rtabmap_demos rtabmap_examples rtabmap_launch
[1.715s] INFO:colcon.colcon_core.task.python.build:Building Python package in '/home/group7/Desktop/VIO_autonomous_drone/ros2_ws/src/vio_perception_pipeline'
[1.716s] INFO:colcon.colcon_core.shell:Skip shell extension 'powershell' for command environment: Not usable outside of PowerShell
[1.716s] DEBUG:colcon.colcon_core.shell:Skip shell extension 'dsv' for command environment
[2.516s] DEBUG:colcon.colcon_core.event_handler.log_command:Invoking command in '/home/group7/Desktop/VIO_autonomous_drone/ros2_ws/build/vio_perception_pipeline': AMENT_PREFIX_PATH=/home/group7/Desktop/VIO_autonomous_drone/ros2_ws/install/rtabmap_python:/home/group7/Desktop/VIO_autonomous_drone/ros2_ws/install/vio_perception_pipeline:/home/group7/Desktop/VIO_autonomous_drone/ros2_ws/install/vins:/home/group7/Desktop/VIO_autonomous_drone/ros2_ws/install/rtabmap_ros:/home/group7/Desktop/VIO_autonomous_drone/ros2_ws/install/rtabmap_viz:/home/group7/Desktop/VIO_autonomous_drone/ros2_ws/install/rtabmap_slam:/home/group7/Desktop/VIO_autonomous_drone/ros2_ws/install/rtabmap_odom:/home/group7/Desktop/VIO_autonomous_drone/ros2_ws/install/rtabmap_util:/home/group7/Desktop/VIO_autonomous_drone/ros2_ws/install/rtabmap_costmap_plugins:/home/group7/Desktop/VIO_autonomous_drone/ros2_ws/install/rtabmap_conversions:/home/group7/Desktop/VIO_autonomous_drone/ros2_ws/install/loop_fusion:/home/group7/Desktop/VIO_autonomous_drone/ros2_ws/install/depthai_descriptions:/home/group7/Desktop/VIO_autonomous_drone/ros2_ws/install/camera_models:/home/group7/Desktop/Autonomous-Drone/ros2_ws/install/vio_perception:/home/group7/Desktop/Autonomous-Drone/ros2_ws/install/vio_mavlink_bridge:/home/group7/Desktop/Autonomous-Drone/ros2_ws/install/vio_bringup:/home/group7/Desktop/Autonomous-Drone/ros2_ws/install/orbslam3_bridge:/home/group7/Desktop/Autonomous-Drone/ros2_ws/install/depthai_cam:/opt/ros/humble CMAKE_PREFIX_PATH=/home/group7/Desktop/VIO_autonomous_drone/ros2_ws/install/rtabmap_ros:/home/group7/Desktop/VIO_autonomous_drone/ros2_ws/install/rtabmap_slam:/home/group7/Desktop/VIO_autonomous_drone/ros2_ws/install/rtabmap_odom:/home/group7/Desktop/VIO_autonomous_drone/ros2_ws/install/rtabmap_viz:/home/group7/Desktop/VIO_autonomous_drone/ros2_ws/install/rtabmap_util:/home/group7/Desktop/VIO_autonomous_drone/ros2_ws/install/rtabmap_conversions:/home/group7/Desktop/VIO_autonomous_drone/ros2_ws/install/rtabmap:/home/group7/Desktop/VIO_autonomous_drone/ros2_ws/install/rtabmap_costmap_plugins:/home/group7/Desktop/VIO_autonomous_drone/ros2_ws/install/depthai_descriptions:/home/group7/Desktop/VIO_autonomous_drone/ros2_ws/install/vins:/home/group7/Desktop/VIO_autonomous_drone/ros2_ws/install/loop_fusion:/home/group7/Desktop/VIO_autonomous_drone/ros2_ws/install/camera_models:/home/group7/Desktop/Autonomous-Drone/ros2_ws/install/vio_mavlink_bridge:/home/group7/Desktop/Autonomous-Drone/ros2_ws/install/vio_bringup:/home/group7/Desktop/Autonomous-Drone/ros2_ws/install/orbslam3_bridge GAZEBO_MODEL_PATH=/home/group7/Desktop/VIO_autonomous_drone/ros2_ws/install/depthai_descriptions:${GAZEBO_MODEL_PATH} GAZEBO_RESOURCE_PATH=/home/group7/Desktop/VIO_autonomous_drone/ros2_ws/install/depthai_descriptions:${GAZEBO_RESOURCE_PATH} IGN_GAZEBO_MODEL_PATH=/home/group7/Desktop/VIO_autonomous_drone/ros2_ws/install/depthai_descriptions:${IGN_GAZEBO_MODEL_PATH} IGN_GAZEBO_RESOURCE_PATH=/home/group7/Desktop/VIO_autonomous_drone/ros2_ws/install/depthai_descriptions:${IGN_GAZEBO_RESOURCE_PATH} LD_LIBRARY_PATH=/home/group7/Desktop/VIO_autonomous_drone/ros2_ws/install/rtabmap_slam/lib:/home/group7/Desktop/VIO_autonomous_drone/ros2_ws/install/rtabmap_odom/lib:/home/group7/Desktop/VIO_autonomous_drone/ros2_ws/install/rtabmap_util/lib:/home/group7/Desktop/VIO_autonomous_drone/ros2_ws/install/rtabmap_conversions/lib:/home/group7/Desktop/VIO_autonomous_drone/ros2_ws/install/rtabmap/lib:/home/group7/Desktop/VIO_autonomous_drone/ros2_ws/install/rtabmap_costmap_plugins/lib:/usr/local/cuda/lib64:/usr/local/cuda/lib64:/usr/local/lib:/usr/local/cuda/lib64:/home/group7/Desktop/VIO_autonomous_drone/ros2_ws/install/camera_models/lib:/opt/ros/humble/opt/rviz_ogre_vendor/lib:/opt/ros/humble/lib/aarch64-linux-gnu:/opt/ros/humble/lib:/home/group7/Desktop/Autonomous-Drone/ros2_ws/src/external/ORB_SLAM3/lib PATH=/home/group7/Desktop/VIO_autonomous_drone/ros2_ws/install/rtabmap/bin:/home/group7/.local/bin:/usr/local/cuda/bin:/usr/local/cuda/bin:/usr/local/cuda/bin:/home/group7/Desktop/VIO_autonomous_drone/ros2_ws/install/camera_models/bin:/opt/ros/humble/bin:/usr/local/sbin:/usr/local/bin:/usr/sbin:/usr/bin:/sbin:/bin:/usr/games:/usr/local/games:/snap/bin PYTHONPATH=/home/group7/Desktop/VIO_autonomous_drone/ros2_ws/build/vio_perception_pipeline/prefix_override:/usr/lib/python3/dist-packages/colcon_core/task/python/colcon_distutils_commands:/home/group7/Desktop/VIO_autonomous_drone/ros2_ws/install/vio_perception_pipeline/lib/python3.10/site-packages:/home/group7/Desktop/VIO_autonomous_drone/ros2_ws/install/rtabmap_python/lib/python3.10/site-packages:/home/group7/Desktop/VIO_autonomous_drone/ros2_ws/install/vio_perception_pipeline/lib/python3.10/site-packages:/home/group7/Desktop/Autonomous-Drone/ros2_ws/install/vio_perception/lib/python3.10/site-packages:/home/group7/Desktop/Autonomous-Drone/ros2_ws/install/depthai_cam/lib/python3.10/site-packages:/opt/ros/humble/lib/python3.10/site-packages:/opt/ros/humble/local/lib/python3.10/dist-packages /usr/bin/python3 -W ignore:setup.py install is deprecated -W ignore:easy_install command is deprecated setup.py develop --editable --build-directory /home/group7/Desktop/VIO_autonomous_drone/ros2_ws/build/vio_perception_pipeline/build --no-deps symlink_data
[3.578s] Level 1:colcon.colcon_core.shell:create_environment_hook('vio_perception_pipeline', 'pythonpath_develop')
[3.579s] INFO:colcon.colcon_core.shell:Creating environment hook '/home/group7/Desktop/VIO_autonomous_drone/ros2_ws/build/vio_perception_pipeline/share/vio_perception_pipeline/hook/pythonpath_develop.ps1'
[3.580s] DEBUG:colcon.colcon_core.event_handler.log_command:Invoked command in '/home/group7/Desktop/VIO_autonomous_drone/ros2_ws/build/vio_perception_pipeline' returned '0': AMENT_PREFIX_PATH=/home/group7/Desktop/VIO_autonomous_drone/ros2_ws/install/rtabmap_python:/home/group7/Desktop/VIO_autonomous_drone/ros2_ws/install/vio_perception_pipeline:/home/group7/Desktop/VIO_autonomous_drone/ros2_ws/install/vins:/home/group7/Desktop/VIO_autonomous_drone/ros2_ws/install/rtabmap_ros:/home/group7/Desktop/VIO_autonomous_drone/ros2_ws/install/rtabmap_viz:/home/group7/Desktop/VIO_autonomous_drone/ros2_ws/install/rtabmap_slam:/home/group7/Desktop/VIO_autonomous_drone/ros2_ws/install/rtabmap_odom:/home/group7/Desktop/VIO_autonomous_drone/ros2_ws/install/rtabmap_util:/home/group7/Desktop/VIO_autonomous_drone/ros2_ws/install/rtabmap_costmap_plugins:/home/group7/Desktop/VIO_autonomous_drone/ros2_ws/install/rtabmap_conversions:/home/group7/Desktop/VIO_autonomous_drone/ros2_ws/install/loop_fusion:/home/group7/Desktop/VIO_autonomous_drone/ros2_ws/install/depthai_descriptions:/home/group7/Desktop/VIO_autonomous_drone/ros2_ws/install/camera_models:/home/group7/Desktop/Autonomous-Drone/ros2_ws/install/vio_perception:/home/group7/Desktop/Autonomous-Drone/ros2_ws/install/vio_mavlink_bridge:/home/group7/Desktop/Autonomous-Drone/ros2_ws/install/vio_bringup:/home/group7/Desktop/Autonomous-Drone/ros2_ws/install/orbslam3_bridge:/home/group7/Desktop/Autonomous-Drone/ros2_ws/install/depthai_cam:/opt/ros/humble CMAKE_PREFIX_PATH=/home/group7/Desktop/VIO_autonomous_drone/ros2_ws/install/rtabmap_ros:/home/group7/Desktop/VIO_autonomous_drone/ros2_ws/install/rtabmap_slam:/home/group7/Desktop/VIO_autonomous_drone/ros2_ws/install/rtabmap_odom:/home/group7/Desktop/VIO_autonomous_drone/ros2_ws/install/rtabmap_viz:/home/group7/Desktop/VIO_autonomous_drone/ros2_ws/install/rtabmap_util:/home/group7/Desktop/VIO_autonomous_drone/ros2_ws/install/rtabmap_conversions:/home/group7/Desktop/VIO_autonomous_drone/ros2_ws/install/rtabmap:/home/group7/Desktop/VIO_autonomous_drone/ros2_ws/install/rtabmap_costmap_plugins:/home/group7/Desktop/VIO_autonomous_drone/ros2_ws/install/depthai_descriptions:/home/group7/Desktop/VIO_autonomous_drone/ros2_ws/install/vins:/home/group7/Desktop/VIO_autonomous_drone/ros2_ws/install/loop_fusion:/home/group7/Desktop/VIO_autonomous_drone/ros2_ws/install/camera_models:/home/group7/Desktop/Autonomous-Drone/ros2_ws/install/vio_mavlink_bridge:/home/group7/Desktop/Autonomous-Drone/ros2_ws/install/vio_bringup:/home/group7/Desktop/Autonomous-Drone/ros2_ws/install/orbslam3_bridge GAZEBO_MODEL_PATH=/home/group7/Desktop/VIO_autonomous_drone/ros2_ws/install/depthai_descriptions:${GAZEBO_MODEL_PATH} GAZEBO_RESOURCE_PATH=/home/group7/Desktop/VIO_autonomous_drone/ros2_ws/install/depthai_descriptions:${GAZEBO_RESOURCE_PATH} IGN_GAZEBO_MODEL_PATH=/home/group7/Desktop/VIO_autonomous_drone/ros2_ws/install/depthai_descriptions:${IGN_GAZEBO_MODEL_PATH} IGN_GAZEBO_RESOURCE_PATH=/home/group7/Desktop/VIO_autonomous_drone/ros2_ws/install/depthai_descriptions:${IGN_GAZEBO_RESOURCE_PATH} LD_LIBRARY_PATH=/home/group7/Desktop/VIO_autonomous_drone/ros2_ws/install/rtabmap_slam/lib:/home/group7/Desktop/VIO_autonomous_drone/ros2_ws/install/rtabmap_odom/lib:/home/group7/Desktop/VIO_autonomous_drone/ros2_ws/install/rtabmap_util/lib:/home/group7/Desktop/VIO_autonomous_drone/ros2_ws/install/rtabmap_conversions/lib:/home/group7/Desktop/VIO_autonomous_drone/ros2_ws/install/rtabmap/lib:/home/group7/Desktop/VIO_autonomous_drone/ros2_ws/install/rtabmap_costmap_plugins/lib:/usr/local/cuda/lib64:/usr/local/cuda/lib64:/usr/local/lib:/usr/local/cuda/lib64:/home/group7/Desktop/VIO_autonomous_drone/ros2_ws/install/camera_models/lib:/opt/ros/humble/opt/rviz_ogre_vendor/lib:/opt/ros/humble/lib/aarch64-linux-gnu:/opt/ros/humble/lib:/home/group7/Desktop/Autonomous-Drone/ros2_ws/src/external/ORB_SLAM3/lib PATH=/home/group7/Desktop/VIO_autonomous_drone/ros2_ws/install/rtabmap/bin:/home/group7/.local/bin:/usr/local/cuda/bin:/usr/local/cuda/bin:/usr/local/cuda/bin:/home/group7/Desktop/VIO_autonomous_drone/ros2_ws/install/camera_models/bin:/opt/ros/humble/bin:/usr/local/sbin:/usr/local/bin:/usr/sbin:/usr/bin:/sbin:/bin:/usr/games:/usr/local/games:/snap/bin PYTHONPATH=/home/group7/Desktop/VIO_autonomous_drone/ros2_ws/build/vio_perception_pipeline/prefix_override:/usr/lib/python3/dist-packages/colcon_core/task/python/colcon_distutils_commands:/home/group7/Desktop/VIO_autonomous_drone/ros2_ws/install/vio_perception_pipeline/lib/python3.10/site-packages:/home/group7/Desktop/VIO_autonomous_drone/ros2_ws/install/rtabmap_python/lib/python3.10/site-packages:/home/group7/Desktop/VIO_autonomous_drone/ros2_ws/install/vio_perception_pipeline/lib/python3.10/site-packages:/home/group7/Desktop/Autonomous-Drone/ros2_ws/install/vio_perception/lib/python3.10/site-packages:/home/group7/Desktop/Autonomous-Drone/ros2_ws/install/depthai_cam/lib/python3.10/site-packages:/opt/ros/humble/lib/python3.10/site-packages:/opt/ros/humble/local/lib/python3.10/dist-packages /usr/bin/python3 -W ignore:setup.py install is deprecated -W ignore:easy_install command is deprecated setup.py develop --editable --build-directory /home/group7/Desktop/VIO_autonomous_drone/ros2_ws/build/vio_perception_pipeline/build --no-deps symlink_data
[3.582s] INFO:colcon.colcon_core.shell:Creating environment descriptor '/home/group7/Desktop/VIO_autonomous_drone/ros2_ws/build/vio_perception_pipeline/share/vio_perception_pipeline/hook/pythonpath_develop.dsv'
[3.583s] INFO:colcon.colcon_core.shell:Creating environment hook '/home/group7/Desktop/VIO_autonomous_drone/ros2_ws/build/vio_perception_pipeline/share/vio_perception_pipeline/hook/pythonpath_develop.sh'
[3.594s] Level 1:colcon.colcon_core.environment:checking '/home/group7/Desktop/VIO_autonomous_drone/ros2_ws/install/vio_perception_pipeline' for CMake module files
[3.596s] Level 1:colcon.colcon_core.environment:checking '/home/group7/Desktop/VIO_autonomous_drone/ros2_ws/install/vio_perception_pipeline' for CMake config files
[3.600s] Level 1:colcon.colcon_core.environment:checking '/home/group7/Desktop/VIO_autonomous_drone/ros2_ws/install/vio_perception_pipeline/lib'
[3.600s] Level 1:colcon.colcon_core.environment:checking '/home/group7/Desktop/VIO_autonomous_drone/ros2_ws/install/vio_perception_pipeline/bin'
[3.601s] Level 1:colcon.colcon_core.environment:checking '/home/group7/Desktop/VIO_autonomous_drone/ros2_ws/install/vio_perception_pipeline/lib/pkgconfig/vio_perception_pipeline.pc'
[3.602s] Level 1:colcon.colcon_core.environment:checking '/home/group7/Desktop/VIO_autonomous_drone/ros2_ws/install/vio_perception_pipeline/lib/python3.10/site-packages'
[3.602s] Level 1:colcon.colcon_core.shell:create_environment_hook('vio_perception_pipeline', 'pythonpath')
[3.603s] INFO:colcon.colcon_core.shell:Creating environment hook '/home/group7/Desktop/VIO_autonomous_drone/ros2_ws/install/vio_perception_pipeline/share/vio_perception_pipeline/hook/pythonpath.ps1'
[3.605s] INFO:colcon.colcon_core.shell:Creating environment descriptor '/home/group7/Desktop/VIO_autonomous_drone/ros2_ws/install/vio_perception_pipeline/share/vio_perception_pipeline/hook/pythonpath.dsv'
[3.607s] INFO:colcon.colcon_core.shell:Creating environment hook '/home/group7/Desktop/VIO_autonomous_drone/ros2_ws/install/vio_perception_pipeline/share/vio_perception_pipeline/hook/pythonpath.sh'
[3.609s] Level 1:colcon.colcon_core.environment:checking '/home/group7/Desktop/VIO_autonomous_drone/ros2_ws/install/vio_perception_pipeline/bin'
[3.610s] Level 1:colcon.colcon_core.environment:create_environment_scripts_only(vio_perception_pipeline)
[3.611s] INFO:colcon.colcon_core.shell:Creating package script '/home/group7/Desktop/VIO_autonomous_drone/ros2_ws/install/vio_perception_pipeline/share/vio_perception_pipeline/package.ps1'
[3.614s] INFO:colcon.colcon_core.shell:Creating package descriptor '/home/group7/Desktop/VIO_autonomous_drone/ros2_ws/install/vio_perception_pipeline/share/vio_perception_pipeline/package.dsv'
[3.617s] INFO:colcon.colcon_core.shell:Creating package script '/home/group7/Desktop/VIO_autonomous_drone/ros2_ws/install/vio_perception_pipeline/share/vio_perception_pipeline/package.sh'
[3.619s] INFO:colcon.colcon_core.shell:Creating package script '/home/group7/Desktop/VIO_autonomous_drone/ros2_ws/install/vio_perception_pipeline/share/vio_perception_pipeline/package.bash'
[3.622s] INFO:colcon.colcon_core.shell:Creating package script '/home/group7/Desktop/VIO_autonomous_drone/ros2_ws/install/vio_perception_pipeline/share/vio_perception_pipeline/package.zsh'
[3.624s] Level 1:colcon.colcon_core.environment:create_file_with_runtime_dependencies(/home/group7/Desktop/VIO_autonomous_drone/ros2_ws/install/vio_perception_pipeline/share/colcon-core/packages/vio_perception_pipeline)
[3.626s] DEBUG:colcon.colcon_parallel_executor.executor.parallel:closing loop
[3.627s] DEBUG:colcon.colcon_parallel_executor.executor.parallel:loop closed
[3.628s] DEBUG:colcon.colcon_parallel_executor.executor.parallel:run_until_complete finished with '0'
[3.628s] DEBUG:colcon.colcon_core.event_reactor:joining thread
[3.649s] INFO:colcon.colcon_core.plugin_system:Skipping extension 'colcon_notification.desktop_notification.terminal_notifier': Not used on non-Darwin systems
[3.650s] INFO:colcon.colcon_core.plugin_system:Skipping extension 'colcon_notification.desktop_notification.win32': Not used on non-Windows systems
[3.650s] INFO:colcon.colcon_notification.desktop_notification:Sending desktop notification using 'notify2'
[3.688s] DEBUG:colcon.colcon_core.event_reactor:joined thread
[3.690s] INFO:colcon.colcon_core.shell:Creating prefix script '/home/group7/Desktop/VIO_autonomous_drone/ros2_ws/install/local_setup.ps1'
[3.695s] INFO:colcon.colcon_core.shell:Creating prefix util module '/home/group7/Desktop/VIO_autonomous_drone/ros2_ws/install/_local_setup_util_ps1.py'
[3.698s] INFO:colcon.colcon_core.shell:Creating prefix chain script '/home/group7/Desktop/VIO_autonomous_drone/ros2_ws/install/setup.ps1'
[3.702s] INFO:colcon.colcon_core.shell:Creating prefix script '/home/group7/Desktop/VIO_autonomous_drone/ros2_ws/install/local_setup.sh'
[3.704s] INFO:colcon.colcon_core.shell:Creating prefix util module '/home/group7/Desktop/VIO_autonomous_drone/ros2_ws/install/_local_setup_util_sh.py'
[3.707s] INFO:colcon.colcon_core.shell:Creating prefix chain script '/home/group7/Desktop/VIO_autonomous_drone/ros2_ws/install/setup.sh'
[3.713s] INFO:colcon.colcon_core.shell:Creating prefix script '/home/group7/Desktop/VIO_autonomous_drone/ros2_ws/install/local_setup.bash'
[3.715s] INFO:colcon.colcon_core.shell:Creating prefix chain script '/home/group7/Desktop/VIO_autonomous_drone/ros2_ws/install/setup.bash'
[3.722s] INFO:colcon.colcon_core.shell:Creating prefix script '/home/group7/Desktop/VIO_autonomous_drone/ros2_ws/install/local_setup.zsh'
[3.724s] INFO:colcon.colcon_core.shell:Creating prefix chain script '/home/group7/Desktop/VIO_autonomous_drone/ros2_ws/install/setup.zsh'
